time_utc,+X_HK,-X_HK,+Y_HK,-Y_HK,+Z_HK,-Z_HK,BPB_HK,BAT_HK,COM_UHF_HK,t_s,-X_V,+Y_V,-Y_V,+Z_V,-Z_V,-X_I,+Y_I,-Y_I,+Z_I,-Z_I
2024-09-24T05:28:33Z,-25.09765625,1.7425343405796667,0.8391368708409033,-1.7610974097831154,0.2742433674195297,26.492147661764083,-0.1778212080350769,1.1235710475314704,-6.658731151293239,2231013.0,5.16510009765625,5.1055908203125,5.17578125,5.13916015625,5.194091796875,0.06703125,0.0103125,0.0721874999999999,0.020625,0.1598437499999999
2024-09-24T05:28:38Z,-24.853515625,1.6296387172555882,0.8391368708409033,-1.6479520082114547,0.2742433674195297,26.93648934859791,-0.0647925757566412,1.1235710475314704,-6.658731151293239,2231018.0,5.17120361328125,5.00946044921875,5.28564453125,5.21240234375,5.2520751953125,0.00515625,0.00515625,0.1701562499999999,0.0154687499999999,0.0464062499999999
2024-09-24T05:28:43Z,-26.86767578125,1.5167347946245575,0.7261748017696839,-1.5348149593080969,0.3872387033903379,27.49173867011948,-0.0647925757566412,1.1235710475314704,-6.658731151293239,2231023.0,5.05523681640625,4.9652099609375,5.1025390625,5.11016845703125,5.15594482421875,0.0103125,0.00515625,0.02578125,0.02578125,0.1753124999999999
2024-09-24T05:28:49Z,-27.4169921875,1.4038225708564769,0.6132044187282482,-1.5348149593080969,0.3872387033903379,27.824793524182024,0.0482277296851023,1.1235710475314704,-6.658731151293239,2231029.0,5.36956787109375,5.41534423828125,5.22918701171875,5.23834228515625,5.2276611328125,0.0464062499999999,0.1856249999999999,0.00515625,0.00515625,0.00515625
2024-09-24T05:29:01Z,-24.9755859375,1.8554216664274072,1.0650360744135234,-1.5348149593080969,0.3872387033903379,28.379727195373732,0.2742433674195297,1.1235710475314704,-6.658731151293239,2231041.0,5.15289306640625,5.0506591796875,5.23529052734375,5.18951416015625,5.22308349609375,0.0103125,0.00515625,0.1340625,0.020625,0.0773437499999999
2024-09-24T05:29:07Z,-26.9287109375,2.081171433008965,0.9520906277773022,-1.6479520082114547,0.3872387033903379,28.7125928206771,0.3872387033903379,1.1235710475314704,-6.658731151293239,2231047.0,5.12847900390625,5.20477294921875,5.157470703125,5.133056640625,5.157470703125,0.020625,0.1598437499999999,0.0309374999999999,0.0103125,0.0309374999999999
2024-09-24T05:29:13Z,-27.5390625,2.081171433008965,1.1779732125832076,-1.5348149593080969,0.2742433674195297,28.8235322762812,0.6132044187282482,1.1235710475314704,-6.658731151293239,2231053.0,4.9468994140625,5.43212890625,5.2947998046875,5.242919921875,5.2001953125,0.00515625,0.226875,0.00515625,0.0,0.00515625
2024-09-24T05:29:18Z,-26.5625,1.9683006966273917,1.5167347946245575,-1.421686261223769,0.2742433674195297,29.045387568304765,0.6132044187282482,1.1235710475314704,-6.658731151293239,2231058.0,5.24139404296875,5.0994873046875,5.05523681640625,5.19561767578125,5.224609375,0.1546874999999999,0.00515625,0.00515625,0.020625,0.0618749999999999
2024-09-24T05:29:24Z,-24.9755859375,1.9683006966273917,1.5167347946245575,-1.421686261223769,0.1612397101308467,29.37811148351346,0.7261748017696839,1.1235710475314704,-6.658731151293239,2231064.0,5.194091796875,5.15594482421875,5.2947998046875,5.2215576171875,5.22918701171875,0.00515625,0.00515625,0.20625,0.0103125,0.0154687499999999
2024-09-24T05:29:30Z,-26.13525390625,1.8554216664274072,1.5167347946245575,-1.308565912108932,0.1612397101308467,29.045387568304765,0.7261748017696839,1.1235710475314704,-6.658731151293239,2231070.0,5.07659912109375,5.07354736328125,5.09185791015625,5.096435546875,5.13916015625,0.020625,0.0154687499999999,0.02578125,0.02578125,0.1546874999999999
2024-09-24T05:29:36Z,-27.4169921875,1.9683006966273917,1.4038225708564769,-1.308565912108932,0.1612397101308467,30.04334699746215,0.8391368708409033,1.1235710475314704,-6.658731151293239,2231076.0,5.25665283203125,5.29022216796875,5.22308349609375,5.22308349609375,5.22918701171875,0.0618749999999999,0.1340625,0.0154687499999999,0.0103125,0.020625
2024-09-24T05:29:42Z,-25.76904296875,1.9683006966273917,1.5167347946245575,-1.308565912108932,0.0482277296851023,30.486680213507285,0.9520906277773022,1.1235710475314704,-6.658731151293239,2231082.0,5.36651611328125,5.1971435546875,5.0628662109375,5.255126953125,5.21392822265625,0.226875,0.00515625,0.00515625,0.00515625,0.00515625
2024-09-24T05:29:48Z,-25.03662109375,2.081171433008965,1.4038225708564769,-1.421686261223769,0.1612397101308467,30.929887852906365,1.0650360744135234,1.1235710475314704,-6.658731151293239,2231088.0,5.24139404296875,5.11627197265625,5.24444580078125,5.21392822265625,5.2215576171875,0.103125,0.00515625,0.0721874999999999,0.020625,0.0360937499999999
2024-09-24T05:29:53Z,-25.4638671875,2.194033877399203,1.2909020441202337,-1.421686261223769,0.2742433674195297,31.37297002231019,1.0650360744135234,1.1235710475314704,-6.658731151293239,2231093.0,5.07354736328125,4.95758056640625,5.0750732421875,5.0811767578125,5.1239013671875,0.0309374999999999,0.00515625,0.02578125,0.02578125,0.1546874999999999
2024-09-24T05:30:04Z,-27.9052734375,2.194033877399203,1.7425343405796667,-1.308565912108932,0.1612397101308467,31.59446408905074,1.2909020441202337,1.1235710475314704,-6.658731151293239,2231104.0,5.4107666015625,5.4534912109375,5.25054931640625,5.255126953125,5.17425537109375,0.04125,0.1546874999999999,0.00515625,0.00515625,0.00515625
2024-09-24T05:30:09Z,-25.09765625,2.194033877399203,2.194033877399203,-1.308565912108932,0.1612397101308467,31.70519937375016,1.4038225708564769,1.1235710475314704,-6.658731151293239,2231109.0,5.25054931640625,5.18646240234375,5.25665283203125,5.19866943359375,5.21087646484375,0.1495312499999999,0.0154687499999999,0.1237499999999999,0.0154687499999999,0.02578125
2024-09-24T05:30:44Z,-26.318359375,2.871034514210198,2.194033877399203,-0.5169570842980526,-0.0647925757566412,32.92277107523891,1.8554216664274072,1.1235710475314704,-6.658731151293239,2231144.0,5.21240234375,5.36346435546875,5.30853271484375,5.2276611328125,5.18646240234375,0.00515625,0.1907812499999999,0.0309374999999999,0.00515625,0.00515625
2024-09-24T05:30:50Z,-28.271484375,2.871034514210198,2.645400771586001,-0.6300190423355616,-0.1778212080350769,33.14404612770557,1.9683006966273917,1.1235710475314704,-6.658731151293239,2231150.0,5.3558349609375,5.4290771484375,5.33599853515625,5.25360107421875,5.15289306640625,0.020625,0.1959375,0.0103125,0.0,0.00515625
2024-09-24T05:30:56Z,-26.5625,2.758221783416836,2.9838389657888733,-0.5169570842980526,-0.1778212080350769,33.25467194008187,1.9683006966273917,1.1235710475314704,-6.658731151293239,2231156.0,5.26275634765625,5.21697998046875,5.0811767578125,5.2337646484375,5.206298828125,0.1546874999999999,0.02578125,0.00515625,0.0360937499999999,0.0154687499999999
2024-09-24T05:31:01Z,-25.03662109375,2.871034514210198,2.9838389657888733,-0.4039034604638232,-0.0647925757566412,33.475900145386014,2.081171433008965,1.1235710475314704,-6.658731151293239,2231161.0,5.21697998046875,5.2337646484375,5.2886962890625,5.242919921875,5.20172119140625,0.0103125,0.020625,0.1753124999999999,0.020625,0.0103125
2024-09-24T05:31:06Z,-26.318359375,2.9838389657888733,2.9838389657888733,-0.4039034604638232,-0.1778212080350769,33.80768392950304,2.3068880316259346,1.1235710475314704,-6.658731151293239,2231166.0,5.035400390625,4.94842529296875,5.047607421875,5.0262451171875,5.04913330078125,0.0825,0.00515625,0.05671875,0.02578125,0.0773437499999999
2024-09-24T05:31:12Z,-27.60009765625,2.871034514210198,2.9838389657888733,-0.4039034604638232,-0.1778212080350769,33.91826292445567,2.194033877399203,1.1235710475314704,-6.658731151293239,2231172.0,5.1055908203125,5.43212890625,5.38330078125,5.30242919921875,5.14678955078125,0.00515625,0.1907812499999999,0.02578125,0.00515625,0.00515625
2024-09-24T05:31:18Z,-27.23388671875,2.9838389657888733,3.322202663461084,-0.2908581689901517,-0.1778212080350769,33.80768392950304,2.4197338975154814,1.1235710475314704,-6.658731151293239,2231178.0,5.46722412109375,5.157470703125,5.1544189453125,5.2734375,5.12237548828125,0.2165624999999999,0.00515625,0.00515625,0.0,0.00515625
2024-09-24T05:31:24Z,-25.28076171875,3.322202663461084,3.322202663461084,-0.0647925757566412,-0.2908581689901517,33.80768392950304,2.532571476893903,1.1235710475314704,-6.658731151293239,2231184.0,5.2642822265625,5.33905029296875,5.50994873046875,5.3131103515625,5.13153076171875,0.00515625,0.00515625,0.20625,0.00515625,0.00515625
2024-09-24T05:31:30Z,-25.4638671875,3.547737099232642,3.322202663461084,0.3872387033903379,-0.2908581689901517,33.80768392950304,2.645400771586001,1.1235710475314704,-6.658731151293239,2231190.0,5.14678955078125,5.1483154296875,5.13763427734375,5.1422119140625,5.14678955078125,0.06703125,0.0464062499999999,0.0360937499999999,0.04125,0.04125
2024-09-24T05:31:36Z,-28.08837890625,3.547737099232642,3.547737099232642,0.5002257198806852,-0.2908581689901517,33.91826292445567,2.645400771586001,1.1235710475314704,-6.658731151293239,2231196.0,5.3497314453125,5.4779052734375,5.41229248046875,5.2398681640625,5.03692626953125,0.00515625,0.20109375,0.020625,0.0,0.00515625
2024-09-24T05:31:41Z,-27.5390625,3.660491913774916,3.8859767452659426,0.5002257198806852,-0.4039034604638232,33.80768392950304,2.758221783416836,1.1235710475314704,-6.658731151293239,2231201.0,5.45196533203125,5.3863525390625,5.28411865234375,5.322265625,5.120849609375,0.1959375,0.0154687499999999,0.00515625,0.00515625,0.00515625
2024-09-24T05:31:47Z,-25.09765625,3.9987067658494126,4.787585703044208,0.5002257198806852,-0.4039034604638232,33.69709713577415,2.871034514210198,1.1235710475314704,-6.658731151293239,2231207.0,5.16815185546875,5.21087646484375,5.2886962890625,5.2642822265625,5.2093505859375,0.00515625,0.0154687499999999,0.1495312499999999,0.0618749999999999,0.0154687499999999
2024-09-24T05:31:53Z,-25.52490234375,4.224142025775404,3.9987067658494126,0.5002257198806852,-0.2908581689901517,33.91826292445567,2.871034514210198,1.1235710475314704,-6.658731151293239,2231213.0,5.08575439453125,5.04608154296875,5.0567626953125,5.0872802734375,5.0872802734375,0.0773437499999999,0.0154687499999999,0.020625,0.05671875,0.0618749999999999
2024-09-24T05:31:59Z,-27.35595703125,4.336847268748858,3.8859767452659426,0.5002257198806852,-0.4039034604638232,34.02883412228171,2.9838389657888733,1.1235710475314704,-6.658731151293239,2231219.0,5.26885986328125,5.40771484375,5.3497314453125,5.3375244140625,5.13763427734375,0.00515625,0.1701562499999999,0.020625,0.0103125,0.00515625
2024-09-24T05:32:05Z,-27.9052734375,4.224142025775404,4.224142025775404,0.6132044187282482,-0.2908581689901517,34.02883412228171,2.9838389657888733,1.1235710475314704,-6.658731151293239,2231225.0,5.37872314453125,5.3680419921875,5.31463623046875,5.3466796875,5.18646240234375,0.1185937499999999,0.0515625,0.0103125,0.020625,0.00515625
2024-09-24T05:32:11Z,-25.341796875,4.336847268748858,4.224142025775404,0.6132044187282482,-0.2908581689901517,34.13939752463036,3.0966351399758985,1.1235710475314704,-6.658731151293239,2231231.0,5.43975830078125,5.2490234375,5.50079345703125,5.3619384765625,5.1361083984375,0.0309374999999999,0.00515625,0.165,0.00515625,0.00515625
2024-09-24T05:32:17Z,-25.341796875,4.562232989789482,4.1114285254139915,1.0650360744135234,-0.1778212080350769,34.360500949489186,3.209423038592796,1.1235710475314704,-6.658731151293239,2231237.0,5.11322021484375,5.10711669921875,5.1513671875,5.126953125,5.120849609375,0.04125,0.02578125,0.1443749999999999,0.0515625,0.0464062499999999
2024-09-24T05:32:23Z,-27.35595703125,4.674913471483546,4.224142025775404,1.1779732125832076,-0.2908581689901517,34.360500949489186,3.322202663461084,1.1235710475314704,-6.658731151293239,2231243.0,5.20782470703125,5.47027587890625,5.36956787109375,5.32989501953125,5.07965087890625,0.00515625,0.1804687499999999,0.0103125,0.00515625,0.00515625
2024-09-24T05:32:29Z,-28.271484375,4.562232989789482,4.674913471483546,1.2909020441202337,-0.2908581689901517,34.13939752463036,3.322202663461084,1.1235710475314704,-6.658731151293239,2231249.0,5.49163818359375,5.43670654296875,5.32073974609375,5.23834228515625,4.82940673828125,0.1907812499999999,0.020625,0.00515625,0.0,0.00515625
2024-09-24T05:32:35Z,-25.2197265625,4.900249686282891,4.900249686282891,1.2909020441202337,-0.4039034604638232,34.13939752463036,3.434974016401032,1.1235710475314704,-6.658731151293239,2231255.0,5.43670654296875,5.18341064453125,5.474853515625,5.34210205078125,5.1544189453125,0.0515625,0.00515625,0.1598437499999999,0.00515625,0.00515625
2024-09-24T05:32:41Z,-25.5859375,5.576060472337581,4.787585703044208,1.7425343405796667,-0.4039034604638232,33.58650254161879,3.434974016401032,1.1235710475314704,-6.658731151293239,2231261.0,5.072021484375,5.04913330078125,5.0933837890625,5.06744384765625,5.0689697265625,0.0464062499999999,0.020625,0.0928124999999999,0.0464062499999999,0.0360937499999999
2024-09-24T05:32:52Z,-27.72216796875,5.012905423010778,5.350823172233106,1.7425343405796667,-0.6300190423355616,33.03341250664249,3.547737099232642,1.1235710475314704,-6.658731151293239,2231272.0,5.41839599609375,5.4290771484375,5.316162109375,5.322265625,5.1513671875,0.09796875,0.1082812499999999,0.0103125,0.00515625,0.00515625
2024-09-24T05:32:58Z,-26.1962890625,5.688666768000338,5.688666768000338,1.8554216664274072,-0.6300190423355616,32.81212183184034,3.547737099232642,1.1235710475314704,-6.658731151293239,2231278.0,5.40771484375,5.13763427734375,5.44586181640625,5.3375244140625,5.18035888671875,0.0515625,0.00515625,0.1598437499999999,0.00515625,0.00515625
2024-09-24T05:33:10Z,-26.5625,5.913854659579815,5.350823172233106,2.4197338975154814,-0.6300190423355616,32.92277107523891,3.322202663461084,1.1235710475314704,-6.658731151293239,2231290.0,5.19256591796875,5.3009033203125,5.2276611328125,5.24749755859375,5.17425537109375,0.00515625,0.1804687499999999,0.0154687499999999,0.020625,0.00515625
2024-09-24T05:33:16Z,-27.84423828125,5.8012648298123715,5.576060472337581,2.4197338975154814,-0.6300190423355616,33.03341250664249,3.773238461846855,1.1235710475314704,-6.658731151293239,2231296.0,5.45654296875,5.45654296875,5.29327392578125,5.27801513671875,5.0689697265625,0.1289062499999999,0.0825,0.00515625,0.0,0.00515625
2024-09-24T05:33:22Z,-25.5859375,6.026436259108042,5.8012648298123715,2.4197338975154814,-0.743089336419569,32.70146477479204,3.8859767452659426,1.1235710475314704,-6.658731151293239,2231302.0,5.4779052734375,5.126953125,5.47637939453125,5.26580810546875,5.072021484375,0.1340625,0.00515625,0.0825,0.00515625,0.00515625
2024-09-24T05:33:26Z,-25.15869140625,6.589220866295253,5.688666768000338,2.532571476893903,-0.743089336419569,32.590799902438015,3.9987067658494126,1.1235710475314704,-6.658731151293239,2231306.0,5.11016845703125,5.181884765625,5.4168701171875,5.303955078125,5.18341064453125,0.00515625,0.00515625,0.20625,0.00515625,0.00515625
2024-09-24T05:33:32Z,-26.318359375,6.814277160604782,5.688666768000338,2.871034514210198,-0.743089336419569,32.590799902438015,3.9987067658494126,1.1235710475314704,-6.658731151293239,2231312.0,5.035400390625,5.0689697265625,5.02777099609375,5.0323486328125,5.0079345703125,0.0464062499999999,0.1185937499999999,0.02578125,0.02578125,0.0154687499999999
2024-09-24T05:33:38Z,-29.43115234375,6.701753122260406,5.688666768000338,2.3068880316259346,-0.743089336419569,32.369446705188544,3.9987067658494126,1.1235710475314704,-6.658731151293239,2231318.0,5.12847900390625,5.47027587890625,5.3253173828125,5.169677734375,4.59136962890625,0.00515625,0.20109375,0.00515625,0.0,0.00515625
2024-09-24T05:33:44Z,-27.1728515625,6.701753122260406,6.364131694298287,2.871034514210198,-0.969254940105273,31.70519937375016,3.9987067658494126,1.1235710475314704,-6.658731151293239,2231324.0,5.4443359375,5.07354736328125,5.17730712890625,5.2642822265625,5.11322021484375,0.20625,0.00515625,0.00515625,0.00515625,0.00515625
2024-09-24T05:33:50Z,-25.64697265625,7.264291173762658,6.476680390908243,2.9838389657888733,-1.082350253396946,31.37297002231019,4.1114285254139915,1.1235710475314704,-6.658731151293239,2231330.0,5.07354736328125,5.21087646484375,5.51910400390625,5.25054931640625,5.04913330078125,0.00515625,0.00515625,0.20625,0.0,0.00515625
2024-09-24T05:33:56Z,-27.5390625,7.939065970569928,6.364131694298287,3.547737099232642,-1.082350253396946,31.040670153906746,4.224142025775404,1.1235710475314704,-6.658731151293239,2231336.0,4.6600341796875,4.64019775390625,4.632568359375,4.6478271484375,4.67376708984375,0.06703125,0.04125,0.0309374999999999,0.02578125,0.06703125
2024-09-24T05:34:02Z,-27.4169921875,7.264291173762658,6.364131694298287,3.547737099232642,-1.1954539101158304,30.486680213507285,4.336847268748858,1.1235710475314704,-6.658731151293239,2231342.0,5.23529052734375,5.450439453125,5.31463623046875,5.255126953125,5.096435546875,0.00515625,0.1856249999999999,0.00515625,0.0,0.00515625
2024-09-24T05:34:08Z,-26.86767578125,7.264291173762658,6.814277160604782,3.547737099232642,-1.308565912108932,30.1541920801222,4.336847268748858,1.1235710475314704,-6.658731151293239,2231348.0,5.47027587890625,5.0079345703125,5.31463623046875,5.2337646484375,5.0323486328125,0.1856249999999999,0.00515625,0.00515625,0.00515625,0.00515625
2024-09-24T05:34:14Z,-25.09765625,7.826624009543728,6.701753122260406,3.773238461846855,-1.421686261223769,29.932494059587647,4.336847268748858,1.1235710475314704,-6.658731151293239,2231354.0,5.06134033203125,5.206298828125,5.38482666015625,5.27496337890625,5.18646240234375,0.00515625,0.00515625,0.28359375,0.00515625,0.00515625
2024-09-24T05:34:20Z,-25.52490234375,8.051499733739345,6.701753122260406,4.1114285254139915,-1.421686261223769,29.710764611512225,4.449544256148815,1.1235710475314704,-6.658731151293239,2231360.0,5.03082275390625,5.072021484375,5.03387451171875,5.04608154296875,5.07965087890625,0.0464062499999999,0.0825,0.02578125,0.0360937499999999,0.1237499999999999
2024-09-24T05:34:26Z,-28.45458984375,7.939065970569928,6.814277160604782,4.224142025775404,-1.421686261223769,29.599888097969533,4.562232989789482,1.1235710475314704,-6.658731151293239,2231366.0,5.0872802734375,5.45654296875,5.32379150390625,5.19256591796875,4.827880859375,0.00515625,0.20625,0.00515625,0.00515625,0.00515625
2024-09-24T05:34:31Z,-27.47802734375,7.939065970569928,7.376774150988893,4.1114285254139915,-1.5348149593080969,29.267211379254267,4.562232989789482,1.1235710475314704,-6.658731151293239,2231371.0,5.43975830078125,5.33599853515625,5.2032470703125,5.2459716796875,5.07659912109375,0.20625,0.00515625,0.00515625,0.0,0.00515625
2024-09-24T05:34:36Z,-25.09765625,8.725930258108786,7.489248921384458,3.9987067658494126,-1.5348149593080969,28.93446385826486,4.674913471483546,1.1235710475314704,-6.658731151293239,2231376.0,5.3985595703125,5.19561767578125,5.45654296875,5.29632568359375,5.18951416015625,0.0309374999999999,0.00515625,0.1804687499999999,0.0,0.00515625
2024-09-24T05:35:11Z,-26.6845703125,9.287730582310576,7.601715486745391,5.463445941017717,-2.100583749013325,26.158808358485334,4.787585703044208,1.1235710475314704,-6.658731151293239,2231411.0,5.21240234375,5.40008544921875,5.3009033203125,5.25054931640625,4.9713134765625,0.00515625,0.20109375,0.0103125,0.00515625,0.00515625
2024-09-24T05:35:17Z,-28.08837890625,9.287730582310576,8.051499733739345,5.350823172233106,-2.2137625797676392,25.71424514982588,4.900249686282891,1.1235710475314704,-6.658731151293239,2231417.0,5.4351806640625,5.43670654296875,5.29632568359375,5.32073974609375,4.779052734375,0.1185937499999999,0.0928124999999999,0.00515625,0.00515625,0.00515625
2024-09-24T05:35:23Z,-25.4638671875,9.512393464781391,8.501152843692676,5.350823172233106,-2.3269497724480104,25.047162679050317,4.900249686282891,1.1235710475314704,-6.658731151293239,2231423.0,5.43975830078125,5.18798828125,5.43975830078125,5.2947998046875,5.1513671875,0.1185937499999999,0.00515625,0.0825,0.0,0.00515625
2024-09-24T05:35:29Z,-25.03662109375,9.737023655982568,8.27634267367758,5.688666768000338,-2.2137625797676392,24.71351439850608,5.012905423010778,1.1235710475314704,-6.658731151293239,2231429.0,5.21240234375,5.22918701171875,5.38482666015625,5.303955078125,5.20477294921875,0.00515625,0.00515625,0.1959375,0.0103125,0.00515625
2024-09-24T05:35:35Z,-27.783203125,10.073907677859502,8.163925300844728,5.913854659579815,-2.2137625797676392,24.60228243513599,5.1255529150385435,1.1235710475314704,-6.658731151293239,2231435.0,5.20477294921875,5.2520751953125,5.20477294921875,5.16815185546875,4.74090576171875,0.0309374999999999,0.1546874999999999,0.0309374999999999,0.00515625,0.00515625
2024-09-24T05:35:41Z,-28.271484375,10.073907677859502,8.38875185403015,5.913854659579815,-2.3269497724480104,24.15727518706826,5.012905423010778,1.1235710475314704,-6.658731151293239,2231441.0,5.34515380859375,5.4229736328125,5.34515380859375,5.26580810546875,4.95758056640625,0.0154687499999999,0.1804687499999999,0.0103125,0.0,0.00515625
2024-09-24T05:35:47Z,-26.13525390625,10.073907677859502,8.838306686440564,5.913854659579815,-2.3269497724480104,23.712140826014235,5.1255529150385435,1.1235710475314704,-6.658731151293239,2231447.0,5.43365478515625,5.169677734375,5.40924072265625,5.30548095703125,5.09185791015625,0.1598437499999999,0.00515625,0.0464062499999999,0.00515625,0.00515625
2024-09-24T05:35:53Z,-26.62353515625,10.635217793271323,8.838306686440564,6.139009630201162,-2.3269497724480104,23.378206571768462,5.1255529150385435,1.1235710475314704,-6.658731151293239,2231453.0,5.20782470703125,5.2734375,5.40618896484375,5.230712890625,4.75311279296875,0.00515625,0.00515625,0.2784374999999999,0.0,0.00515625
2024-09-24T05:35:58Z,-27.6611328125,10.522972087321453,8.838306686440564,6.701753122260406,-2.4401453289085,22.932849500639808,5.1255529150385435,1.1235710475314704,-6.658731151293239,2231458.0,5.15899658203125,5.2734375,5.23223876953125,5.21087646484375,4.766845703125,0.0360937499999999,0.1237499999999999,0.02578125,0.0103125,0.00515625
2024-09-24T05:36:04Z,-27.9052734375,10.635217793271323,8.838306686440564,6.589220866295253,-2.6665615405878995,22.26457496023235,5.012905423010778,1.1235710475314704,-6.658731151293239,2231464.0,5.3955078125,5.45196533203125,5.35125732421875,5.4290771484375,4.86602783203125,0.04125,0.1598437499999999,0.0103125,0.06703125,0.00515625
2024-09-24T05:36:10Z,-26.13525390625,11.084119084742436,9.287730582310576,6.589220866295253,-2.4401453289085,21.707460252138297,5.012905423010778,1.1235710475314704,-6.658731151293239,2231470.0,5.46875,5.14984130859375,5.389404296875,5.46875,4.89654541015625,0.103125,0.00515625,0.0103125,0.06703125,0.00515625
2024-09-24T05:36:15Z,-25.76904296875,11.19632403340966,9.287730582310576,6.814277160604782,-2.2137625797676392,21.26162481729635,5.2381921641763505,1.1235710475314704,-6.658731151293239,2231475.0,5.1422119140625,5.30242919921875,5.48248291015625,5.3375244140625,5.00640869140625,0.00515625,0.00515625,0.1753124999999999,0.00515625,0.00515625
2024-09-24T05:36:21Z,-26.98974609375,11.532890009725495,9.17538687738763,7.376774150988893,-2.3269497724480104,20.81566155824587,5.350823172233106,1.1235710475314704,-6.658731151293239,2231481.0,4.99725341796875,4.9530029296875,4.95758056640625,4.974365234375,4.77142333984375,0.1289062499999999,0.020625,0.04125,0.0309374999999999,0.00515625
2024-09-24T05:36:27Z,-28.02734375,11.30852083594639,9.063034994292654,7.376774150988893,-2.2137625797676392,20.369570364979896,5.350823172233106,1.1235710475314704,-6.658731151293239,2231487.0,5.15899658203125,5.462646484375,5.36956787109375,5.45654296875,4.89654541015625,0.00515625,0.1082812499999999,0.0103125,0.0825,0.00515625
2024-09-24T05:36:33Z,-27.5390625,11.30852083594639,9.624712645898878,7.376774150988893,-2.100583749013325,19.70019345739661,5.350823172233106,1.1235710475314704,-6.658731151293239,2231493.0,5.41534423828125,5.303955078125,5.24749755859375,5.340576171875,5.01861572265625,0.1907812499999999,0.00515625,0.00515625,0.0103125,0.00515625
2024-09-24T05:36:45Z,-26.5625,12.093670510996638,9.624712645898878,8.051499733739345,-1.987413278332756,19.142159022736944,5.463445941017717,1.1235710475314704,-6.658731151293239,2231505.0,5.1971435546875,5.14678955078125,5.218505859375,5.18798828125,4.78515625,0.06703125,0.0103125,0.1134375,0.0309374999999999,0.00515625
2024-09-24T05:36:50Z,-28.271484375,11.981530681734744,9.624712645898878,8.051499733739345,-1.987413278332756,18.69558709370967,5.350823172233106,1.1235710475314704,-6.658731151293239,2231510.0,5.18341064453125,5.41229248046875,5.3436279296875,5.3375244140625,4.82177734375,0.00515625,0.1753124999999999,0.0154687499999999,0.0103125,0.00515625
2024-09-24T05:36:56Z,-27.783203125,11.981530681734744,10.186186021632878,8.051499733739345,-1.987413278332756,16.908013678481176,5.463445941017717,1.1235710475314704,-6.658731151293239,2231516.0,5.4229736328125,5.2734375,5.23681640625,5.377197265625,4.83551025390625,0.1753124999999999,0.00515625,0.00515625,0.02578125,0.00515625
2024-09-24T05:37:01Z,-26.318359375,12.317925775420562,10.186186021632878,8.051499733739345,-1.987413278332756,17.57859502071925,5.463445941017717,1.1235710475314704,-6.658731151293239,2231521.0,5.3802490234375,5.2703857421875,5.45654296875,5.40008544921875,4.8492431640625,0.0154687499999999,0.00515625,0.1701562499999999,0.020625,0.00515625
2024-09-24T05:37:59Z,-26.13525390625,13.88680303442542,10.635217793271323,10.073907677859502,-0.1778212080350769,13.774793104561072,5.688666768000338,1.5286506960642896,-6.658731151293239,2231579.0,5.12542724609375,5.1116943359375,5.078125,5.12237548828125,4.974365234375,0.0928124999999999,0.0309374999999999,0.0154687499999999,0.05671875,0.00515625
2024-09-24T05:38:09Z,-26.806640625,13.6627750692057,10.971905988170644,9.849326496815875,0.0482277296851023,13.21462183766954,5.688666768000338,1.1235710475314704,-6.658731151293239,2231589.0,5.41534423828125,5.120849609375,5.2154541015625,5.4290771484375,5.0628662109375,0.1237499999999999,0.00515625,0.00515625,0.1340625,0.00515625
2024-09-24T05:38:21Z,-25.7080078125,14.334761734150211,10.85968474191893,10.522972087321453,0.3872387033903379,12.542148526166876,5.8012648298123715,1.1235710475314704,-6.658731151293239,2231601.0,5.2337646484375,5.24139404296875,5.36346435546875,5.35736083984375,5.023193359375,0.00515625,0.00515625,0.1134375,0.0876562499999999,0.00515625
2024-09-24T05:38:27Z,-27.35595703125,13.438714674982815,10.74745534421119,10.635217793271323,0.7261748017696839,12.317925775420562,5.688666768000338,1.5286506960642896,-6.658731151293239,2231607.0,5.22003173828125,5.4107666015625,5.23529052734375,5.51300048828125,5.15899658203125,0.00515625,0.0103125,0.00515625,0.1856249999999999,0.00515625
2024-09-24T05:38:32Z,-27.23388671875,14.110798584717829,10.971905988170644,10.522972087321453,1.4038225708564769,12.093670510996638,5.8012648298123715,1.5286506960642896,-6.658731151293239,2231612.0,5.41229248046875,5.38177490234375,5.28564453125,5.4351806640625,5.09033203125,0.0721874999999999,0.020625,0.00515625,0.1082812499999999,0.00515625
2024-09-24T05:38:38Z,-25.4638671875,14.446731162936564,11.084119084742436,10.410718224584468,1.8554216664274072,11.981530681734744,5.913854659579815,1.5286506960642896,-6.658731151293239,2231618.0,5.4046630859375,5.1971435546875,5.42449951171875,5.4412841796875,5.07659912109375,0.0360937499999999,0.00515625,0.05671875,0.09796875,0.00515625
2024-09-24T05:38:44Z,-25.40283203125,14.782590886648022,10.971905988170644,10.74745534421119,2.3068880316259346,11.757226620263603,5.913854659579815,1.1235710475314704,-6.658731151293239,2231624.0,5.20172119140625,5.26580810546875,5.4107666015625,5.4351806640625,5.11627197265625,0.00515625,0.00515625,0.05671875,0.1340625,0.00515625
2024-09-24T05:38:50Z,-27.05078125,14.782590886648022,10.971905988170644,11.084119084742436,2.645400771586001,11.645062384513515,5.913854659579815,1.5286506960642896,-6.658731151293239,2231630.0,5.279541015625,5.34210205078125,5.23529052734375,5.35736083984375,5.047607421875,0.0103125,0.0825,0.00515625,0.103125,0.00515625
2024-09-24T05:38:56Z,-26.62353515625,14.67064573743018,11.19632403340966,10.971905988170644,2.9838389657888733,11.30852083594639,5.8012648298123715,1.5286506960642896,-6.658731151293239,2231636.0,5.3680419921875,5.413818359375,5.322265625,5.4534912109375,5.120849609375,0.0103125,0.0360937499999999,0.00515625,0.1443749999999999,0.00515625
2024-09-24T05:39:02Z,-25.40283203125,14.894527946185171,11.532890009725495,10.85968474191893,3.434974016401032,11.19632403340966,6.026436259108042,1.5286506960642896,-6.658731151293239,2231642.0,5.39093017578125,5.206298828125,5.41534423828125,5.41839599609375,5.09490966796875,0.04125,0.00515625,0.0773437499999999,0.0773437499999999,0.00515625
2024-09-24T05:40:23Z,-25.89111328125,16.23714230321697,11.645062384513515,12.878421720065212,8.725930258108786,9.400066110846684,6.476680390908243,1.5286506960642896,-6.658731151293239,2231723.0,5.25054931640625,5.255126953125,5.291748046875,5.364990234375,5.120849609375,0.00515625,0.00515625,0.0154687499999999,0.165,0.00515625
