day,battery_v_median,battery_v_min,battery_v_max,battery_i_median,battery_temp_median,x_plus_temp_median,x_minus_temp_median,y_plus_temp_median,y_minus_temp_median,z_plus_temp_median,z_minus_temp_median,bpb_temp_median,uhf_temp_median,source_v_median
0,4.253906,3.918750,4.253906,-0.015577,3.117799,-28.485107,2.306884,-1.252010,-0.630019,2.645401,0.387235,1.573187,0.451588,5.001562
1,4.253906,3.867188,4.253906,-0.009322,2.329211,-27.905273,-0.969259,-2.043999,-1.025803,0.443732,-1.930832,0.613204,0.451588,5.104687
2,4.253906,4.253906,4.253906,-0.040600,2.129850,-25.921631,10.017021,2.419469,13.997893,9.455780,11.251445,4.561734,-1.918518,5.194922
5,4.253906,3.918750,4.253906,-0.021833,4.662680,-27.447510,3.660488,1.347362,0.500226,3.660492,2.306871,3.434974,2.821695,5.130469
7,4.253906,4.125000,4.253906,0.000061,6.169893,-27.905273,5.350823,5.576060,2.194034,3.434974,7.601715,5.012905,5.191801,5.182031
8,4.253906,4.150781,4.253906,-0.003066,6.169893,-27.325439,7.714071,6.645479,4.224138,3.829608,9.119203,5.576023,5.191801,5.156250
9,4.253906,4.150781,4.253906,0.012573,6.911190,-27.813721,4.392329,4.731167,2.532534,2.983822,6.195284,4.956578,5.191801,5.117578
10,4.253906,4.150781,4.253906,0.000061,6.541497,-27.355957,7.657945,6.476680,3.434970,2.983839,9.343898,6.082723,5.191801,5.182031
11,4.253906,4.150781,4.253906,0.000061,6.541497,-27.874756,7.208037,6.588888,3.153029,2.419730,9.512291,5.238155,5.191801,5.156250
12,4.253906,4.125000,4.253906,-0.003066,6.169893,-28.088379,2.758222,2.983839,-1.082350,-0.630019,6.139010,6.589221,5.191801,5.156250
13,4.253906,4.125000,4.253906,-0.006194,5.796295,-28.088379,5.801265,6.026436,1.516735,-0.630019,9.849326,5.350823,2.821695,5.104687
14,4.253906,4.125000,4.253906,-0.006194,5.042778,-27.722168,7.376758,7.039284,1.516731,-0.573488,14.166783,5.294508,2.821695,5.130469
15,4.253906,4.099219,4.253906,-0.006194,4.280233,-28.149414,4.224142,3.998707,0.500226,-1.308566,6.814277,4.111429,2.821695,5.130469
16,4.253906,4.099219,4.253906,-0.003066,3.895338,-28.332520,3.998707,3.998707,0.048228,-2.213763,9.624713,3.547737,2.821695,5.130469
17,4.253906,4.099219,4.279687,0.001625,3.895338,-28.881836,0.217733,0.782648,-2.440150,-3.629214,3.998690,2.871030,2.821695,5.014453
18,4.253906,4.099219,4.253906,-0.006194,3.117799,-28.942871,-1.308566,-1.195454,-5.272758,-7.542632,3.547737,1.516735,2.821695,5.001562
19,4.253906,4.099219,4.253906,-0.015577,2.329211,-27.905273,0.952091,0.048228,-2.213763,-2.553349,3.547737,1.629639,0.451588,5.001562
20,4.253906,3.970312,4.253906,-0.012450,2.724942,-28.698730,-1.534815,-1.082350,-4.705816,-7.315493,4.449544,1.516735,2.821695,4.924219
21,4.253906,4.073437,4.253906,-0.009322,1.930488,-28.515625,-0.403903,-1.308566,-3.912450,-3.232749,4.336847,1.403823,0.451588,4.950000
22,4.253906,4.099219,4.279687,-0.015577,1.930488,-28.210449,-1.647952,-1.421686,-4.139084,-4.025762,3.660492,2.983839,0.451588,5.053125
23,4.253906,4.099219,4.253906,-0.028089,1.528651,-26.684570,5.012905,5.801265,2.758222,-3.119494,5.576060,5.238192,0.451588,5.156250
24,4.253906,4.099219,4.253906,-0.021833,1.930488,-28.118896,-3.232749,-3.855806,-6.293784,-6.123575,3.491232,0.274206,0.451588,4.937109
25,4.253906,4.099219,4.253906,-0.018705,2.527077,-38.342285,-3.346028,-4.139084,-5.329465,-5.442883,-0.404008,0.726158,1.636642,4.975781
26,4.253906,4.099219,4.253906,-0.018705,2.724942,-28.057861,-2.326954,-2.609955,-4.535783,-5.102654,4.505880,2.081167,0.451588,4.924219
27,4.253906,4.099219,4.279687,-0.024961,2.724942,-28.057861,-1.138902,-2.553349,-3.119499,-2.666562,1.290753,0.330741,0.451588,5.066016
28,4.253906,4.099219,4.253906,-0.021833,2.527077,-38.464355,-5.783212,-7.429075,-6.350537,-6.180307,-7.769957,-2.779799,0.451588,4.614844
29,4.253906,4.073437,4.253906,-0.018705,2.329211,-37.976074,-2.893011,-5.045956,-4.705816,-1.761097,-4.252413,-0.630019,0.451588,4.872656
30,4.253906,4.099219,4.253906,-0.021833,2.329211,-27.783203,-0.008291,-1.308603,-2.326967,-3.006249,0.161236,0.952091,0.451588,5.078906
31,4.253906,4.099219,4.253906,-0.018705,2.724942,-27.966309,-0.064793,-0.403903,-1.647952,-3.799145,-2.553349,1.065036,0.451588,5.001562
32,4.253906,4.099219,4.253906,-0.021833,3.117799,-27.600098,0.048228,-1.082350,-0.403903,-4.252413,-3.232749,0.387239,0.451588,5.053125
33,4.253906,4.099219,4.253906,-0.015577,3.507895,-28.698730,0.839137,-0.177821,0.274243,-1.421686,-6.407273,0.613204,2.821695,4.898438
34,4.253906,4.099219,4.253906,-0.021833,3.895338,-28.210449,1.290902,0.048228,2.306888,-2.893011,-9.133554,0.387239,2.821695,4.898438
35,4.253906,4.047656,4.253906,-0.024961,5.420619,-27.966309,3.434974,0.952091,2.983839,1.403823,-14.030368,0.839137,2.821695,4.924219
36,4.253906,4.125000,4.253906,-0.021833,4.662680,-27.416992,2.081171,-0.403903,3.547737,-3.799145,-11.523054,-0.177821,0.451588,5.078906
37,4.253906,4.125000,4.253906,-0.015577,6.911190,-27.416992,6.589221,3.209423,6.814277,5.801265,-9.929638,4.674913,2.821695,5.104687
38,4.253906,4.150781,4.253906,-0.012450,7.645156,-28.088379,6.814277,3.096635,6.983047,9.793151,-9.474682,3.885911,5.191801,4.988672
39,4.253906,4.150781,4.253906,-0.018705,9.451904,-29.217529,8.163925,3.660492,8.163925,13.382693,-9.645327,5.125549,7.561908,5.091797
40,4.253906,4.150781,4.253906,-0.009322,9.808979,-28.912354,8.444952,3.829608,8.220134,17.857909,-9.019866,5.632364,7.561908,5.130469
41,4.253906,4.125000,4.253906,-0.018705,10.164782,-28.576660,6.814277,1.742534,7.264291,16.796222,-11.636933,5.688667,7.561908,5.130469
42,4.253906,4.150781,4.253906,-0.012450,9.808979,-27.600098,5.913855,1.403823,5.801265,15.342195,-10.612326,4.336847,7.561908,5.104687
43,4.253906,4.150781,4.253906,-0.010886,9.451904,-28.210449,6.476676,2.306888,9.737007,19.253778,-7.542700,7.376774,7.561908,5.104687
44,4.253906,4.150781,4.253906,-0.014014,8.190990,-28.240967,3.491356,-1.704525,2.983802,11.813297,-12.491300,1.347354,5.191801,5.078906
45,4.215234,4.150781,4.253906,0.076692,8.372399,-38.525391,-13.175224,-12.377485,-9.417874,-6.804731,-20.087769,-2.553454,7.561908,4.576172
46,4.253906,4.125000,4.253906,-0.015577,6.911190,-28.179932,1.290902,-2.779782,5.519704,12.149736,-9.702147,2.927412,2.821695,5.156250
47,4.215234,4.125000,4.253906,0.153323,6.911190,-38.616943,-7.485870,-7.201974,-4.365818,-0.064897,-15.057434,-0.403920,5.191801,4.060547
48,4.253906,4.125000,4.253906,-0.018705,5.420619,-27.172852,-1.478276,-4.479098,3.434957,9.063019,-6.691060,0.952086,2.821695,5.078906
49,4.253906,4.099219,4.253906,-0.018705,5.042778,-27.355957,-3.119494,-5.613024,5.238192,9.849326,-5.839910,1.177973,2.821695,5.053125
50,4.253906,4.099219,4.253906,-0.012450,4.662680,-37.213135,-4.932584,-6.804554,-1.082417,2.137520,-11.124596,-0.008282,2.821695,4.988672
51,4.253906,4.099219,4.253906,-0.018705,3.895338,-28.149414,-10.384730,-9.815886,-9.588408,-6.974847,-13.346145,-5.159353,0.451588,4.924219
52,4.253906,4.099219,4.253906,-0.018705,3.117799,-27.355957,-5.045956,-7.769805,-0.969255,4.787586,-10.270944,-2.666562,0.451588,5.104687
53,4.253906,4.099219,4.253906,-0.017141,3.507895,-27.569580,-5.102654,-7.997012,0.048161,5.407135,-9.588446,-1.987451,0.451588,5.091797
54,4.253906,4.099219,4.253906,-0.018705,3.117799,-28.088379,-4.932567,-7.656214,0.613204,5.913855,-10.043398,-0.969255,0.451588,5.027344
55,4.253906,4.099219,4.253906,-0.018705,2.724942,-27.508545,-3.912450,-7.315560,4.224138,7.489245,-8.394715,0.217733,0.451588,5.078906
56,4.253906,4.099219,4.253906,-0.015577,3.117799,-27.966309,-1.534815,-5.272758,4.336847,6.701753,-9.019862,2.306888,0.451588,5.001562
57,4.253906,4.073437,4.253906,-0.012450,3.117799,-29.187012,-2.666562,-6.520771,1.290902,4.787586,-10.498524,0.952091,2.821695,5.001562
58,4.253906,4.099219,4.253906,-0.012450,2.921371,-32.849121,-3.855797,-7.940208,-2.213967,1.347362,-13.403179,-2.609955,0.451588,4.795312
59,4.253906,4.099219,4.253906,-0.014014,3.117799,-28.210449,-3.402730,-7.031617,-2.723256,0.274139,-12.206457,-2.609955,0.451588,5.027344
60,4.253906,4.073437,4.253906,-0.018705,2.329211,-27.966309,-3.685849,-6.974847,-0.403903,1.629639,-12.662230,-2.779782,0.451588,5.027344
61,4.253906,4.099219,4.253906,-0.015577,2.329211,-28.424072,-0.912720,-6.350537,0.500222,0.330741,-12.263422,-1.704550,0.451588,4.975781
62,4.253906,4.073437,4.253906,-0.018705,2.329211,-28.332520,2.306888,-1.534815,1.177973,0.952091,-9.019862,-0.064793,0.451588,5.078906
63,4.253906,4.099219,4.253906,-0.010886,2.724942,-28.424072,0.500222,-1.874268,-0.799629,-2.326954,-7.031643,-0.290862,0.451588,5.091797
64,4.253906,4.099219,4.253906,-0.012450,2.724942,-28.027344,0.952091,-1.987413,-0.856168,-1.761097,-7.769805,1.516735,0.451588,5.001562
65,4.253906,4.099219,4.253906,-0.006194,3.507895,-29.064941,5.350823,1.855422,0.048228,-1.874251,-2.440145,2.758222,2.821695,5.001562
66,4.253906,4.099219,4.253906,-0.012450,3.117799,-28.149414,6.139010,2.081171,-0.743089,-2.440145,-1.874251,2.532571,0.451588,5.027344
67,4.253906,4.021875,4.253906,-0.028089,4.662680,-28.820801,3.547737,2.871035,-0.516957,-0.403903,0.500226,3.885977,5.191801,4.589062
68,4.253906,3.996094,4.253906,0.000061,3.895338,-28.271484,3.604115,0.895564,0.217742,0.895614,-0.121307,3.547733,1.636642,5.078906
69,4.253906,4.099219,4.253906,-0.003066,4.280233,-27.600098,3.885977,3.773238,1.065036,2.194034,6.364132,3.547737,2.821695,5.053125
70,4.253906,4.099219,4.253906,-0.021833,4.662680,-28.149414,0.387239,-0.856168,-0.177821,2.532571,0.500226,0.952091,2.821695,5.104687
71,4.253906,4.099219,4.253906,-0.018705,4.662680,-28.027344,6.364132,3.885977,3.322203,4.449544,4.674913,3.885977,2.821695,5.130469
72,4.253906,4.021875,4.253906,-0.003066,5.042778,-28.393555,3.096635,1.516735,1.065036,3.547737,1.065036,3.209423,2.821695,5.053125
73,4.253906,3.867188,4.253906,-0.009322,5.042778,-28.454590,3.547737,3.209419,0.500226,1.121505,4.111429,4.055068,5.191801,5.027344
74,4.253906,4.099219,4.253906,-0.012450,4.662680,-28.851318,4.167785,3.153021,3.322099,5.238188,2.927412,3.491356,2.821695,5.091797
76,4.253906,4.099219,4.253906,-0.018705,3.507895,-28.302002,3.040212,2.588961,-1.138902,-0.290858,3.773222,2.476153,0.451588,5.053125
77,4.253906,4.021875,4.253906,-0.006194,3.895338,-30.621338,-2.213829,-3.232753,-4.025779,-3.685849,-4.649134,0.782656,2.821695,4.924219
78,4.253906,4.021875,4.253906,-0.024961,4.280233,-28.149414,7.826624,6.139010,0.839137,0.726175,9.063035,5.801265,2.821695,5.104687
79,4.253906,4.021875,4.253906,-0.031216,4.280233,-28.332520,5.801265,3.885977,3.434974,4.562233,4.787586,4.336847,2.821695,4.975781
80,4.253906,4.073437,4.253906,-0.015577,4.280233,-29.553223,-1.082350,-2.326950,-2.893011,-0.630019,-3.912450,0.839137,2.821695,4.924219
81,4.253906,4.099219,4.253906,-0.012450,3.895338,-29.187012,1.177973,-1.195454,-1.421686,1.403823,-2.100584,1.403823,2.821695,4.898438
82,4.253906,4.099219,4.253906,-0.006194,4.280233,-28.576660,1.516735,-1.534815,-1.082350,2.645401,-0.969255,1.290902,2.821695,5.027344
83,4.253906,4.253906,4.253906,-0.037472,3.117799,-26.257324,16.125302,11.196324,14.446731,12.990497,9.737024,8.950675,-1.918518,5.130469
