satellite,instrument,mission,date,downlink_date,path,width,height,bytes,brightness,contrast,status,capture_start,capture_end,time_basis,iso,shutter,exposure_mode,capture_confidence,sha256
BOTAN,CAM,AURORA,2026-01-20,2026-01-25,data/downlink/04_botan/images/cam/aurora_20260120T1603_1f9d2e11cf.jpg,960.0,540.0,15913,105.45,20.89,ok,2026-01-20T16:03:41+09:00,2026-01-20T16:20:11+09:00,pass+timer,1600,2000 ms,manual,high,1f9d2e11cff074375e080fc3f5ff273940220bd424b257e88f972e84719e1a07
BOTAN,CAM,AURORA,2026-01-20,2026-01-25,data/downlink/04_botan/images/cam/aurora_20260120T1603_dafcfcb945.jpg,960.0,540.0,15036,140.59,30.27,ok,2026-01-20T16:03:41+09:00,2026-01-20T16:20:11+09:00,pass+timer,1600,2000 ms,manual,high,dafcfcb945c24726fbe13665a857485a524a33abd586e1c14f3d946ae439b24b
BOTAN,CAM,AURORA,2025-10-22,unknown,data/downlink/04_botan/images/cam/aurora_20251022T1214_582cf16b9a.jpg,960.0,540.0,9775,68.99,71.08,ok,2025-10-22T12:14:54+09:00,2025-10-22T12:31:40+09:00,pass+timer,800,0.5 ms,manual,medium,582cf16b9afc0e4b156bd3d5b7da06b86d7d9869ba3e626bf666e4c99419a04a
BOTAN,CAM,AURORA,2025-11-24,unknown,data/downlink/04_botan/images/cam/aurora_20251124T1253_5ba7a78451.jpg,960.0,540.0,12817,9.14,40.8,dark,2025-11-24T12:53:00+09:00,2025-11-24T13:11:00+09:00,pass+timer,1600,2000 ms,manual,high,5ba7a784511d591586f784f8d2841be8848f05b1ab4aefd4bc9b8bc711e67d7e
BOTAN,CAM,AURORA,2025-11-21,unknown,data/downlink/04_botan/images/cam/aurora_20251121T1401_7551c85638.jpg,960.0,540.0,16706,208.32,31.46,ok,2025-11-21T14:01:00+09:00,2025-11-21T14:18:00+09:00,pass+timer,1600,2000 ms,manual,high,7551c8563854c464c8018367a0e6ee7d9663fe04af4a216119c07ce6d4da889f
BOTAN,CAM,PUMICE,2026-01-16,unknown,data/downlink/04_botan/images/cam/pumice_20260116T1550_7741382f4d.jpg,1920.0,1080.0,116598,78.59,86.21,ok,2026-01-16T15:50:08+09:00,2026-01-16T16:03:38+09:00,pass+timer,100,0.5 ms,manual,medium,7741382f4dd8d77fca6b34b56b9439e2642a9d5376f4d707f980f6a688b1f7e3
BOTAN,CAM,AURORA,2025-11-28,unknown,data/downlink/04_botan/images/cam/aurora_20251128T1832_8b7eb0015a.jpg,960.0,540.0,64880,158.74,44.15,ok,2025-11-28T18:32:00+09:00,2025-11-28T18:49:00+09:00,pass+timer,1600,2000 ms,manual,medium,8b7eb0015a666ecc4f7d695026e5c4525542ba6ef7fdd61b3e2ff76baa8b3285
BOTAN,CAM,AURORA,2025-11-21,unknown,data/downlink/04_botan/images/cam/aurora_20251121T1401_94d2b14d97.jpg,960.0,540.0,11827,20.98,10.94,ok,2025-11-21T14:01:00+09:00,2025-11-21T14:18:00+09:00,pass+timer,1600,2000 ms,manual,high,94d2b14d9741f4429376e352b3c07d0990950181691f60588784762879596843
BOTAN,CAM,AURORA,2025-11-24,unknown,data/downlink/04_botan/images/cam/aurora_20251124T1253_9b7b3a7c07.jpg,960.0,540.0,12201,8.32,37.63,dark,2025-11-24T12:53:00+09:00,2025-11-24T13:11:00+09:00,pass+timer,1600,2000 ms,manual,high,9b7b3a7c07c8d7a1db9af80c6e3615f39cbd6223a0fe919d3154ed6051d448ee
BOTAN,CAM,AURORA,2025-10-22,unknown,data/downlink/04_botan/images/cam/aurora_20251022T1214_df6ec4c683.jpg,960.0,540.0,40643,68.99,71.08,ok,2025-10-22T12:14:54+09:00,2025-10-22T12:31:40+09:00,pass+timer,800,0.5 ms,manual,high,df6ec4c68363b72e398a0f7c4d4e3c3b8a9066450db9248d2b100a8854233ff4
BOTAN,CAM,AURORA,2025-11-14,unknown,data/downlink/04_botan/images/cam/aurora_20251114T1557_f98649cb11.jpg,960.0,540.0,9276,0.93,5.28,dark,2025-11-14T15:57:54+09:00,2025-11-14T16:12:24+09:00,pass+timer,1600,2000 ms,manual,high,f98649cb11533789b0d3e6956081bd134666de115e8436d74e838bb61e04f25f
BOTAN,CAM,CORN,2025-10-11,2025-10-11,data/downlink/04_botan/images/cam/corn_20251011T0554_0f0f3996e5.jpg,960.0,540.0,8846,150.8,48.76,ok,2025-10-11T05:54:08+09:00,2025-10-11T06:07:19+09:00,pass+timer,1600,1 ms,manual,medium,0f0f3996e5a1f96d30f53dfede0b3c798a24e42567ac0cc776d21e02626867c1
BOTAN,CAM,CORN,2025-10-11,2025-10-11,data/downlink/04_botan/images/cam/corn_20251011T0554_37b289080d.jpg,960.0,540.0,9469,127.95,110.45,ok,2025-10-11T05:54:08+09:00,2025-10-11T06:07:19+09:00,pass+timer,1600,1 ms,manual,high,37b289080d6c43dc174238b1ce768ad83f6eb6d019636555ca42a345820de4d5
BOTAN,CAM,CORN,2025-10-11,2025-10-11,data/downlink/04_botan/images/cam/corn_20251011T1151_39491a5439.jpg,960.0,540.0,12678,153.69,45.72,ok,2025-10-11T11:51:54+09:00,2025-10-11T12:03:18+09:00,pass+timer,100,0.5 ms,manual,medium,39491a543930f606ac596610304993c69aa57b05406becbfdb319a56e0260e53
BOTAN,CAM,CORN,2025-10-11,2025-10-11,data/downlink/04_botan/images/cam/corn_20251011T0554_5fd43fef4b.jpg,960.0,540.0,9469,123.8,70.06,ok,2025-10-11T05:54:08+09:00,2025-10-11T06:07:19+09:00,pass+timer,1600,1 ms,manual,medium,5fd43fef4b17f8067bd3460f2eb5c302017c85193d46ecbb2e138ed32adbd60f
BOTAN,CAM,CORN,2025-10-11,2025-10-11,data/downlink/04_botan/images/cam/corn_20251011T0554_b8f46dd5f6.jpg,960.0,540.0,9469,132.02,36.07,ok,2025-10-11T05:54:08+09:00,2025-10-11T06:07:19+09:00,pass+timer,1600,1 ms,manual,medium,b8f46dd5f64b6f87ec0544d99eac9d3f655dd13b6d9107fde167a439025176a9
BOTAN,CAM,CORN,2025-10-11,2025-10-11,data/downlink/04_botan/images/cam/corn_20251011T1151_bf6be68015.jpg,960.0,540.0,15389,226.27,35.24,ok,2025-10-11T11:51:54+09:00,2025-10-11T12:03:18+09:00,pass+timer,100,0.5 ms,manual,medium,bf6be680157d2a904859ae18f85ce78db038e41c18d0e8d4973d4f79f06739b3
BOTAN,CAM,CORN,2025-10-11,2025-10-11,data/downlink/04_botan/images/cam/corn_20251011T0554_c05d0da103.jpg,960.0,540.0,9469,128.2,92.63,ok,2025-10-11T05:54:08+09:00,2025-10-11T06:07:19+09:00,pass+timer,1600,1 ms,manual,medium,c05d0da103f8051ed6c3427719e35de30502b4f93774a8b13ac34da7a21144bc
BOTAN,CAM,CORN,2025-10-11,2025-10-12,data/downlink/04_botan/images/cam/corn_20251011T1151_3596cef5bc.jpg,960.0,540.0,116598,230.55,27.06,ok,2025-10-11T11:51:54+09:00,2025-10-11T12:03:18+09:00,pass+timer,100,0.5 ms,manual,high,3596cef5bcf5e5627f27598fe6af38932c0b69d57aea298b3521f1e745bbc020
BOTAN,CAM,CORN,2025-10-11,2025-10-12,data/downlink/04_botan/images/cam/corn_20251011T1151_e913f4b299.jpg,960.0,540.0,16442,231.18,33.75,ok,2025-10-11T11:51:54+09:00,2025-10-11T12:03:18+09:00,pass+timer,100,0.5 ms,manual,medium,e913f4b299984c7bf28a1148a986528f907e574170fcc6b5382494a487f7b336
BOTAN,CAM,CORN,2025-10-11,2025-10-13,data/downlink/04_botan/images/cam/corn_20251011T1151_f2128da481.jpg,960.0,540.0,11511,167.36,84.74,ok,2025-10-11T11:51:54+09:00,2025-10-11T12:03:18+09:00,pass+timer,100,0.5 ms,manual,high,f2128da4817ffffea65aaced0fd3555713a650d37f599b715af96868fa080339
BOTAN,CAM,CORN,2025-10-11,2025-10-14,data/downlink/04_botan/images/cam/corn_20251011T1151_12db3f0507.jpg,240.0,224.0,8130,129.97,114.97,ok,2025-10-11T11:51:54+09:00,2025-10-11T12:03:18+09:00,pass+timer,100,0.5 ms,manual,high,12db3f05076c16e192e3b5a42fee4aa1c2f426b160362e042b4bdad64b21851e
BOTAN,CAM,CORN,2025-10-11,2025-10-14,data/downlink/04_botan/images/cam/corn_20251011T1151_204abcdf15.jpg,240.0,224.0,10149,186.36,26.33,ok,2025-10-11T11:51:54+09:00,2025-10-11T12:03:18+09:00,pass+timer,100,0.5 ms,manual,high,204abcdf15772e6513aad2c3f099c20a29e26257c91d51d0fbe033b3a3bca40b
BOTAN,CAM,CORN,2025-10-11,2025-10-14,data/downlink/04_botan/images/cam/corn_20251011T1151_2e93d2f25a.jpg,960.0,540.0,9823,107.78,100.79,ok,2025-10-11T11:51:54+09:00,2025-10-11T12:03:18+09:00,pass+timer,100,0.5 ms,manual,high,2e93d2f25a3c7aac6fe74b37a606364ebe8ab8f304799d890045d9ab7f7c7044
BOTAN,CAM,CORN,2025-10-11,2025-10-14,data/downlink/04_botan/images/cam/corn_20251011T1151_732adaa522.jpg,240.0,224.0,13055,199.2,32.66,ok,2025-10-11T11:51:54+09:00,2025-10-11T12:03:18+09:00,pass+timer,100,0.5 ms,manual,high,732adaa522eed7b17c9c5156220fdc4b921d4532253530589f159c316b41d6fd
BOTAN,CAM,CORN,2025-10-11,2025-10-14,data/downlink/04_botan/images/cam/corn_20251011T1151_f9feb72c91.jpg,240.0,256.0,14344,198.56,30.8,ok,2025-10-11T11:51:54+09:00,2025-10-11T12:03:18+09:00,pass+timer,100,0.5 ms,manual,medium,f9feb72c91a78f0bc4da8281255f5cdcf0bd6c2f0034a3bcefedff3b773784a1
BOTAN,CAM,CORN,2025-10-11,2025-10-16,data/downlink/04_botan/images/cam/corn_20251011T1151_924d20fcce.jpg,240.0,256.0,9513,74.97,104.9,ok,2025-10-11T11:51:54+09:00,2025-10-11T12:03:18+09:00,pass+timer,100,0.5 ms,manual,high,924d20fccef9e6a0c67bb1e5afec7b11ccb6c73d4a669e548583f3f7c6ec69de
BOTAN,CAM,CORN,2025-10-11,2025-10-20,data/downlink/04_botan/images/cam/corn_20251011T1151_49a4f39e15.jpg,240.0,256.0,40643,218.11,27.6,ok,2025-10-11T11:51:54+09:00,2025-10-11T12:03:18+09:00,pass+timer,100,0.5 ms,manual,high,49a4f39e152cabed6bae429c8edb89764adae628fe9ed5df9c0b2f0f4bf27611
BOTAN,CAM,CORN,2025-10-22,2025-10-30,data/downlink/04_botan/images/cam/corn_20251022T1244_2de207031a.jpg,960.0,540.0,40643,187.87,38.42,ok,2025-10-22T12:44:54+09:00,2025-10-22T12:58:40+09:00,pass+timer,100,0.5 ms,manual,high,2de207031ab160d1a49df47ae933982d6e15a9ec262daad0a60bbdf5f5c27549
BOTAN,CAM,CORN,2025-10-22,2025-10-30,data/downlink/04_botan/images/cam/corn_20251022T1244_751f8da3f7.jpg,960.0,540.0,40643,81.93,94.82,ok,2025-10-22T12:44:54+09:00,2025-10-22T12:58:40+09:00,pass+timer,100,0.5 ms,manual,high,751f8da3f748587232a5a2a6ed4e72ec85c67f1995a52a143b33b67fdf0324d4
BOTAN,CAM,CORN,2025-10-22,2025-10-30,data/downlink/04_botan/images/cam/corn_20251022T1244_9b405e4dba.jpg,960.0,540.0,40643,162.85,84.13,ok,2025-10-22T12:44:54+09:00,2025-10-22T12:58:40+09:00,pass+timer,100,0.5 ms,manual,high,9b405e4dba5d77486a07a1b4a61ec2ba693aeab7266af180ffbc5ed1fa96f573
BOTAN,CAM,CORN,2025-10-22,2025-11-02,data/downlink/04_botan/images/cam/corn_20251022T1244_6d37c1f109.jpg,960.0,540.0,40643,185.12,35.98,ok,2025-10-22T12:44:54+09:00,2025-10-22T12:58:40+09:00,pass+timer,100,0.5 ms,manual,high,6d37c1f109db03f6b475e2e25867239e565072845208f3547215cf7724a591c2
BOTAN,CAM,CORN,2025-10-22,2025-11-06,data/downlink/04_botan/images/cam/corn_20251022T1244_9fb4992df0.jpg,960.0,540.0,40643,23.48,68.05,ok,2025-10-22T12:44:54+09:00,2025-10-22T12:58:40+09:00,pass+timer,100,0.5 ms,manual,high,9fb4992df041359e1a9e4e30298fbf1708e9bc771bc5ba714de54e18ba3087fe
BOTAN,CAM,CORN,2025-11-19,2025-11-21,data/downlink/04_botan/images/cam/corn_20251119T1409_01f4927c0f.jpg,960.0,540.0,60808,131.72,82.35,ok,2025-11-19T14:09:05+09:00,2025-11-19T14:22:05+09:00,pass+timer,100,0.5 ms,manual,high,01f4927c0ff89de88e6474becfea4b33f85850e335a856d7c5b1b4fb653caad6
BOTAN,CAM,CORN,2025-11-19,2025-11-21,data/downlink/04_botan/images/cam/corn_20251119T1409_1a0ca1280f.jpg,960.0,540.0,24438,67.05,100.71,ok,2025-11-19T14:09:05+09:00,2025-11-19T14:22:05+09:00,pass+timer,100,0.5 ms,manual,high,1a0ca1280f33dac521f398de647d8faf72929388b35b4b145001b3287cfa1414
BOTAN,CAM,CORN,2025-11-19,2025-11-21,data/downlink/04_botan/images/cam/corn_20251119T1409_b093071a5c.jpg,960.0,540.0,64880,156.27,46.91,ok,2025-11-19T14:09:05+09:00,2025-11-19T14:22:05+09:00,pass+timer,100,0.5 ms,manual,high,b093071a5c19555bb05e63ec0a4bae1a50b8a6ccfeb2e8cf6f0e1208be956baa
BOTAN,CAM,CORN,2025-11-19,2025-12-02,data/downlink/04_botan/images/cam/corn_20251119T1409_dffe6c9794.jpg,960.0,540.0,64880,158.53,47.74,ok,2025-11-19T14:09:05+09:00,2025-11-19T14:22:05+09:00,pass+timer,100,0.5 ms,manual,high,dffe6c9794f6e2a3134e79e96e552c45eaa42d636115c7839571e4b9ddb5c579
BOTAN,CAM,CORN,2025-11-19,2025-12-03,data/downlink/04_botan/images/cam/corn_20251119T1409_9d762f7c21.jpg,960.0,540.0,64880,169.75,52.96,ok,2025-11-19T14:09:05+09:00,2025-11-19T14:22:05+09:00,pass+timer,100,0.5 ms,manual,high,9d762f7c2182009e15172a942649d00290b5fc8c99bcdac75693e0b6ee5545c4
BOTAN,CAM,CORN,2025-12-29,2025-12-29,data/downlink/04_botan/images/cam/corn_20251229T0633_1d17c6754d.jpg,960.0,540.0,10282,41.55,51.39,ok,2025-12-29T06:33:39+09:00,2025-12-29T06:48:09+09:00,pass+timer,100,0.5 ms,manual,high,1d17c6754dd6085177f6ddac0d4f99261e00ef71e1ec19dcd4a8d165e4f2cb90
BOTAN,CAM,CORN,2025-12-29,2025-12-29,data/downlink/04_botan/images/cam/corn_20251229T0633_528f7ea9ab.jpg,960.0,540.0,9260,54.82,52.05,ok,2025-12-29T06:33:39+09:00,2025-12-29T06:48:09+09:00,pass+timer,100,0.5 ms,manual,high,528f7ea9ab1736461b6110c36355c1bc4c45219ded5d8bbc0c4240bd1e2f4447
BOTAN,CAM,CORN,2025-12-29,2025-12-29,data/downlink/04_botan/images/cam/corn_20251229T0633_6986727717.jpg,960.0,540.0,8846,0.0,0.0,dark,2025-12-29T06:33:39+09:00,2025-12-29T06:48:09+09:00,pass+timer,100,0.5 ms,manual,high,698672771778e60b3820fbb29633259d5f7c92d7f90bf4dc7e1b7fb6db9b42d7
BOTAN,CAM,CORN,2025-12-29,2025-12-29,data/downlink/04_botan/images/cam/corn_20251229T0633_d4308dee1e.jpg,960.0,540.0,11057,64.74,68.64,ok,2025-12-29T06:33:39+09:00,2025-12-29T06:48:09+09:00,pass+timer,100,0.5 ms,manual,high,d4308dee1e593c878e4b856360e21332ecf14bb365a949aaa9af111c45087a69
BOTAN,CAM,CORN,2026-01-13,2026-01-16,data/downlink/04_botan/images/cam/corn_20260113T1620_973c371678.jpg,960.0,540.0,8846,11.37,35.65,dark,2026-01-13T16:20:18+09:00,2026-01-13T16:33:48+09:00,pass+timer,1600,125 ms,manual,medium,973c3716785a3640239da97abe35a5fa61821ca713798650081382ffa75d2ede
BOTAN,CAM,CORN,2026-01-20,2026-01-25,data/downlink/04_botan/images/cam/corn_20260120T2048_64beaadfc1.jpg,1920.0,1080.0,40669,1.61,6.1,dark,2026-01-20T20:48:57+09:00,2026-01-20T21:02:57+09:00,pass+timer,1600,125 ms,manual,high,64beaadfc13f59b60f962cd2b13922238261370d58ae5d055135a1ddce1062f5
BOTAN,CAM,CORN,2026-02-02,2026-02-02,data/downlink/04_botan/images/cam/corn_20260202T1600_0afcdaa056.jpg,,,727250,,,unreadable,2026-02-02T16:00:04+09:00,2026-02-02T16:13:04+09:00,pass+timer,100,0.5 ms,manual,medium,0afcdaa056caefda88f60c40982a0eae3c277b3ea1acb64139fad850b2f01916
BOTAN,CAM,CORN,2026-02-02,2026-02-02,data/downlink/04_botan/images/cam/corn_20260202T1600_63a3e88155.jpg,1920.0,1080.0,187660,177.39,78.09,ok,2026-02-02T16:00:04+09:00,2026-02-02T16:13:04+09:00,pass+timer,100,0.5 ms,manual,high,63a3e88155574f496c70b1c0376eaee3d0826c6a2af0e2a9c68c689bed5a1602
BOTAN,CAM,CORN,2026-02-02,2026-02-02,data/downlink/04_botan/images/cam/corn_20260202T1600_878b522e81.jpg,1920.0,1080.0,203613,90.48,60.73,ok,2026-02-02T16:00:04+09:00,2026-02-02T16:13:04+09:00,pass+timer,100,0.5 ms,manual,high,878b522e81a809aecd0a91a6c3cb64f78e27fbcdf45bf33cfd3ec199f4b599cb
BOTAN,CAM,CORN,2026-02-02,2026-02-02,data/downlink/04_botan/images/cam/corn_20260202T1600_9ee0c41323.jpg,1920.0,1080.0,177456,122.92,82.06,ok,2026-02-02T16:00:04+09:00,2026-02-02T16:13:04+09:00,pass+timer,100,0.5 ms,manual,medium,9ee0c4132328b0e5ef556bc8f28162a01af2b598e6d52aa39d5e2da35b132554
BOTAN,CAM,AURORA,2025-11-24,unknown,data/downlink/04_botan/images/cam/aurora_20251124T1253_0a6d94c501.jpg,960.0,540.0,12201,36.15,58.26,ok,2025-11-24T12:53:00+09:00,2025-11-24T13:11:00+09:00,pass+timer,1600,2000 ms,manual,medium,0a6d94c501d59d8ac99a951f8d15ccec4688ae6b186107267eeea56fe50e398c
BOTAN,CAM,PUMICE,2025-12-07,unknown,data/downlink/04_botan/images/cam/pumice_20251207T0810_1aaa9e484a.jpg,1920.0,1080.0,203613,186.77,65.62,ok,2025-12-07T08:10:00+09:00,2025-12-07T08:24:00+09:00,pass+timer,100,0.5 ms,manual,high,1aaa9e484aefc894b9ef24442dfd61ce69ec4e7efa233a3d18f4ea158925bedc
BOTAN,CAM,PUMICE,2025-12-07,unknown,data/downlink/04_botan/images/cam/pumice_20251207T0810_8097e2024e.jpg,1920.0,1080.0,203613,117.93,83.74,ok,2025-12-07T08:10:00+09:00,2025-12-07T08:24:00+09:00,pass+timer,100,0.5 ms,manual,high,8097e2024e03bbfda6f09c624a266b80e97fd6cbb56453fc27399a6d0c537805
BOTAN,CAM,PUMICE,2025-10-11,2025-10-11,data/downlink/04_botan/images/cam/pumice_20251011T1021_a0c43c4de1.jpg,,,9700,,,unreadable,2025-10-11T10:21:54+09:00,2025-10-11T10:33:18+09:00,pass+timer,800,0.5 ms,manual,medium,a0c43c4de1d82b939a1544cb1a55b0a327e474234da9d287e2381ebff262783f
BOTAN,CAM,PUMICE,2025-10-13,2025-10-29,data/downlink/04_botan/images/cam/pumice_20251013T1314_6df0a5ad51.jpg,240.0,224.0,16633,141.65,34.32,ok,2025-10-13T13:14:06+09:00,2025-10-13T13:23:04+09:00,pass+timer,100,0.5 ms,manual,high,6df0a5ad514a518cd4e837949bd17b4a49399017848a39b4ef5e0b88f37eac82
BOTAN,CAM,PUMICE,2025-10-13,2025-10-29,data/downlink/04_botan/images/cam/pumice_20251013T1314_d1f6102eb2.jpg,240.0,224.0,40643,136.43,30.73,ok,2025-10-13T13:14:06+09:00,2025-10-13T13:23:04+09:00,pass+timer,100,0.5 ms,manual,high,d1f6102eb29c7f8e80f9f83e80b28380aad701150be7fb13559d77f546761cee
BOTAN,CAM,PUMICE,2025-10-13,2025-11-03,data/downlink/04_botan/images/cam/pumice_20251013T1314_b7b9342434.jpg,240.0,224.0,40643,162.0,24.31,ok,2025-10-13T13:14:06+09:00,2025-10-13T13:23:04+09:00,pass+timer,100,0.5 ms,manual,medium,b7b9342434c55f876eb755dff186799a866bb836783e9a21721beb2c28c3f2a3
BOTAN,CAM,PUMICE,2025-10-13,2025-11-07,data/downlink/04_botan/images/cam/pumice_20251013T1314_8168d88674.jpg,240.0,256.0,40643,133.8,40.51,ok,2025-10-13T13:14:06+09:00,2025-10-13T13:23:04+09:00,pass+timer,100,0.5 ms,manual,high,8168d88674ca240644ef8ade36d499c1c667a06ac8c3d5b228414346d90ae3c2
BOTAN,CAM,PUMICE,2025-10-13,2025-11-15,data/downlink/04_botan/images/cam/pumice_20251013T1314_092c74570d.jpg,240.0,256.0,11911,86.18,63.14,ok,2025-10-13T13:14:06+09:00,2025-10-13T13:23:04+09:00,pass+timer,100,0.5 ms,manual,high,092c74570d3e525dd47aed9a46395e34d20a06f50ff220eaae2f403d1bade827
BOTAN,CAM,PUMICE,2025-12-29,2025-12-29,data/downlink/04_botan/images/cam/pumice_20251229T0810_554750d8b7.jpg,960.0,540.0,9457,136.32,70.7,ok,2025-12-29T08:10:28+09:00,2025-12-29T08:20:58+09:00,pass+timer,800,0.5 ms,manual,high,554750d8b763185d669927af97602b2546f7e25f1b8b6b870a7739e6e2c93c4d
