day,n,n_lit,n_valid,n_eclipse,r_B,k_B,lag_min,r_B_lag0,dTz_std,dTz_mean,sw_z,sw_y,both_z_lit,shadow_agree,beta_deg,ecl_dur_meas,ecl_dur_model,theta_eff_deg
0,827,529,827,10,-0.7856,-9.9062,3.0,-0.6908,6.2403,-1.3045,7.8682,8.8419,0.4655,0.9903,27.7585,34.0833,34.6732,73.5072
1,836,528,836,10,-0.5926,-5.5132,1.5,-0.5804,4.056,0.5175,10.875,10.341,0.4533,0.9988,32.2396,33.13,33.9796,80.9092
2,16,16,16,0,,,0.0,,1.7579,-2.0807,,,1.0,1.0,34.2286,,,
5,426,289,426,5,-0.4398,-7.4369,3.0,-0.3915,5.7576,-0.3793,11.7068,11.2456,0.4906,0.993,46.9111,29.8867,30.8958,77.6943
7,113,79,113,1,-0.4411,-9.6281,0.0,-0.4411,6.5603,-2.9907,13.1696,18.1147,0.4248,1.0,52.6487,28.4833,28.6263,73.983
8,90,63,0,0,,,0.0,,6.4616,-3.5006,11.0079,7.9778,0.4556,,54.8691,,,
9,68,46,68,1,-0.4217,-8.7449,4.5,-0.296,5.3694,-4.6134,9.5843,7.5533,0.3529,0.9853,56.2844,23.9833,26.7724,
10,242,174,242,4,-0.4719,-11.3831,6.0,-0.3906,5.3515,-6.0487,14.8874,17.314,0.4587,1.0,56.784,26.2333,26.4566,70.9606
11,108,80,0,0,,,0.0,,5.9362,-7.3542,23.1077,15.3472,0.3981,,56.4106,,,
12,65,46,0,0,,,0.0,,6.5048,-9.1039,8.6838,7.4873,0.4154,,55.5163,,,
13,119,85,119,1,-0.7174,-18.8539,4.5,-0.6591,7.5224,-9.4577,19.749,18.7482,0.4034,0.9916,53.5321,27.0,28.2974,57.2947
14,204,140,0,0,,,0.0,,8.7219,-9.462,8.9067,10.1933,0.4804,,50.8735,,,
15,165,107,0,0,,,0.0,,11.1775,-8.273,5.4414,5.1632,0.4606,,47.5043,,,
16,143,96,0,0,,,0.0,,11.1682,-8.3884,6.9335,10.68,0.4476,,43.939,,,
17,190,112,190,2,-0.6742,-25.2199,3.0,-0.5868,11.8624,-6.955,8.4554,18.2762,0.3737,1.0,40.0875,32.2333,32.762,43.7176
18,127,74,127,1,-0.8237,-29.5262,4.5,-0.6414,13.5182,-10.4717,6.748,3.7697,0.4488,0.9921,36.4221,33.7833,33.4648,32.203
19,471,291,471,2,-0.8019,-30.4974,3.0,-0.676,16.419,-4.5738,7.2687,9.1142,0.4628,0.9894,30.5568,32.9833,34.3641,29.0731
20,333,194,333,3,-0.7718,-29.1889,1.5,-0.7212,15.5898,-6.96,7.8591,4.6718,0.4264,0.997,27.7625,34.5111,34.7073,33.2276
21,183,110,183,1,-0.7972,-36.2884,3.0,-0.7185,20.8538,-2.9041,6.7243,17.2245,0.4098,1.0,21.9402,34.4833,35.2903,0.0
22,219,136,219,1,-0.7491,-31.6154,3.0,-0.5876,20.0146,-1.1606,3.5905,9.1074,0.4429,0.9909,17.5086,34.4833,35.6116,25.0363
23,57,43,0,0,,,0.0,,20.8312,6.5486,0.0,1.1293,0.4561,,12.7034,,,
24,128,79,128,2,-0.84,-34.9868,6.0,-0.6619,20.8825,0.1609,0.9794,11.571,0.4531,1.0,8.1857,35.9833,36.0068,0.0
25,88,51,0,0,,,0.0,,20.0812,3.1598,7.4761,16.8254,0.4091,,3.0068,,,
26,114,70,114,1,-0.8537,-36.2772,4.5,-0.7046,22.338,3.9173,2.4031,19.1807,0.4825,0.9912,-1.6371,35.9833,36.1152,0.0
27,212,130,212,3,-0.808,-32.6136,4.5,-0.5939,19.9763,5.2921,1.1421,22.3219,0.4717,0.9811,-7.3435,34.4833,36.0358,20.829
28,120,69,120,1,-0.8603,-36.3279,3.0,-0.676,20.5392,8.7654,0.0,15.757,0.4167,0.9917,-11.4597,35.6667,35.9149,0.0
29,205,120,0,0,,,0.0,,19.6162,11.2921,1.2581,19.6188,0.4244,,-16.9054,,,
30,128,80,0,0,,,0.0,,19.8315,10.6181,1.0626,17.0993,0.5,,-21.1222,,,
31,77,49,0,0,,,0.0,,20.843,14.2258,0.0,15.0249,0.4935,,-26.1611,,,
32,137,88,137,2,-0.7773,-30.5441,3.0,-0.7182,19.6209,14.3564,0.0,18.3264,0.4745,0.9854,-30.4911,33.7333,34.4595,28.9149
33,77,51,0,0,,,0.0,,18.5173,17.0364,0.0,18.9698,0.4026,,-35.3242,,,
34,83,52,0,0,,,0.0,,18.4093,15.896,,17.4037,0.4699,,-39.5105,,,
35,261,175,261,2,-0.6474,-23.0872,3.0,-0.5668,15.1226,20.4825,5.4966,16.0136,0.4789,0.9885,-44.647,30.925,31.6807,48.5753
36,199,141,199,2,-0.8496,-32.0983,1.5,-0.8065,14.6902,21.5229,6.5441,27.067,0.5477,0.995,-45.706,31.6417,31.5458,23.0916
37,93,69,0,0,,,0.0,,12.706,23.4624,5.8591,11.7344,0.5591,,-51.3963,,,
38,124,89,124,1,-0.6087,-23.52,3.0,-0.4636,11.7829,24.9714,0.0,0.835,0.5,0.9919,-54.1911,26.9833,28.3645,47.6203
39,128,92,128,2,-0.4807,-19.1623,4.5,-0.2976,9.5232,25.9666,1.9013,17.7123,0.4766,1.0,-56.5721,26.9833,27.1677,56.6909
40,122,89,122,2,-0.4471,-14.4397,6.0,-0.1257,8.0236,26.8655,0.0,26.9693,0.4918,1.0,-57.8878,25.4833,26.3786,65.5553
41,137,102,137,1,-0.4355,-15.4279,1.5,-0.4196,8.4464,28.972,0.0,1.6461,0.5328,0.9927,-58.3876,25.4833,26.065,63.7597
42,88,67,70,0,-0.8496,-31.0763,0.0,-0.8496,9.1582,24.6347,0.0,4.2531,0.5227,0.9714,-58.2737,,,27.0526
43,98,72,98,1,-0.7656,-22.6348,0.0,-0.7656,8.1315,26.6807,4.9342,12.4951,0.5306,1.0,-56.3777,26.9833,27.3686,49.5584
44,154,107,154,2,-0.7099,-28.3291,1.5,-0.7001,10.3034,22.7255,8.5651,14.5062,0.4805,1.0,-54.5962,28.4833,28.5249,35.7219
45,12,6,3,0,,,0.0,,8.2567,14.0369,,,0.3333,1.0,-51.9358,,,
46,88,64,0,0,,,0.0,,13.3162,18.3345,9.0265,9.4557,0.5114,,-49.7836,,,
47,50,24,0,0,,,0.0,,12.8039,17.0086,,,0.34,,-47.7226,,,
48,120,83,120,2,-0.8863,-35.5471,4.5,-0.7336,16.5196,15.6113,11.4688,12.2518,0.5,0.9917,-43.7188,30.0833,32.237,0.0
49,107,71,107,2,-0.898,-35.5841,3.0,-0.715,17.1559,16.2025,14.7636,15.6021,0.4953,0.9907,-39.8677,31.225,33.1035,0.0
50,112,64,0,0,,,0.0,,15.4138,10.56,15.0329,16.4164,0.4107,,-35.2221,,,
51,55,30,0,0,,,0.0,,17.0957,10.1381,,,0.4545,,-31.0585,,,
52,125,82,125,2,-0.938,-33.5763,6.0,-0.6328,16.7005,9.0409,9.1284,6.0949,0.488,1.0,-26.1242,34.4833,35.1049,15.7964
53,122,80,122,2,-0.942,-34.5232,4.5,-0.6887,17.7657,7.5396,6.0467,4.4587,0.541,1.0,-21.8368,34.725,35.4827,8.3607
54,101,62,101,1,-0.9239,-30.3216,4.5,-0.7364,15.7074,8.5419,5.8377,4.4383,0.4851,1.0,-16.852,36.45,35.82,29.6619
55,66,43,0,0,,,0.0,,18.3053,5.5394,4.412,2.5528,0.5152,,-12.57,,,
56,93,57,93,1,-0.9049,-28.3792,3.0,-0.7197,13.5051,8.3904,7.0105,7.5909,0.4946,0.9677,-7.5419,34.6833,36.1911,
57,125,73,125,2,-0.9508,-28.8192,4.5,-0.7973,13.4863,4.9962,9.5424,6.7698,0.432,1.0,-3.344,35.0667,36.2667,34.3197
58,126,70,0,0,,,0.0,,13.4068,3.7643,5.6835,3.2111,0.4365,,1.4413,,,
59,106,64,0,0,,,0.0,,12.4687,0.7005,8.2416,7.4605,0.4434,,5.5099,,,
60,117,75,117,2,-0.9058,-29.6912,3.0,-0.7938,14.4526,1.0588,6.1541,10.017,0.5128,0.9829,10.0782,35.525,36.1568,31.6908
61,128,82,128,2,-0.9255,-29.6034,3.0,-0.8584,14.3601,-2.0017,10.7124,12.1483,0.5078,1.0,13.8401,36.15,36.0253,31.9642
62,115,72,115,1,-0.9072,-31.0268,3.0,-0.7618,15.0376,-3.931,4.4163,5.4873,0.4957,1.0,17.9417,35.9833,35.8237,27.2309
63,120,78,120,2,-0.8981,-30.3402,3.0,-0.8198,13.4358,-6.093,4.3168,3.9792,0.4333,1.0,21.2511,34.475,35.623,29.6
64,79,49,0,0,,,0.0,,15.1377,-8.2393,3.2669,7.9053,0.481,,24.7136,,,
65,117,70,117,2,-0.9137,-30.2968,3.0,-0.7841,13.668,-8.9135,9.4885,12.445,0.4444,1.0,27.4353,34.4833,35.136,29.7441
66,125,80,125,2,-0.9035,-30.1675,3.0,-0.7951,13.2471,-10.1857,8.0632,13.9447,0.488,1.0,30.0877,34.4833,34.8673,30.1692
67,407,254,407,4,-0.7295,-22.1079,3.0,-0.6463,11.731,-6.3723,3.3241,3.88,0.4349,0.9828,32.4154,33.3542,34.6134,50.6858
68,138,88,138,2,-0.6279,-17.9589,3.0,-0.5475,11.5802,-7.3747,6.6595,10.7588,0.4855,1.0,33.5424,33.8417,34.4644,59.0246
69,123,79,123,2,-0.3442,-10.5071,4.5,-0.2359,11.5575,-6.1009,5.4792,6.1158,0.439,0.9919,34.5435,33.725,34.3619,72.4754
70,119,76,119,2,-0.413,-12.3318,6.0,-0.2653,11.2976,-1.9796,6.7675,15.005,0.4622,0.9832,34.9055,33.5167,34.3364,69.3042
71,121,79,121,2,-0.4822,-14.5459,1.5,-0.4618,11.5922,-2.1058,5.628,12.1463,0.5041,1.0,34.6229,34.4833,34.4016,65.3635
72,275,171,275,4,-0.6462,-19.9053,4.5,-0.3999,12.3205,-3.4417,5.5405,4.0891,0.44,0.9964,33.5136,34.2625,34.5798,55.2185
73,466,283,466,6,-0.5807,-17.4437,3.0,-0.5399,11.7093,-5.1495,5.8007,8.2941,0.4678,0.9914,32.6895,34.0167,34.7061,60.0064
74,114,72,114,1,-0.7019,-21.4926,4.5,-0.4923,13.1897,0.5193,5.6804,16.4384,0.4649,1.0,30.032,35.9833,35.0634,51.9799
76,230,145,230,4,-0.7506,-24.3358,4.5,-0.5054,12.8419,-6.6527,9.1692,11.4461,0.5,1.0,25.5249,35.2333,35.5354,45.7796
77,184,101,184,2,-0.7418,-23.5414,4.5,-0.5213,12.4281,-5.604,6.0629,5.5888,0.4348,0.9946,21.514,35.9833,35.8109,47.5727
78,241,158,241,2,-0.8388,-25.0899,4.5,-0.6497,13.4078,-5.4081,6.411,6.5809,0.5311,0.9959,19.4383,35.7833,35.9871,44.0255
79,203,131,203,2,-0.8209,-25.9295,4.5,-0.5152,14.4453,-1.6887,5.8249,9.8064,0.5369,0.9803,12.9145,35.0,36.3788,42.0046
80,405,235,405,2,-0.8057,-27.5893,4.5,-0.6085,15.4425,1.1369,4.2981,9.3142,0.4444,0.9926,10.389,35.9833,36.4912,37.7529
81,175,101,175,1,-0.8817,-26.4364,3.0,-0.7426,15.0102,1.0811,3.9309,5.9919,0.4457,0.96,5.9401,34.4667,36.5745,40.7452
82,229,132,229,1,-0.7491,-24.7463,4.5,-0.5001,16.0822,2.864,5.2579,7.2625,0.4541,0.9913,1.5716,35.9833,36.6473,44.8315
83,11,11,0,0,,,0.0,,18.3408,9.2116,,,1.0,,-4.5959,,,
