t_mid,dur_min,dur_model
2024-08-29T10:44:44Z,34.83,34.84
2024-08-29T12:17:37Z,33.97,34.81
2024-08-29T13:49:58Z,34.48,34.78
2024-08-29T15:23:33Z,33.72,34.75
2024-08-29T16:56:36Z,32.93,34.72
2024-08-29T18:28:45Z,34.48,34.69
2024-08-29T20:01:42Z,34.47,34.66
2024-08-29T21:33:53Z,32.98,34.62
2024-08-30T05:19:22Z,34.48,34.46
2024-08-30T06:52:19Z,34.48,34.42
2024-08-30T16:08:34Z,34.48,34.21
2024-08-30T19:14:04Z,32.98,34.13
2024-08-30T20:47:01Z,32.98,34.1
2024-08-30T22:19:57Z,32.98,34.06
2024-08-30T23:52:54Z,32.98,34.02
2024-08-31T02:58:48Z,32.98,33.94
2024-08-31T04:31:45Z,32.97,33.9
2024-08-31T06:04:41Z,32.98,33.86
2024-08-31T07:37:38Z,32.98,33.81
2024-08-31T09:10:35Z,32.97,33.77
2024-09-03T11:27:33Z,30.97,31.13
2024-09-03T13:00:14Z,31.48,31.06
2024-09-03T14:33:11Z,28.5,30.99
2024-09-03T16:05:23Z,29.98,30.93
2024-09-04T04:29:43Z,28.5,30.37
2024-09-05T17:37:43Z,28.48,28.63
2024-09-07T19:06:32Z,23.98,26.77
2024-09-08T18:19:55Z,26.98,26.46
2024-09-08T19:52:52Z,26.98,26.46
2024-09-08T21:25:03Z,25.48,26.45
2024-09-08T22:58:00Z,25.48,26.46
2024-09-11T17:29:09Z,27.0,28.3
2024-09-15T20:20:15Z,32.05,32.73
2024-09-15T21:52:10Z,32.42,32.79
2024-09-16T17:55:21Z,33.78,33.46
2024-09-17T20:10:26Z,32.98,34.21
2024-09-18T08:31:00Z,32.98,34.51
2024-09-18T11:35:38Z,33.17,34.58
2024-09-18T19:18:32Z,34.88,34.75
2024-09-18T20:50:50Z,35.48,34.78
2024-09-20T00:36:22Z,34.48,35.29
2024-09-20T23:44:25Z,34.48,35.61
2024-09-22T20:26:06Z,35.98,36.0
2024-09-22T21:59:03Z,35.98,36.01
2024-09-24T21:44:34Z,35.98,36.12
2024-09-25T22:24:22Z,35.98,36.05
2024-09-25T23:57:19Z,35.98,36.04
2024-09-26T06:05:21Z,31.48,36.01
2024-09-26T21:30:44Z,35.67,35.91
2024-09-30T20:57:25Z,32.98,34.47
2024-09-30T22:29:37Z,34.48,34.44
2024-10-04T08:02:44Z,31.48,31.7
2024-10-04T09:35:08Z,30.37,31.63
2024-10-04T11:06:30Z,31.85,31.57
2024-10-04T12:38:48Z,31.43,31.5
2024-10-07T03:43:38Z,26.98,28.35
2024-10-08T04:20:15Z,26.98,27.19
2024-10-08T05:51:42Z,26.98,27.13
2024-10-09T03:22:07Z,25.48,26.39
2024-10-09T04:55:04Z,25.48,26.36
2024-10-10T07:03:15Z,25.48,26.07
2024-10-12T08:13:01Z,26.98,27.37
2024-10-12T09:44:02Z,26.12,27.44
2024-10-13T07:14:21Z,28.48,28.49
2024-10-13T08:47:18Z,28.48,28.56
2024-10-16T11:56:40Z,29.28,32.21
2024-10-16T13:28:22Z,30.88,32.27
2024-10-17T10:54:01Z,30.82,33.08
2024-10-17T12:27:22Z,31.63,33.13
2024-10-20T15:27:16Z,34.38,35.09
2024-10-20T16:58:58Z,34.58,35.12
2024-10-21T14:24:28Z,34.65,35.47
2024-10-21T15:55:38Z,34.8,35.49
2024-10-22T17:56:24Z,36.45,35.82
2024-10-24T18:51:10Z,34.68,36.19
2024-10-25T16:14:54Z,34.95,36.27
2024-10-25T17:46:55Z,35.18,36.27
2024-10-28T20:36:17Z,34.5,36.16
2024-10-28T22:07:51Z,36.55,36.15
2024-10-29T19:29:35Z,36.17,36.03
2024-10-29T21:00:59Z,36.13,36.02
2024-10-30T22:55:37Z,35.98,35.82
2024-10-31T20:16:29Z,34.48,35.63
2024-10-31T21:47:56Z,34.47,35.62
2024-11-02T19:30:08Z,34.48,35.15
2024-11-02T21:01:35Z,34.48,35.13
2024-11-03T21:23:25Z,34.48,34.88
2024-11-03T22:54:52Z,34.48,34.86
2024-11-04T23:16:03Z,34.47,34.64
2024-11-05T00:46:44Z,32.98,34.63
2024-11-05T02:18:11Z,32.98,34.61
2024-11-05T05:19:35Z,32.98,34.59
2024-11-05T22:04:24Z,34.47,34.47
2024-11-05T23:35:14Z,33.22,34.46
2024-11-06T20:53:04Z,34.47,34.36
2024-11-06T22:23:45Z,32.98,34.36
2024-11-08T00:14:25Z,32.78,34.33
2024-11-08T01:44:33Z,34.25,34.34
2024-11-08T23:00:09Z,34.48,34.4
2024-11-09T00:31:36Z,34.48,34.4
2024-11-10T00:47:07Z,34.67,34.56
2024-11-10T02:18:43Z,34.57,34.57
2024-11-10T03:49:39Z,33.18,34.59
2024-11-10T05:20:36Z,34.63,34.6
2024-11-10T11:23:28Z,33.48,34.65
2024-11-10T12:54:34Z,34.18,34.66
2024-11-10T14:24:45Z,34.48,34.68
2024-11-10T15:56:57Z,32.98,34.69
2024-11-10T23:31:03Z,34.48,34.77
2024-11-11T01:02:30Z,34.48,34.78
2024-11-12T02:46:43Z,35.98,35.06
2024-11-13T16:36:08Z,34.48,35.51
2024-11-13T18:06:50Z,35.98,35.53
2024-11-13T19:37:32Z,34.48,35.54
2024-11-13T21:08:14Z,35.98,35.56
2024-11-14T18:17:49Z,35.98,35.8
2024-11-14T19:47:46Z,35.98,35.82
2024-11-15T10:55:08Z,35.72,35.98
2024-11-15T12:25:40Z,35.85,35.99
2024-11-17T08:11:11Z,35.98,36.37
2024-11-17T09:41:39Z,34.02,36.38
2024-11-18T00:45:38Z,35.98,36.48
2024-11-18T05:16:59Z,35.98,36.5
2024-11-18T20:21:04Z,34.47,36.57
2024-11-19T20:23:28Z,35.98,36.65
