day,date_utc,beta_deg,sunlit_fraction,alt_km,raan_deg,sB_mean_sunlit,q_sun_bp,q_sun_bm,q_sun_side,q_alb_bp,q_alb_bm,q_alb_side,F_bp,F_bm,F_side
0,2025-10-10,-56.50066,0.71979,412.52031,93.55409,-0.28416,0.00455,0.28871,0.19681,0.12268,0.01004,0.05561,0.34589,0.38163,0.31648
1,2025-10-11,-54.64098,0.70833,412.52031,88.5875,-0.26623,0.00891,0.27514,0.19279,0.12203,0.01578,0.05907,0.34583,0.38167,0.31649
2,2025-10-12,-52.13035,0.69948,412.52031,83.6209,-0.24828,0.01625,0.26453,0.1889,0.12142,0.02324,0.06337,0.34579,0.38169,0.3165
3,2025-10-13,-49.09667,0.68438,412.52031,78.6543,-0.22939,0.02577,0.25515,0.1827,0.12074,0.03211,0.06821,0.34577,0.3817,0.3165
4,2025-10-14,-45.65659,0.67448,412.52031,73.68771,-0.21034,0.03677,0.24711,0.17784,0.11983,0.04206,0.07332,0.34576,0.38168,0.3165
5,2025-10-15,-41.90777,0.66406,412.52031,68.72111,-0.19112,0.0483,0.23942,0.17272,0.11853,0.05281,0.07848,0.34576,0.38165,0.31651
6,2025-10-16,-37.92851,0.65469,412.49095,63.7546,-0.1706,0.06091,0.2315,0.16803,0.11672,0.06406,0.08348,0.34578,0.38162,0.31652
8,2025-10-18,-29.51172,0.6401,411.42742,53.82079,-0.12684,0.08788,0.21472,0.16083,0.11126,0.08723,0.09254,0.34596,0.38171,0.31675
9,2025-10-19,-25.16048,0.63542,410.82354,48.85181,-0.10398,0.10183,0.2058,0.15898,0.10748,0.09876,0.09636,0.34605,0.38177,0.31688
10,2025-10-20,-20.75876,0.63125,410.27608,43.88093,-0.08057,0.1157,0.19628,0.15765,0.10298,0.11003,0.0996,0.34613,0.38183,0.317
11,2025-10-21,-16.33533,0.62865,409.77766,38.90972,-0.05598,0.12972,0.18571,0.15696,0.0978,0.1209,0.10222,0.34618,0.38189,0.31711
12,2025-10-22,-11.91392,0.62656,409.29681,33.93708,-0.03218,0.14316,0.17533,0.1563,0.09203,0.13126,0.10418,0.34623,0.38197,0.31721
14,2025-10-24,-3.16805,0.62448,408.33435,23.98687,0.01579,0.16856,0.15278,0.1551,0.07899,0.14992,0.10606,0.34636,0.38215,0.31741
16,2025-10-26,5.29405,0.62344,407.44362,14.03227,0.06114,0.1906,0.12946,0.15372,0.06459,0.16535,0.10531,0.34657,0.38229,0.31757
17,2025-10-27,9.35629,0.62344,407.03473,9.05318,0.08195,0.20002,0.11807,0.15335,0.05717,0.17173,0.10404,0.3467,0.38233,0.31765
18,2025-10-28,13.2682,0.625,406.58067,4.07254,0.10098,0.20842,0.10743,0.15368,0.04978,0.1772,0.10226,0.34688,0.38234,0.31773
19,2025-10-29,16.99635,0.625,406.09175,359.09127,0.11842,0.21534,0.09692,0.15388,0.04256,0.18179,0.10005,0.3471,0.38233,0.31782
20,2025-10-30,20.50425,0.62813,405.59044,354.10774,0.13496,0.22194,0.08698,0.15532,0.03564,0.18553,0.09751,0.34736,0.38228,0.31792
21,2025-10-31,23.74867,0.62917,405.09615,349.12337,0.14841,0.22666,0.07825,0.15616,0.02918,0.18848,0.09474,0.34765,0.38219,0.31801
22,2025-11-01,26.68346,0.63177,404.62586,344.13826,0.15978,0.23054,0.07076,0.15765,0.02331,0.19073,0.09188,0.34796,0.38205,0.31811
23,2025-11-02,29.25883,0.63333,404.19731,339.15186,0.16895,0.23311,0.06416,0.15889,0.01816,0.19236,0.08906,0.3483,0.38186,0.31819
24,2025-11-03,31.42239,0.63438,403.76274,334.16516,0.17641,0.23499,0.05859,0.15992,0.01383,0.19351,0.08644,0.34865,0.38164,0.31828
25,2025-11-04,33.12419,0.6375,403.29751,329.17585,0.18123,0.23593,0.0547,0.16156,0.0104,0.19427,0.08417,0.34901,0.3814,0.31838
26,2025-11-05,34.31784,0.63698,402.84278,324.18639,0.18467,0.23621,0.05153,0.16198,0.00791,0.19476,0.08239,0.34937,0.38116,0.31848
27,2025-11-06,34.96793,0.63698,402.25074,319.19515,0.18592,0.23595,0.05004,0.16232,0.00635,0.19506,0.08123,0.34974,0.38094,0.31862
28,2025-11-07,35.05217,0.63542,401.65814,314.20006,0.18539,0.23531,0.04992,0.16187,0.0057,0.19523,0.08076,0.35007,0.38073,0.31875
29,2025-11-08,34.56642,0.63333,401.10057,309.20524,0.18268,0.23397,0.0513,0.161,0.00595,0.19525,0.08101,0.35035,0.38054,0.31889
30,2025-11-09,33.52404,0.62969,400.55924,304.20979,0.17828,0.2324,0.05412,0.15937,0.00708,0.19512,0.08193,0.35059,0.38038,0.31902
31,2025-11-10,31.95405,0.62604,399.99324,299.21358,0.1721,0.23017,0.05806,0.1576,0.00907,0.19478,0.08343,0.35077,0.38027,0.31916
32,2025-11-11,29.89645,0.62344,399.29317,294.21433,0.16434,0.22769,0.06335,0.15602,0.01191,0.19414,0.08539,0.3509,0.38025,0.31934
33,2025-11-12,27.39913,0.61875,398.36932,289.21336,0.15397,0.22378,0.06981,0.15388,0.01552,0.19313,0.08767,0.35101,0.38033,0.31955
34,2025-11-13,24.51201,0.61354,397.4481,284.21025,0.14271,0.21915,0.07644,0.15177,0.01983,0.19163,0.09009,0.35106,0.38049,0.31977
36,2025-11-15,17.7642,0.60573,396.24303,274.1968,0.11395,0.20678,0.09283,0.14915,0.03001,0.18671,0.09476,0.35097,0.38082,0.32005
37,2025-11-16,13.99192,0.60312,395.59677,269.18818,0.09704,0.19921,0.10217,0.14879,0.03563,0.18317,0.09677,0.35093,0.38103,0.32019
38,2025-11-17,10.00496,0.60052,394.97467,264.17742,0.07852,0.19058,0.11206,0.14879,0.0414,0.17882,0.09841,0.35089,0.38124,0.32033
39,2025-11-18,5.83633,0.59948,394.41311,259.16596,0.0584,0.18104,0.12264,0.14941,0.04719,0.17362,0.09959,0.35087,0.38143,0.32045
40,2025-11-19,1.51363,0.6,393.90483,254.15317,0.03702,0.17067,0.13364,0.15044,0.05286,0.16756,0.10022,0.35085,0.3816,0.32056
41,2025-11-20,-2.93856,0.59844,393.41636,249.13916,0.0151,0.15894,0.14384,0.15077,0.05829,0.16064,0.10026,0.35084,0.38178,0.32066
42,2025-11-21,-7.50002,0.59948,392.7964,244.12289,-0.00798,0.14665,0.15463,0.15163,0.06337,0.1529,0.09965,0.35087,0.38197,0.32079
43,2025-11-22,-12.15121,0.60104,392.28027,239.10591,-0.03143,0.13376,0.16519,0.15244,0.06797,0.14437,0.09835,0.35089,0.38216,0.32089
44,2025-11-23,-16.87584,0.60365,391.75558,234.08746,-0.05566,0.12014,0.1758,0.15328,0.07201,0.1351,0.09635,0.35091,0.38237,0.32099
45,2025-11-24,-21.65917,0.60677,391.1848,229.06714,-0.07963,0.1061,0.18574,0.15423,0.07542,0.12518,0.09365,0.35095,0.38261,0.3211
46,2025-11-25,-26.48635,0.61198,390.59322,224.04561,-0.1032,0.09218,0.19538,0.15599,0.07813,0.11468,0.09025,0.35098,0.38288,0.32121
47,2025-11-26,-31.34291,0.61823,390.04206,219.02287,-0.12705,0.07789,0.20495,0.15841,0.08008,0.1037,0.08617,0.351,0.38318,0.3213
48,2025-11-27,-36.21445,0.62708,389.52162,213.99811,-0.15037,0.06404,0.2144,0.1621,0.08122,0.09234,0.08145,0.351,0.38349,0.32139
49,2025-11-28,-41.08358,0.63698,388.97519,208.97169,-0.17346,0.05027,0.22373,0.16663,0.08153,0.08074,0.07613,0.35101,0.38382,0.32148
50,2025-11-29,-45.92866,0.65,388.41858,203.94469,-0.19591,0.03726,0.23316,0.17226,0.08102,0.06902,0.07029,0.35104,0.38416,0.32156
51,2025-11-30,-50.72307,0.66823,387.86893,198.91597,-0.21811,0.02551,0.24362,0.17965,0.07971,0.05735,0.064,0.35106,0.38451,0.32164
52,2025-12-01,-55.42786,0.69323,387.31795,193.88573,-0.24268,0.01514,0.25782,0.18886,0.07767,0.04591,0.05738,0.35109,0.38485,0.32171
53,2025-12-02,-59.98417,0.72552,386.72046,188.85384,-0.2706,0.00722,0.27782,0.19989,0.07502,0.0349,0.05057,0.35111,0.3852,0.3218
54,2025-12-03,-64.29654,0.77188,386.04509,183.82032,-0.3077,0.00217,0.30987,0.21434,0.07197,0.02462,0.0438,0.35113,0.38556,0.32191
55,2025-12-04,-68.20503,0.85521,385.20086,178.78502,-0.37457,2e-05,0.37459,0.23621,0.06887,0.01551,0.03742,0.35115,0.38595,0.32206
57,2025-12-06,-73.597,1.0,383.75184,168.70763,-0.48103,0.0,0.48103,0.27406,0.06458,0.00359,0.02829,0.3511,0.3866,0.32234
58,2025-12-07,-74.2267,1.0,383.05386,163.66597,-0.48197,0.0,0.48197,0.27419,0.06422,0.00258,0.02743,0.35107,0.38688,0.3225
59,2025-12-08,-73.16376,1.0,382.42072,158.62397,-0.47794,0.0,0.47794,0.27365,0.06514,0.00551,0.02982,0.35104,0.3871,0.32265
60,2025-12-09,-70.68179,0.96406,381.71244,153.5787,-0.44241,0.0002,0.44261,0.26468,0.06731,0.01191,0.03473,0.35104,0.38731,0.32281
61,2025-12-10,-67.24366,0.83698,380.92095,148.53243,-0.34701,0.00216,0.34917,0.2323,0.07028,0.0209,0.04113,0.35109,0.38751,0.32299
62,2025-12-11,-63.22082,0.7724,380.04236,143.4828,-0.29531,0.00679,0.3021,0.21358,0.07344,0.03162,0.04825,0.35119,0.38771,0.32319
63,2025-12-12,-58.8515,0.73229,379.21618,138.4318,-0.26236,0.01522,0.27758,0.20029,0.07633,0.04346,0.0556,0.35131,0.38787,0.32337
64,2025-12-13,-54.27289,0.70312,378.45569,133.37791,-0.23602,0.02573,0.26175,0.18967,0.07872,0.05598,0.0629,0.35145,0.388,0.32353
65,2025-12-14,-49.57079,0.68125,377.91733,128.32216,-0.21185,0.03703,0.24888,0.18104,0.08043,0.06887,0.06994,0.35156,0.38807,0.32365
66,2025-12-15,-44.79932,0.66823,377.3781,123.26634,-0.18827,0.04999,0.23827,0.17503,0.08135,0.0819,0.07657,0.35169,0.38813,0.32377
67,2025-12-16,-39.99338,0.65573,376.8171,118.2089,-0.1642,0.06408,0.22828,0.16915,0.08143,0.09489,0.08269,0.35183,0.38818,0.32389
68,2025-12-17,-35.17916,0.64583,376.25577,113.14965,-0.13985,0.07869,0.21854,0.16452,0.08065,0.10766,0.0882,0.35197,0.38823,0.32401
69,2025-12-18,-30.37786,0.6375,375.70059,108.08893,-0.11523,0.09351,0.20875,0.16097,0.07901,0.12007,0.09306,0.3521,0.38828,0.32414
70,2025-12-19,-25.60767,0.63125,375.18274,103.02728,-0.09061,0.10837,0.19898,0.15861,0.07654,0.132,0.09721,0.35222,0.38832,0.32426
71,2025-12-20,-20.88406,0.62604,374.66782,97.96322,-0.06571,0.12283,0.18854,0.15678,0.07329,0.14335,0.10063,0.35233,0.38838,0.32437
72,2025-12-21,-16.22506,0.6224,374.08454,92.89916,-0.04121,0.13691,0.17812,0.15544,0.06935,0.15402,0.1033,0.35245,0.38847,0.3245
73,2025-12-22,-11.64566,0.62031,373.3786,87.8326,-0.01693,0.15043,0.16736,0.1545,0.0648,0.16392,0.10522,0.35259,0.38858,0.32465
74,2025-12-23,-7.16445,0.61719,372.7105,82.76438,0.00729,0.16317,0.15588,0.15313,0.05974,0.17299,0.10642,0.35272,0.38869,0.32479
76,2025-12-25,1.42256,0.61562,371.29377,72.62111,0.05167,0.1859,0.13423,0.15138,0.04863,0.18833,0.10675,0.35306,0.38889,0.32508
78,2025-12-27,9.34431,0.61458,369.78876,62.47092,0.09043,0.20416,0.11373,0.15012,0.03704,0.19977,0.10472,0.3535,0.38901,0.3254
79,2025-12-28,12.98172,0.61562,368.93598,57.39284,0.10678,0.21155,0.10478,0.15026,0.03141,0.20405,0.10303,0.35378,0.38904,0.32558
80,2025-12-29,16.35635,0.61615,367.98981,52.31185,0.1217,0.21779,0.09609,0.15054,0.02609,0.20742,0.10101,0.35411,0.38905,0.32578
81,2025-12-30,19.4279,0.61771,367.03343,47.22856,0.13411,0.22288,0.08877,0.15119,0.02121,0.20994,0.09881,0.35446,0.38903,0.32599
82,2025-12-31,22.15223,0.61771,366.05289,42.14343,0.1448,0.22686,0.08206,0.15153,0.01689,0.21171,0.09654,0.35484,0.38898,0.32621
83,2026-01-01,24.48544,0.61927,365.053,37.05484,0.15265,0.22984,0.07719,0.15238,0.01324,0.21281,0.09435,0.35523,0.3889,0.32643
84,2026-01-02,26.38185,0.61979,364.02483,31.96359,0.15889,0.23186,0.07298,0.1529,0.01034,0.21334,0.09238,0.35564,0.38881,0.32666
85,2026-01-03,27.80059,0.61979,362.99974,26.8693,0.16303,0.23308,0.07004,0.15322,0.00823,0.21341,0.09077,0.35604,0.3887,0.32689
86,2026-01-04,28.70738,0.61979,362.10283,21.77292,0.16509,0.23344,0.06835,0.15344,0.00695,0.21309,0.08962,0.35641,0.38857,0.3271
87,2026-01-05,29.07783,0.61875,361.2297,16.67346,0.1657,0.23321,0.0675,0.15318,0.0065,0.21245,0.08903,0.35676,0.38844,0.32731
88,2026-01-06,28.90205,0.61719,360.34972,11.57261,0.16469,0.23223,0.06754,0.15261,0.00688,0.21153,0.08903,0.35707,0.38833,0.32752
89,2026-01-07,28.18456,0.61562,359.54114,6.47061,0.16138,0.23042,0.06904,0.15188,0.00812,0.21032,0.08961,0.35735,0.38823,0.32773
90,2026-01-08,26.94434,0.6125,358.62715,1.36438,0.15664,0.22785,0.0712,0.15065,0.01022,0.20881,0.0907,0.35761,0.38818,0.32795
91,2026-01-09,25.21168,0.60938,357.73947,356.2567,0.15026,0.22467,0.0744,0.14949,0.01314,0.20693,0.09219,0.35782,0.38818,0.32817
92,2026-01-10,23.02567,0.60677,356.92965,351.14609,0.14155,0.22072,0.07917,0.14858,0.01686,0.20459,0.09396,0.35797,0.38822,0.32838
93,2026-01-11,20.4301,0.60469,355.96734,346.03414,0.13052,0.21582,0.0853,0.14787,0.0213,0.20175,0.09588,0.35809,0.38836,0.32861
94,2026-01-12,17.47016,0.60208,355.15434,340.91875,0.11809,0.20991,0.09182,0.14732,0.02635,0.19829,0.0978,0.35815,0.38853,0.32881
95,2026-01-13,14.19099,0.59948,354.47809,335.80218,0.10369,0.20293,0.09924,0.14708,0.03186,0.19414,0.09957,0.35816,0.38872,0.32897
96,2026-01-14,10.63526,0.59844,353.86241,330.68369,0.08706,0.1951,0.10804,0.14756,0.03773,0.18922,0.1011,0.35816,0.38893,0.32911
97,2026-01-15,6.84082,0.59688,353.17532,325.5633,0.0685,0.18588,0.11738,0.14812,0.04383,0.18349,0.10228,0.35818,0.38915,0.32926
98,2026-01-16,2.84267,0.59688,352.35262,320.44109,0.04829,0.176,0.12771,0.14907,0.05005,0.17693,0.10305,0.35823,0.38938,0.32945
99,2026-01-17,-1.32847,0.59635,351.39351,315.31661,0.02673,0.16484,0.13811,0.14979,0.05625,0.16953,0.10333,0.35832,0.38963,0.32967
100,2026-01-18,-5.64501,0.59688,350.43592,310.18959,0.00379,0.15279,0.149,0.15062,0.0623,0.16125,0.10302,0.35842,0.38985,0.32989
101,2026-01-19,-10.08249,0.59792,349.34041,305.05919,-0.0195,0.13998,0.15948,0.15142,0.06807,0.15216,0.1021,0.35856,0.39009,0.33014
102,2026-01-20,-14.61827,0.59896,347.175,299.92601,-0.04295,0.12668,0.16963,0.15195,0.07351,0.14239,0.10061,0.3589,0.39052,0.33063
103,2026-01-21,-19.23496,0.6,345.49751,294.78495,-0.06711,0.11247,0.17958,0.15226,0.07839,0.13182,0.09836,0.35917,0.39086,0.33101
104,2026-01-22,-23.90597,0.60833,344.41976,289.64107,-0.09055,0.09921,0.18976,0.15477,0.08265,0.12061,0.0954,0.35934,0.39109,0.33126
105,2026-01-23,-28.61279,0.60938,343.05573,284.49432,-0.1164,0.08367,0.20007,0.15523,0.08623,0.10889,0.09176,0.35956,0.3914,0.33157
106,2026-01-24,-33.33196,0.61719,341.62767,279.34474,-0.13931,0.06992,0.20924,0.15821,0.08906,0.09678,0.08747,0.35977,0.39175,0.33189
107,2026-01-25,-38.03896,0.62448,340.14827,274.1907,-0.16216,0.05604,0.2182,0.1616,0.0911,0.08442,0.08258,0.35999,0.39213,0.33222
108,2026-01-26,-42.70293,0.63542,338.70388,269.03143,-0.18457,0.04291,0.22748,0.16643,0.09237,0.07195,0.07716,0.36018,0.39254,0.33254
109,2026-01-27,-47.28224,0.64792,337.23594,263.86829,-0.20613,0.03072,0.23685,0.17195,0.09289,0.05959,0.07131,0.36038,0.39296,0.33286
110,2026-01-28,-51.72071,0.66354,335.70497,258.70185,-0.22719,0.02002,0.24721,0.17847,0.09276,0.04755,0.06518,0.36058,0.39343,0.3332
111,2026-01-29,-55.93985,0.68333,334.10087,253.53114,-0.24952,0.01115,0.26067,0.18595,0.09211,0.03613,0.05896,0.36077,0.39394,0.33354
112,2026-01-30,-59.82276,0.70833,332.6281,248.35758,-0.27403,0.00492,0.27894,0.19482,0.09118,0.02569,0.05291,0.3609,0.39446,0.33386
113,2026-01-31,-63.20377,0.73802,331.32283,243.17857,-0.30255,0.00134,0.30389,0.20426,0.09029,0.01669,0.04742,0.36096,0.395,0.33413
114,2026-02-01,-65.84989,0.76979,329.95384,237.99513,-0.33449,0.00012,0.33462,0.21318,0.08984,0.00966,0.04297,0.36099,0.39558,0.33443
115,2026-02-02,-67.48461,0.79583,328.35152,232.80843,-0.3593,1e-05,0.35931,0.22,0.09013,0.00518,0.04019,0.36101,0.3962,0.33479
116,2026-02-03,-67.87211,0.80208,326.67639,227.61733,-0.36506,9e-05,0.36515,0.22158,0.09119,0.00377,0.03966,0.36104,0.39682,0.33518
117,2026-02-04,-66.93971,0.78542,324.94797,222.42229,-0.34981,0.00029,0.3501,0.21735,0.0929,0.00559,0.04162,0.3611,0.39739,0.3356
118,2026-02-05,-64.82374,0.75677,322.87548,217.22194,-0.32136,0.00098,0.32234,0.20969,0.09517,0.01041,0.04572,0.36127,0.39797,0.33611
119,2026-02-06,-61.78197,0.72708,321.09986,212.01506,-0.29015,0.00338,0.29353,0.20077,0.09784,0.0177,0.05128,0.36146,0.39842,0.33655
120,2026-02-07,-58.07487,0.70208,319.21495,206.80222,-0.26237,0.00935,0.27172,0.1923,0.10069,0.02689,0.05776,0.36174,0.39884,0.33701
121,2026-02-08,-53.90967,0.67969,317.29956,201.58626,-0.23785,0.01845,0.2563,0.18385,0.10338,0.03742,0.06469,0.36211,0.39921,0.33747
122,2026-02-09,-49.42999,0.66198,315.31789,196.36613,-0.21547,0.02917,0.24464,0.17644,0.10561,0.04886,0.07171,0.36253,0.39957,0.33795
123,2026-02-10,-44.73362,0.64635,313.29511,191.14101,-0.19254,0.04137,0.23391,0.16954,0.10717,0.06085,0.07857,0.363,0.39991,0.33843
124,2026-02-11,-39.88462,0.6349,311.092,185.90791,-0.16968,0.05513,0.22482,0.16386,0.10792,0.07311,0.08508,0.3635,0.40027,0.33897
125,2026-02-12,-34.93191,0.62604,308.80887,180.66846,-0.14729,0.06938,0.21666,0.15909,0.10777,0.0854,0.09107,0.36402,0.40065,0.33952
126,2026-02-13,-29.91036,0.6151,306.57856,175.42338,-0.1216,0.08416,0.20576,0.15465,0.10663,0.09754,0.09644,0.36451,0.40102,0.34008
127,2026-02-14,-24.84641,0.61146,304.16724,170.17289,-0.09667,0.09973,0.1964,0.15297,0.10452,0.10931,0.10109,0.36501,0.40144,0.34068
128,2026-02-15,-19.75981,0.60625,301.55881,164.91492,-0.07063,0.11489,0.18552,0.15131,0.10145,0.12057,0.10496,0.36553,0.40189,0.34134
