session,downlink_date,pakt_num,time_s,qi,qj,qk,qw,qnorm_raw,wx,wy,wz,wmag,ax,ay,az,sap_xm,sap_yp,sap_ym,sap_zp,sap_zm
20251012_boot,2025-10-12,0,6,0.127319,-0.670471,-0.075012,0.727051,16383.76653886401,,,,,0,0,0,1678,8,83,3257,16
20251012_boot,2025-10-12,1,7,0.237183,-0.677063,0.006287,0.696655,16384.311093237946,15.952,-0.757,-1.839,16.075,0,0,0,437,8,79,3259,18
20251012_boot,2025-10-12,2,8,0.368286,-0.648865,0.108154,0.656982,16383.863921554037,19.566,1.856,-2.791,19.851,0,0,0,12,9,93,3287,18
20251012_boot,2025-10-12,3,10,0.452332,-0.569763,0.216125,0.651245,16384.52706061423,7.821,4.541,-0.697,9.071,0,0,0,11,9,100,3286,635
20251012_boot,2025-10-12,4,11,0.553406,-0.499756,0.293274,0.598267,16383.560724091696,17.128,3.274,-3.171,17.724,0,0,0,12,9,54,3285,1586
20251012_boot,2025-10-12,5,13,0.635193,-0.4151,0.356506,0.545105,16384.11706501147,7.749,2.017,-1.972,8.247,0,0,0,12,66,13,3286,2257
20251012_boot,2025-10-12,6,14,0.686157,-0.328613,0.423157,0.492065,16383.905303681415,13.788,5.665,-2.396,15.097,0,0,0,109,982,13,3285,2196
20251012_boot,2025-10-12,7,16,0.750488,-0.251038,0.441406,0.422913,16383.566461549206,6.774,0.043,-2.075,7.085,0,0,0,1629,1185,13,3282,1275
20251012_boot,2025-10-12,10,20,0.716064,-0.115112,0.620239,0.298828,16383.951904226282,5.315,5.092,1.073,7.438,0,0,0,453,9,91,3260,16
20251012_boot,2025-10-12,11,21,0.723206,-0.08374,0.634583,0.259277,16383.659481324677,5.912,1.223,0.634,6.07,0,0,0,13,9,91,3257,17
20251012_boot,2025-10-12,12,23,0.7229,-0.054626,0.652527,0.220703,16384.575002117082,2.74,1.003,0.464,2.954,0,0,0,12,9,95,3255,16
20251012_boot,2025-10-12,13,24,0.724304,-0.024414,0.665222,0.179688,16384.169982028383,5.774,1.455,0.877,6.019,0,0,0,12,9,22,3279,207
20251012_boot,2025-10-12,14,26,0.723816,0.008057,0.675842,0.138977,16384.424402462235,2.938,0.737,0.314,3.045,0,0,0,12,37,13,3278,1595
20251012_boot,2025-10-12,15,27,0.72644,0.040833,0.679443,0.094482,16383.616603180142,6.271,0.659,0.788,6.354,0,0,0,11,205,14,3277,2394
20251012_boot,2025-10-12,16,29,0.719666,0.078003,0.688477,0.045044,16384.26101476658,3.449,0.957,0.411,3.603,0,0,0,968,12,14,3275,2245
20251012_boot,2025-10-12,17,30,-0.721008,-0.120117,-0.682312,0.011169,16383.635829692992,8.027,0.106,0.943,8.083,0,0,0,2132,9,27,3274,1071
20251012_boot,2025-10-12,18,32,-0.707764,-0.170593,-0.681458,0.074463,16383.676815660152,4.608,0.887,0.299,4.702,0,0,0,2124,8,110,3246,16
20251012_boot,2025-10-12,19,33,-0.685547,-0.228699,-0.67511,0.148132,16383.951995779284,10.843,2.168,0.661,11.077,0,0,0,1006,9,123,3247,15
20251012_boot,2025-10-12,20,35,-0.650208,-0.297668,-0.659668,0.231262,16384.16683875015,6.449,1.267,0.175,6.575,0,0,0,12,9,117,3248,16
20251012_boot,2025-10-12,21,36,-0.598083,-0.373718,-0.633423,0.318481,16384.197813747243,14.564,2.953,-0.156,14.861,0,0,0,12,8,13,3245,16
20251012_boot,2025-10-12,22,37,-0.532227,-0.454163,-0.584656,0.410706,16384.247404137914,16.712,2.46,0.141,16.892,0,0,0,13,1004,13,3243,17
20251012_boot,2025-10-12,23,39,-0.447021,-0.532654,-0.512268,0.503967,16383.589441877502,9.405,1.232,0.218,9.488,0,0,0,12,1883,13,3270,18
20251012_boot,2025-10-12,24,40,-0.335754,-0.600952,-0.420776,0.59082,16383.96633907675,20.582,3.22,0.093,20.833,0,0,0,12,2166,12,3266,989
20251012_boot,2025-10-12,25,42,-0.21051,-0.656128,-0.293091,0.662781,16383.991760251834,11.427,1.181,0.688,11.509,0,0,0,746,1731,12,3266,1504
20251012_boot,2025-10-12,26,43,-0.066101,-0.688599,-0.143677,0.707642,16383.484519478754,24.565,2.169,1.223,24.691,0,0,0,1907,551,12,3266,1315
20251012_boot,2025-10-12,27,45,0.090881,-0.685547,0.022827,0.721985,16384.140563361874,13.078,1.363,0.693,13.167,0,0,0,2288,9,54,3264,442
20251012_boot,2025-10-12,28,46,0.248962,-0.641785,0.195801,0.698425,16384.04647820556,27.288,3.188,1.513,27.515,0,0,0,1738,7,147,3234,16
20251012_boot,2025-10-12,29,48,0.398499,-0.555786,0.363098,0.632812,16383.9281614636,14.184,1.756,0.713,14.31,0,0,0,358,11,148,3236,17
20251020,2025-10-20,0,6,0.089294,-0.655762,0.01825,0.749451,16384.051605143337,,,,,0,0,0,101,9,123,2891,112
20251020,2025-10-20,1,7,0.207764,-0.632385,0.167297,0.727295,16384.18975720191,21.785,1.63,3.728,22.162,0,0,0,12,1051,17,2890,21
20251020,2025-10-20,2,8,0.35907,-0.56311,0.358643,0.652161,16383.692074743105,29.943,2.007,4.83,30.397,0,0,0,12,1136,17,2891,21
20251020,2025-10-20,3,10,0.498718,-0.435669,0.51947,0.540039,16384.154235113878,15.525,1.604,1.201,15.654,0,0,0,12,1001,18,2891,87
20251020,2025-10-20,4,11,0.592651,-0.282104,0.655518,0.373413,16383.66589014803,31.686,3.413,4.937,32.249,0,0,0,114,490,17,2892,458
20251020,2025-10-20,5,13,0.635864,-0.097107,0.745789,0.17334,16384.003356933248,16.356,2.197,2.501,16.692,0,0,0,342,7,18,2893,746
20251020,2025-10-20,6,14,-0.622559,-0.100708,-0.774536,0.049316,16384.488518107606,33.689,4.754,5.415,34.451,0,0,0,152,7,18,2895,899
20251020,2025-10-20,7,16,-0.550903,-0.290833,-0.734131,0.270081,16383.751401922576,17.008,2.514,2.758,17.413,0,0,0,13,7,269,2895,767
20251020,2025-10-20,8,17,-0.424988,-0.444214,-0.630066,0.474365,16383.557794325383,33.684,6.18,6.629,34.882,0,0,0,11,7,361,2895,693
20251020,2025-10-20,9,19,-0.263245,-0.558899,-0.469727,0.630676,16384.50252525233,16.672,2.838,3.138,17.201,0,0,0,24,7,296,2898,751
20251020,2025-10-20,10,20,-0.077271,-0.615845,-0.274841,0.734314,16383.91973857294,32.584,6.751,6.123,33.835,0,0,0,130,572,18,2933,268
20251020,2025-10-20,11,22,0.111877,-0.623169,-0.060791,0.771667,16384.183043411107,16.014,3.084,2.928,16.569,0,0,0,12,1115,17,2900,21
20251020,2025-10-20,12,23,0.286865,-0.577393,0.15332,0.748901,16384.28039310851,31.147,6.471,5.768,32.331,0,0,0,12,1114,16,2900,21
20251020,2025-10-20,13,24,0.444153,-0.482666,0.341309,0.673218,16383.606349030728,30.469,6.621,3.992,31.435,0,0,0,140,908,17,2901,21
20251020,2025-10-20,24,40,0.154724,-0.730835,-0.227722,0.624512,16383.439382498414,,,,,0,0,0,12,884,18,2908,20
20251020,2025-10-20,25,42,0.155823,-0.694336,-0.118652,0.692505,16384.200834950723,3.538,5.15,4.434,7.661,0,0,0,12,620,18,2909,20
20251020,2025-10-20,26,43,0.214661,-0.694214,-0.056519,0.684692,16384.082671910564,9.762,1.299,0.141,9.849,0,0,0,165,137,74,2909,91
20251020,2025-10-20,27,45,0.253784,-0.684326,-0.003418,0.683533,16383.486960961638,3.632,1.122,0.402,3.823,0,0,0,147,8,122,2908,69
20251020,2025-10-20,28,46,0.282593,-0.677124,0.044067,0.677979,16383.610224855815,6.142,1.522,1.249,6.45,0,0,0,128,138,150,2904,58
20251020,2025-10-20,29,48,0.303772,-0.669861,0.082764,0.672424,16383.961029006387,2.433,0.64,0.578,2.581,0,0,0,42,698,89,2902,326
20251020,2025-10-20,32,52,0.338928,-0.67865,0.152161,0.633606,16384.388301062692,2.329,-0.394,0.832,2.504,0,0,0,154,615,18,2904,298
20251020,2025-10-20,33,54,0.338867,-0.6875,0.170898,0.619141,16384.234373323645,0.93,-0.519,0.981,1.448,0,0,0,641,497,18,2903,22
20251020,2025-10-20,34,55,0.33905,-0.691833,0.194519,0.607117,16384.139525773087,2.256,-0.341,2.065,3.078,0,0,0,593,395,17,2905,21
20251020,2025-10-20,35,56,0.346741,-0.683777,0.232056,0.598694,16384.52486341914,4.019,1.18,1.877,4.59,0,0,0,103,656,18,2906,20
20251020,2025-10-20,36,58,0.369019,-0.659851,0.282837,0.59021,16383.366351272256,3.242,1.202,0.507,3.495,0,0,0,12,860,18,2906,21
20251020,2025-10-20,37,59,0.40979,-0.619751,0.343201,0.574585,16383.62099781364,9.294,2.765,-0.19,9.698,0,0,0,12,1073,18,2904,21
20251020,2025-10-20,38,61,0.462341,-0.563782,0.415649,0.543762,16384.418665305155,6.139,1.419,-0.189,6.304,0,0,0,13,1105,18,2903,22
20251020,2025-10-20,39,62,0.521423,-0.495422,0.491394,0.491089,16383.688687227916,14.662,2.061,-0.211,14.808,0,0,0,160,917,17,2902,21
20251020,2025-10-20,40,64,0.582031,-0.409546,0.566162,0.415894,16383.960693312225,8.524,0.812,-0.065,8.563,0,0,0,611,374,17,2932,94
20251020,2025-10-20,41,65,0.60199,-0.111267,0.691162,0.384094,16384.044769225944,28.801,20.122,-13.042,37.476,0,0,0,1085,8,17,2938,32
20251020,2025-10-20,42,67,0.684509,-0.108398,0.707214,0.139648,16383.647762326924,10.582,-4.257,9.515,14.853,0,0,0,1139,8,18,2901,19
20251020,2025-10-20,43,68,-0.711975,0.026917,-0.695557,0.092468,16383.856292094362,25.366,-4.769,12.015,28.47,0,0,0,955,8,416,2901,20
20251020,2025-10-20,44,70,-0.661804,-0.164307,-0.683044,0.261658,16383.966644253156,14.939,0.217,-0.925,14.969,0,0,0,378,8,324,2906,23
20251020,2025-10-20,45,71,-0.581848,-0.318237,-0.597046,0.451416,16384.511741275663,30.833,-1.322,4.305,31.16,0,0,0,360,7,145,2907,21
20251020,2025-10-20,46,72,-0.436951,-0.46991,-0.479736,0.59845,16384.245695179256,32.382,-0.397,0.741,32.393,0,0,0,736,66,18,2906,87
20251020,2025-10-20,47,74,-0.247498,-0.588257,-0.331116,0.695007,16383.786589186275,16.391,0.029,-0.318,16.394,0,0,0,907,194,17,2902,20
20251020,2025-10-20,48,75,-0.061646,-0.630859,-0.133667,0.761841,16384.426141919037,32.05,2.599,4.586,32.481,0,0,0,841,8,18,2902,20
20251020,2025-10-20,49,77,0.130676,-0.619934,0.073975,0.770142,16383.876159199934,16.061,1.537,2.244,16.29,0,0,0,949,7,18,2898,20
20251020,2025-10-20,50,78,0.309204,-0.559326,0.275635,0.718018,16383.809202990617,31.795,3.194,4.711,32.301,0,0,0,656,8,255,2897,19
20251020,2025-10-20,51,80,0.461182,-0.450562,0.45575,0.613647,16383.713406917248,15.798,1.946,2.291,16.082,0,0,0,491,8,866,2891,20
20251020,2025-10-20,52,81,0.57312,-0.309143,0.602539,0.461487,16384.487480540854,31.28,4.052,5.081,31.948,0,0,0,12,8,1252,2892,20
20251020,2025-10-20,53,83,0.64032,-0.134705,0.702148,0.280701,16383.673183996316,15.703,2.392,1.982,16.008,0,0,0,11,7,1172,2893,22
20251020,2025-10-20,54,84,0.653015,0.046936,0.752075,0.075745,16383.886199555953,31.239,5.391,4.633,32.037,0,0,0,12,7,634,2893,29
20251020,2025-10-20,55,86,-0.610352,-0.22699,-0.746399,0.137207,16383.922179990968,15.766,3.02,2.331,16.221,0,0,0,39,7,152,2893,172
20251020,2025-10-20,74,113,-0.323914,-0.670288,-0.488159,0.455505,16383.923400699845,,,,,0,0,0,13,8,175,2879,856
20251020,2025-10-20,75,115,-0.291992,-0.694031,-0.444885,0.484863,16383.618464795865,3.707,0.598,0.284,3.765,0,0,0,12,7,18,2878,1087
20251020,2025-10-20,76,116,-0.271667,-0.707825,-0.40802,0.508606,16383.831175888014,5.561,0.925,1.181,5.76,0,0,0,204,7,18,2878,870
20251020,2025-10-20,77,118,-0.255981,-0.711365,-0.376892,0.535156,16384.050475996464,2.216,0.856,0.837,2.519,0,0,0,970,8,19,2907,135
20251020,2025-10-20,78,119,-0.242676,-0.713745,-0.346375,0.558289,16383.877624054692,4.086,1.42,1.717,4.654,0,0,0,1128,8,18,2879,20
20251020,2025-10-20,79,120,-0.227478,-0.716492,-0.314758,0.579529,16384.270627647726,4.259,1.286,1.547,4.71,0,0,0,587,8,174,2882,20
20251020,2025-10-20,80,122,-0.207214,-0.721558,-0.278198,0.599182,16383.97271726244,2.522,0.528,0.671,2.663,0,0,0,37,7,460,2884,54
20251020,2025-10-20,81,123,-0.18103,-0.732239,-0.23175,0.614258,16383.725766747928,6.34,0.245,1.252,6.467,0,0,0,200,8,209,2883,57
20251020,2025-10-20,82,125,-0.144104,-0.743958,-0.172363,0.629272,16383.4403590943,4.106,0.092,0.619,4.154,0,0,0,132,294,115,2878,21
20251020,2025-10-20,83,126,-0.090881,-0.752075,-0.094238,0.645935,16383.913757097234,10.951,0.597,1.293,11.043,0,0,0,12,255,17,2877,872
20251020,2025-10-20,84,128,-0.011353,-0.750183,0.002869,0.661133,16384.0687864767,7.216,0.65,0.26,7.25,0,0,0,12,7,18,2877,1100
20251020,2025-10-20,85,129,0.096863,-0.729492,0.108276,0.668335,16383.480979327927,17.344,2.022,-1.298,17.509,0,0,0,13,8,18,2877,1088
20251020,2025-10-20,86,131,0.213928,-0.687256,0.227905,0.655701,16383.755064087109,9.865,1.032,-0.47,9.93,0,0,0,13,7,422,2876,593
20251020,2025-10-20,87,132,0.335876,-0.620178,0.348206,0.617493,16383.82263087586,21.452,1.806,-1.218,21.563,0,0,0,12,7,1023,2919,21
20251020,2025-10-20,88,134,0.450562,-0.528076,0.464172,0.55011,16383.565607034387,11.388,0.813,-0.403,11.424,0,0,0,13,8,1055,2878,20
20251020,2025-10-20,89,135,0.548157,-0.412415,0.569946,0.452332,16384.034149134335,23.928,1.656,-0.009,23.985,0,0,0,11,7,935,2879,31
20251020,2025-10-20,90,136,0.624634,-0.278015,0.654968,0.321838,16384.189665650236,25.159,1.154,0.88,25.201,0,0,0,98,8,354,2882,182
20251020,2025-10-20,91,138,0.669312,-0.122803,0.714233,0.163635,16383.70730329372,13.377,0.794,0.77,13.422,0,0,0,20,790,128,2882,85
20251020,2025-10-20,92,139,-0.674377,-0.045959,-0.736694,0.01947,16383.957733099778,28.566,1.916,2.418,28.732,0,0,0,12,1132,18,2881,20
20251020,2025-10-20,93,141,-0.634338,-0.216248,-0.710388,0.214844,16383.650966741205,15.026,1.01,1.609,15.145,0,0,0,13,877,18,2881,201
20251020,2025-10-20,94,142,-0.541382,-0.374329,-0.63269,0.40802,16383.948547282489,31.531,2.851,3.894,31.898,0,0,0,12,432,17,2881,657
20251020,2025-10-20,95,144,-0.402954,-0.506836,-0.499146,0.575867,16384.191435649183,16.336,1.397,2.157,16.537,0,0,0,52,8,18,2882,1010
20251020,2025-10-20,96,145,-0.238464,-0.580078,-0.310486,0.714355,16384.500297537303,32.874,3.965,7.545,33.961,0,0,0,12,8,18,2884,1087
20251020,2025-10-20,97,147,-0.035217,-0.618347,-0.107178,0.777771,16384.067718365914,16.871,1.4,2.204,17.072,0,0,0,12,8,137,2885,882
20251020,2025-10-20,98,148,0.158752,-0.591492,0.114136,0.782227,16383.755308231383,33.142,4.261,6.235,33.991,0,0,0,12,8,238,2887,800
20251020,2025-10-20,99,150,0.340698,-0.516724,0.322327,0.716248,16383.86602728428,16.538,1.845,2.959,16.902,0,0,0,117,70,31,2921,855
20251020,2025-10-20,100,151,0.48761,-0.393311,0.501465,0.59668,16383.59206645478,32.342,4.682,5.681,33.17,0,0,0,46,839,18,2927,244
20251020,2025-10-20,101,152,0.590149,-0.240845,0.639282,0.430115,16383.691952670497,31.719,4.791,5.934,32.623,0,0,0,12,1093,18,2905,20
20251020,2025-10-20,102,154,0.646179,-0.064148,0.722595,0.237061,16384.033294643905,15.737,2.488,2.408,16.114,0,0,0,12,1105,17,2889,22
20251020,2025-10-20,103,155,0.64801,0.118225,0.751831,0.030457,16384.58980261636,31.062,5.519,4.441,31.859,0,0,0,241,843,18,2891,22
20251020,2025-10-20,104,157,-0.593018,-0.290894,-0.730408,0.173767,16383.83074863751,15.26,3.299,2.002,15.741,0,0,0,838,279,18,2891,21
20251020,2025-10-20,105,158,-0.495239,-0.439331,-0.653625,0.36676,16384.106994279548,30.425,6.525,4.391,31.425,0,0,0,1157,8,18,2924,20
20251020,2025-10-20,106,160,-0.354431,-0.557373,-0.533081,0.528748,16384.291196142723,15.199,3.493,1.727,15.691,0,0,0,723,8,351,2936,20
20251020,2025-10-20,107,161,-0.186523,-0.629578,-0.377258,0.653137,16384.58186832975,29.953,7.59,3.425,31.089,0,0,0,144,6,845,2936,20
20251020,2025-10-20,122,183,-0.622681,-0.539795,-0.540527,0.169434,16383.896117834733,,,,,0,0,0,12,712,17,2898,250
20251020,2025-10-20,123,184,-0.623474,-0.562134,-0.508057,0.19281,16384.095397671488,5.046,-1.354,0.534,5.252,0,0,0,567,923,17,2898,21
20251020,2025-10-20,124,186,-0.635193,-0.569946,-0.4776,0.208679,16383.652797834799,1.646,-1.005,0.897,2.127,0,0,0,294,543,17,2900,21
20251020,2025-10-20,125,187,-0.655029,-0.565979,-0.446228,0.226929,16384.095885949886,2.687,-2.083,3.334,4.762,0,0,0,12,641,18,2902,20
20251020,2025-10-20,126,189,-0.589417,-0.481018,-0.558472,0.33075,16384.623004512494,-1.069,10.422,2.269,10.719,0,0,0,12,767,18,2901,20
20251020,2025-10-20,127,190,-0.575867,-0.495178,-0.537842,0.365906,16383.875091076592,4.933,0.875,1.329,5.183,0,0,0,12,994,19,2899,21
20251020,2025-10-20,128,192,-0.546143,-0.513672,-0.516907,0.413147,16384.1106563646,3.348,1.179,0.441,3.577,0,0,0,13,1402,17,2898,60
20251020,2025-10-20,129,193,-0.505859,-0.544189,-0.482727,0.463623,16384.06228625856,8.895,1.775,0.327,9.076,0,0,0,13,618,18,2897,355
20251020,2025-10-20,130,195,-0.452576,-0.581238,-0.433594,0.518982,16384.06478869026,5.586,0.793,0.101,5.642,0,0,0,310,432,18,2917,684
20251020,2025-10-20,131,196,-0.385437,-0.622314,-0.360779,0.577942,16384.124114520127,13.976,1.046,0.659,14.031,0,0,0,698,7,18,2919,307
20251020,2025-10-20,132,198,-0.296692,-0.663635,-0.259705,0.635681,16383.793821944904,8.705,0.294,0.465,8.723,0,0,0,1442,7,18,2897,19
20251020,2025-10-20,133,199,-0.214172,-0.707886,-0.09967,0.665649,16383.961975053531,20.639,-3.953,4.798,21.555,0,0,0,1000,8,362,2897,19
20251020,2025-10-20,134,200,-0.025146,-0.700745,0.016541,0.712769,16383.90154999718,25.136,3.706,-5.806,26.063,0,0,0,437,8,179,2902,20
20251020,2025-10-20,135,202,0.131714,-0.674744,0.200317,0.697998,16383.638454262838,13.926,0.056,1.271,13.984,0,0,0,531,29,64,2903,67
20251020,2025-10-20,138,206,0.569397,-0.325195,0.640137,0.40033,16384.030334444575,22.684,0.427,0.805,22.702,0,0,0,933,454,18,2894,20
20251020,2025-10-20,139,208,0.638,-0.151489,0.720215,0.226501,16384.048767017266,15.29,0.852,1.282,15.368,0,0,0,1398,31,19,2893,20
20251020,2025-10-20,156,233,-0.088257,-0.681274,-0.299316,0.66217,16383.869414762801,,,,,0,0,0,13,877,18,2905,243
20251020,2025-10-20,157,234,0.064148,-0.685486,-0.143311,0.710938,16383.802061792616,24.587,7.197,1.583,25.667,0,0,0,13,1139,18,2916,20
20251020,2025-10-20,168,250,0.741455,0.13269,0.655029,0.059692,16383.909423577756,,,,,0,0,0,1127,8,18,2881,20
20251020,2025-10-20,169,251,0.739929,0.134094,0.658325,0.032593,16383.433400847332,2.348,0.816,1.914,3.137,0,0,0,627,8,209,2884,20
20251020,2025-10-20,190,282,-0.415588,-0.478882,-0.592896,0.49646,16384.32021781801,,,,,0,0,0,12,934,19,2930,195
20251020,2025-10-20,191,283,-0.264465,-0.59021,-0.429504,0.63031,16384.446496601588,31.926,3.545,4.859,32.488,0,0,0,12,1115,18,2933,20
20251020,2025-10-20,192,285,-0.090942,-0.645874,-0.23761,0.719788,16383.806700519877,15.686,2.409,2.453,16.058,0,0,0,13,1126,18,2934,21
20251020,2025-10-20,193,286,0.092407,-0.651733,-0.032715,0.752075,16383.859740610575,31.184,4.825,4.202,31.833,0,0,0,323,775,19,2935,21
20251020,2025-10-20,194,288,0.271179,-0.60321,0.170227,0.730469,16383.695645366462,15.502,2.728,1.795,15.842,0,0,0,865,215,17,2936,20
20251020,2025-10-20,195,289,0.42572,-0.506653,0.364197,0.655334,16384.306027415383,30.958,5.978,4.071,31.791,0,0,0,1004,8,19,2937,109
20251020,2025-10-20,196,291,0.546448,-0.365356,0.53186,0.533875,16383.900939641939,15.512,3.394,1.903,15.992,0,0,0,530,8,317,2938,188
20251020,2025-10-20,197,292,0.623169,-0.194885,0.658447,0.374329,16383.955017028093,30.767,7.091,3.628,31.781,0,0,0,12,7,666,2937,366
20251020,2025-10-20,198,294,0.645691,-0.009644,0.739624,0.189636,16384.125792974126,15.164,4.01,1.867,15.796,0,0,0,12,7,572,2937,476
20251020,2025-10-20,199,295,-0.615845,-0.176819,-0.767761,0.001892,16383.922332579583,29.72,8.556,3.119,31.084,0,0,0,12,8,356,2936,705
20251020,2025-10-20,200,297,-0.531921,-0.357056,-0.746399,0.180115,16383.850798881196,14.618,4.781,0.64,15.394,0,0,0,76,161,18,2935,936
20251020,2025-10-20,201,298,-0.420044,-0.496704,-0.673767,0.350586,16384.20046874427,27.925,9.338,3.024,29.6,0,0,0,12,1093,18,2927,21
20251020,2025-10-20,206,305,0.260437,-0.698914,-0.077698,0.66156,16384.051391520963,,,,,0,0,0,13,8,719,2907,21
20251020,2025-10-20,207,307,0.362915,-0.66272,0.032837,0.654236,16384.061920049007,8.292,3.197,-0.489,8.901,0,0,0,11,8,935,2903,21
20251020,2025-10-20,208,308,0.446777,-0.608215,0.140991,0.640808,16384.40496325698,15.32,7.275,-0.478,16.966,0,0,0,14,8,1013,2903,50
20251020,2025-10-20,209,310,0.515625,-0.54248,0.244873,0.616272,16383.247571833857,7.332,3.674,-0.07,8.202,0,0,0,69,8,199,2939,738
20251020,2025-10-20,210,311,0.59729,-0.475891,0.310547,0.565979,16383.994567870193,14.735,3.175,-2.971,15.363,0,0,0,13,199,20,2938,778
20251020,2025-10-20,211,313,0.679199,-0.408691,0.344177,0.503174,16383.85354548801,6.937,0.161,-2.331,7.32,0,0,0,13,711,18,2931,719
20251020,2025-10-20,212,314,0.731018,-0.341553,0.388245,0.445251,16384.233000052216,12.233,2.55,-2.833,12.813,0,0,0,11,1143,17,2912,284
20251020,2025-10-20,213,316,0.773071,-0.283936,0.41449,0.387207,16383.915191430893,5.307,0.499,-1.277,5.482,0,0,0,264,703,19,2901,22
20251020,2025-10-20,214,317,0.81073,-0.240601,0.422546,0.325928,16383.558282619804,9.431,-1.147,-1.798,9.67,0,0,0,193,555,18,2903,21
20251020,2025-10-20,215,318,0.832458,-0.204895,0.440369,0.266602,16383.754728388729,8.552,0.302,-0.378,8.565,0,0,0,13,922,18,2904,20
20251020,2025-10-20,216,320,0.860962,-0.174805,0.434387,0.198914,16384.581227483355,4.357,-1.341,-0.153,4.562,0,0,0,14,1070,18,2904,20
20251020,2025-10-20,217,321,0.821045,-0.121338,0.535645,0.155762,16384.118163636394,8.059,12.365,-0.019,14.759,0,0,0,12,1455,18,2900,20
20251020,2025-10-20,218,323,0.837708,-0.084412,0.532349,0.087524,16383.465872641234,4.474,-0.812,0.212,4.552,0,0,0,13,1160,18,2900,296
20251020,2025-10-20,219,324,0.815918,-0.024414,0.577148,0.023193,16383.643062518177,10.068,5.619,-1.177,11.59,0,0,0,12,434,18,2918,543
20251020,2025-10-20,220,326,-0.80304,-0.041809,-0.592102,0.052856,16383.993133543483,5.759,1.109,-0.544,5.89,0,0,0,208,344,18,2931,851
20251020,2025-10-20,221,327,-0.80011,-0.109253,-0.571106,0.1474,16384.006072996923,13.426,-1.693,0.322,13.536,0,0,0,938,7,19,2930,519
20251020,2025-10-20,222,329,-0.747925,-0.207092,-0.584961,0.235657,16383.935485712827,7.627,2.076,-2.048,8.166,0,0,0,1025,8,18,2901,20
20251020,2025-10-20,223,330,-0.729004,-0.285156,-0.510986,0.355042,16383.36329939613,17.81,-4.366,2.873,18.561,0,0,0,716,8,136,2902,20
20251020,2025-10-20,226,334,-0.409302,-0.572021,-0.272095,0.656677,16383.97586057792,16.635,-0.808,-1.862,16.759,0,0,0,12,674,18,2903,20
20251020,2025-10-20,227,336,-0.222046,-0.641113,-0.152771,0.718567,16384.06536852194,13.616,-0.455,-2.326,13.821,0,0,0,369,961,17,2898,20
20251020,2025-10-20,228,337,-0.025757,-0.666016,0.00769,0.745483,16384.367549588234,29.393,-0.728,-1.386,29.435,0,0,0,820,651,18,2896,20
20251020,2025-10-20,229,339,0.168762,-0.642944,0.185974,0.723572,16384.0048522942,15.269,-0.202,0.239,15.273,0,0,0,1002,13,19,2894,20
20251020,2025-10-20,230,340,0.355774,-0.561707,0.350281,0.659729,16384.23180988355,30.953,1.239,-0.37,30.98,0,0,0,1442,7,19,2893,19
20251020,2025-10-20,231,342,0.498108,-0.447327,0.505981,0.543884,16384.327358790168,15.228,0.923,1.314,15.313,0,0,0,564,8,401,2894,20
20251020,2025-10-20,232,343,0.602051,-0.297302,0.631104,0.388428,16384.1762991003,30.84,2.528,2.956,31.084,0,0,0,76,8,819,2895,20
20251020,2025-10-20,233,345,0.661499,-0.121399,0.711792,0.202698,16384.433160777946,15.662,1.402,1.449,15.791,0,0,0,12,8,900,2896,20
20251020,2025-10-20,234,346,-0.665833,-0.067749,-0.743042,0.003113,16384.36016449834,31.986,3.593,3.156,32.341,0,0,0,11,8,750,2896,20
20251020,2025-10-20,235,348,-0.608643,-0.254333,-0.720215,0.214966,16384.418116002777,16.352,2.386,1.707,16.613,0,0,0,11,7,179,2896,60
20251020,2025-10-20,236,349,-0.498413,-0.416077,-0.63562,0.417664,16383.927795251053,33.146,5.196,4.382,33.835,0,0,0,11,618,18,2895,21
20251020,2025-10-20,237,350,-0.34436,-0.539978,-0.494202,0.587891,16384.09002660813,33.354,5.41,4.816,34.131,0,0,0,13,767,17,2894,20
20251020,2025-10-20,238,352,-0.158264,-0.610596,-0.309631,0.711487,16383.670010104574,16.665,3.119,2.605,17.153,0,0,0,536,377,19,2890,20
20251020,2025-10-20,239,353,0.044678,-0.624146,-0.101562,0.773376,16383.834624409512,33.2,6.753,4.785,34.216,0,0,0,1093,8,19,2887,21
20251020,2025-10-20,240,355,0.240906,-0.574829,0.111389,0.774048,16384.17779444547,16.256,3.953,2.33,16.891,0,0,0,816,8,245,2884,21
20251020,2025-10-20,241,356,0.406799,-0.488037,0.314026,0.705444,16383.425466000692,31.49,6.747,5.602,32.689,0,0,0,247,8,772,2883,20
20251020,2025-10-20,242,358,0.545776,-0.351685,0.474426,0.594482,16384.356471952142,15.337,3.693,1.434,15.84,0,0,0,12,6,922,2876,102
20251020,2025-10-20,243,359,0.633179,-0.20752,0.60498,0.435913,16384.01000976257,29.315,6.925,5.035,30.54,0,0,0,11,8,612,2883,423
20251020,2025-10-20,244,361,0.681274,-0.036133,0.680481,0.267395,16383.95770258212,14.311,3.386,0.948,14.736,0,0,0,12,7,88,2883,960
20251020,2025-10-20,245,362,0.684143,0.138123,0.710266,0.091736,16384.188353409514,27.801,6.784,1.005,28.634,0,0,0,12,287,18,2906,816
20251020,2025-10-20,246,364,-0.63501,-0.286255,-0.711426,0.09314,16383.84350511198,13.136,4.329,1.347,13.896,0,0,0,13,701,19,2921,357
20251020,2025-10-20,247,365,-0.554138,-0.441223,-0.660583,0.248779,16384.071136320177,26.746,6.406,-0.705,27.512,0,0,0,12,1018,18,2926,59
20251020,2025-10-20,248,366,-0.432434,-0.567261,-0.58429,0.387085,16384.106750140516,25.89,7.841,-1.527,27.095,0,0,0,308,766,18,2926,21
20251020,2025-10-20,249,368,-0.29303,-0.640137,-0.483032,0.52063,16384.13992249822,12.239,4.926,0.383,13.199,0,0,0,835,266,18,2888,20
20251020,2025-10-20,250,369,-0.134766,-0.697083,-0.374695,0.596191,16383.395557698044,23.256,7.324,-2.898,24.554,0,0,0,1139,7,18,2887,20
20251020,2025-10-20,251,371,0.016663,-0.7229,-0.265808,0.637573,16384.132750927038,10.461,3.201,-1.65,11.063,0,0,0,639,8,414,2889,20
20251020,2025-10-20,252,372,0.143433,-0.717651,-0.16449,0.661316,16383.934631217253,17.528,6.434,-2.397,18.825,0,0,0,113,8,906,2889,21
20251020,2025-10-20,253,374,0.282715,-0.715515,-0.102051,0.630615,16383.83230505,8.11,0.647,-3.683,8.931,0,0,0,12,8,871,2890,132
20251023,2025-10-23,0,6,0.111084,-0.66394,-0.008545,0.739441,16384.019927966398,,,,,0,0,0,340,798,18,2947,20
20251023,2025-10-23,1,7,0.231689,-0.642944,0.13031,0.718262,16383.4923322227,21.156,2.065,2.315,21.382,0,0,0,862,281,17,2948,21
20251023,2025-10-23,2,8,0.38623,-0.578064,0.306091,0.650391,16384.26031287345,28.747,2.728,2.398,28.976,0,0,0,1087,8,18,2948,64
20251023,2025-10-23,3,10,0.518311,-0.454224,0.461853,0.55835,16384.224760421228,14.447,2.727,0.307,14.705,0,0,0,640,8,352,2949,31
20251023,2025-10-23,4,11,0.610107,-0.293945,0.597351,0.429565,16383.91543557278,29.397,6.82,1.202,30.201,0,0,0,59,5,772,2951,43
20251023,2025-10-23,5,13,0.667908,-0.117798,0.686829,0.261292,16383.867644729067,15.018,2.683,0.84,15.279,0,0,0,12,8,819,2950,42
20251023,2025-10-23,6,14,0.665283,0.068237,0.738953,0.081787,16383.985260003135,29.347,7.43,1.503,30.31,0,0,0,11,7,735,2949,114
20251023,2025-10-23,7,16,-0.623291,-0.245422,-0.735718,0.100098,16384.196684610448,14.41,3.232,0.776,14.788,0,0,0,109,7,345,2949,353
20251023,2025-10-23,8,17,-0.539246,-0.401001,-0.688782,0.272095,16384.3557700631,27.979,6.858,1.58,28.85,0,0,0,12,530,54,2948,278
20251023,2025-10-23,9,19,-0.422363,-0.527649,-0.602478,0.424561,16384.291318210868,13.651,3.51,0.772,14.116,0,0,0,12,916,18,2948,81
20251023,2025-10-23,10,20,-0.280457,-0.63446,-0.485718,0.53186,16383.943664453927,26.784,5.489,-0.668,27.349,0,0,0,12,934,18,2947,21
20251023,2025-10-23,11,22,-0.130249,-0.693298,-0.3573,0.612122,16383.86383000054,12.273,3.268,-0.261,12.704,0,0,0,12,832,18,2947,21
20251023,2025-10-23,12,23,0.01532,-0.718506,-0.22644,0.65741,16383.574884621488,22.47,5.877,-0.914,23.244,0,0,0,18,630,17,2950,36
20251023,2025-10-23,13,24,0.150574,-0.720886,-0.107849,0.667847,16384.000213623047,20.106,4.422,-1.938,20.678,0,0,0,125,291,18,2946,102
20251023,2025-10-23,14,26,0.274048,-0.711121,-0.0047,0.6474,16383.536828169917,9.142,1.187,-1.37,9.32,0,0,0,298,22,18,2946,91
20251023,2025-10-23,15,27,0.378967,-0.690063,0.085205,0.610657,16383.716245101416,16.31,1.453,-2.57,16.575,0,0,0,319,7,130,2943,60
20251023,2025-10-23,16,29,0.44635,-0.638062,0.182983,0.600159,16384.199034435587,6.724,3.208,-0.322,7.457,0,0,0,135,441,215,2939,20
20251023,2025-10-23,17,30,0.512573,-0.576904,0.273621,0.574097,16384.04202265119,13.836,5.564,-1.194,14.96,0,0,0,12,1048,64,2935,21
20251023,2025-10-23,18,32,0.587158,-0.519104,0.349304,0.51355,16383.758726250824,7.663,0.956,-0.726,7.756,0,0,0,12,1066,18,2935,68
20251023,2025-10-23,19,33,0.656189,-0.443909,0.418762,0.443787,16383.567743321355,15.952,2.193,-2.294,16.265,0,0,0,11,969,17,2934,160
20251023,2025-10-23,20,35,0.705322,-0.345947,0.497192,0.368225,16383.58217851029,8.47,2.348,-1.13,8.861,0,0,0,212,845,17,2934,25
20251023,2025-10-23,21,36,0.742249,-0.231628,0.563416,0.279297,16384.23275591506,17.964,4.567,-2.855,18.755,0,0,0,650,477,17,2936,21
20251023,2025-10-23,22,38,0.761841,-0.111328,0.613464,0.175842,16384.445733682907,9.304,2.058,-1.241,9.609,0,0,0,855,106,18,2935,26
20251023,2025-10-23,23,39,0.77887,0.008484,0.624817,0.054138,16384.30285364623,19.631,0.659,-1.902,19.734,0,0,0,681,7,18,2936,34
20251023,2025-10-23,24,40,-0.776367,-0.130615,-0.611938,0.075623,16383.949371259665,20.431,-0.087,-1.701,20.502,0,0,0,202,40,65,2938,99
20251023,2025-10-23,25,42,-0.7229,-0.25647,-0.609314,0.200928,16383.976715071345,10.297,2.163,-1.603,10.643,0,0,0,12,453,45,2936,21
20251023,2025-10-23,26,43,-0.655579,-0.378723,-0.56665,0.325073,16383.8346549274,21.757,2.012,-2.47,21.989,0,0,0,11,842,17,2933,21
20251023,2025-10-23,27,45,-0.550171,-0.492493,-0.503662,0.448425,16383.982116689458,11.742,1.626,-1.393,11.936,0,0,0,11,1076,17,2930,21
20251023,2025-10-23,28,46,-0.403259,-0.587463,-0.414246,0.566284,16384.06930527334,25.732,4.654,-2.907,26.311,0,0,0,28,1106,18,2927,21
20251023,2025-10-23,29,48,-0.245361,-0.661194,-0.26416,0.657898,16383.91632058709,14.187,0.981,0.026,14.221,0,0,0,516,633,19,2930,20
20251023,2025-10-23,30,49,-0.043152,-0.682251,-0.104797,0.722229,16383.391315597635,30.123,4.986,-1.975,30.597,0,0,0,1034,122,18,2926,20
20251023,2025-10-23,31,51,0.151733,-0.658447,0.078735,0.732971,16384.178984618058,15.308,2.147,0.101,15.458,0,0,0,1119,8,18,2926,20
20251023,2025-10-23,32,52,0.328491,-0.585938,0.261597,0.693054,16383.886748876164,30.355,4.719,1.135,30.74,0,0,0,531,7,465,2927,20
20251023,2025-10-23,33,54,0.474854,-0.468872,0.429993,0.608093,16383.983581534741,14.996,2.805,0.853,15.28,0,0,0,34,8,907,2928,21
20251023,2025-10-23,34,55,0.590332,-0.324646,0.565125,0.476135,16383.651210887028,29.944,4.678,1.888,30.366,0,0,0,12,7,1318,2926,21
20251023,2025-10-23,35,56,0.654114,-0.154175,0.667725,0.320129,16383.7843613739,29.223,6.38,1.817,29.966,0,0,0,12,7,887,2927,21
20251023,2025-10-23,36,58,0.68335,0.022766,0.714905,0.146484,16384.258115642588,14.385,2.387,0.626,14.595,0,0,0,179,8,377,2927,140
20251023,2025-10-23,37,59,-0.669922,-0.196411,-0.715393,0.029236,16384.119811573644,28.045,4.558,0.779,28.423,0,0,0,114,956,270,2926,145
20251023,2025-10-23,38,61,-0.601196,-0.349731,-0.690186,0.19989,16384.501487686466,13.362,3.547,0.382,13.831,0,0,0,12,1058,18,2926,20
20251023,2025-10-23,39,62,-0.513428,-0.499939,-0.608215,0.34137,16384.050140304138,27.18,3.557,-0.806,27.424,0,0,0,12,1033,17,2927,21
20251023,2025-10-23,40,64,-0.384277,-0.60553,-0.509216,0.47583,16384.417047914765,13.119,3.406,-0.185,13.555,0,0,0,320,1172,18,2927,20
20251023,2025-10-23,41,65,-0.229553,-0.669739,-0.388916,0.589478,16383.870055637039,25.773,8.192,-0.376,27.046,0,0,0,889,607,18,2928,19
20251023,2025-10-23,42,67,-0.070068,-0.722961,-0.239868,0.644104,16383.914001239142,13.128,1.909,-0.574,13.278,0,0,0,919,9,17,2930,21
20251023,2025-10-23,43,68,0.088379,-0.713745,-0.093689,0.688477,16384.168120475326,24.103,7.599,-1.052,25.295,0,0,0,836,7,313,2931,21
20251023,2025-10-23,44,70,0.240723,-0.684387,0.044739,0.686768,16383.87310741877,11.605,2.626,-0.934,11.935,0,0,0,12,8,662,2931,21
20251023,2025-10-23,45,71,0.38269,-0.63501,0.168091,0.649658,16383.997314452905,22.269,3.674,-2.615,22.721,0,0,0,12,7,749,2930,21
20251023,2025-10-23,46,72,0.487183,-0.546265,0.294373,0.614502,16384.162383228508,20.341,7.619,-1.426,21.768,0,0,0,156,6,1122,2928,64
20251023,2025-10-23,47,74,0.608521,-0.463684,0.374878,0.523621,16384.09942596785,10.787,0.265,-1.746,10.93,0,0,0,123,7,246,2926,97
20251023,2025-10-23,48,75,0.693237,-0.354553,0.455994,0.43103,16384.02667234157,20.656,3.666,-3.285,21.234,0,0,0,12,369,17,2927,686
20251023,2025-10-23,49,77,0.735107,-0.228088,0.543518,0.334961,16384.147033031655,9.99,3.575,-1.209,10.679,0,0,0,12,618,18,2925,887
20251023,2025-10-23,50,78,0.789795,-0.105774,0.564636,0.214905,16383.69100660776,20.495,-0.071,-3.464,20.785,0,0,0,11,428,19,2927,567
20251023,2025-10-23,51,80,0.732056,0.018982,0.670654,0.118103,16383.92889388867,8.404,7.666,-0.864,11.407,0,0,0,698,237,18,2927,96
20251023,2025-10-23,52,81,-0.718506,-0.128662,-0.683533,0.001221,16384.188994271277,18.309,3.883,0.115,18.716,0,0,0,1497,7,17,2927,58
20251023,2025-10-23,53,83,-0.690857,-0.241272,-0.671509,0.116699,16384.313168393724,9.296,1.438,-0.318,9.412,0,0,0,955,7,155,2930,44
20251023,2025-10-23,54,84,-0.638123,-0.346252,-0.645691,0.236572,16383.789885127311,19.079,3.943,-0.2,19.483,0,0,0,47,8,473,2931,40
20251023,2025-10-23,55,86,-0.564453,-0.448669,-0.595642,0.354004,16384.162657883986,10.128,1.847,-0.184,10.297,0,0,0,13,8,384,2933,104
20251023,2025-10-23,56,87,-0.463379,-0.542053,-0.522888,0.466919,16383.730161352145,21.652,4.236,-0.582,22.07,0,0,0,104,123,205,2930,161
20251023,2025-10-23,57,88,-0.341858,-0.619568,-0.419067,0.568909,16384.04708855538,23.174,3.984,0.002,23.514,0,0,0,12,915,17,2927,21
20251023,2025-10-23,58,90,-0.19928,-0.677612,-0.287231,0.647034,16384.20782338896,12.348,1.736,-0.025,12.47,0,0,0,12,1152,17,2925,21
20251023,2025-10-23,59,91,-0.042847,-0.704163,-0.132507,0.696228,16383.77438199147,25.832,3.497,0.341,26.07,0,0,0,12,1134,17,2924,19
20251023,2025-10-23,60,93,0.119446,-0.691467,0.03479,0.711609,16383.933318956104,13.287,1.966,0.276,13.434,0,0,0,252,830,17,2924,41
20251023,2025-10-23,61,94,0.278503,-0.641052,0.202576,0.685913,16384.21139389992,27.074,3.773,0.496,27.34,0,0,0,847,294,18,2925,20
20251023,2025-10-23,62,96,0.422302,-0.551025,0.364807,0.620483,16384.42644708688,13.836,2.075,0.421,13.997,0,0,0,1158,8,17,2924,20
20251023,2025-10-23,63,97,0.54126,-0.419861,0.51416,0.516113,16383.826689757188,28.732,5.045,1.136,29.194,0,0,0,735,7,362,2924,21
20251023,2025-10-23,64,99,0.629028,-0.260132,0.633545,0.36792,16384.732649634538,14.941,2.302,0.841,15.141,0,0,0,129,8,793,2925,21
20251023,2025-10-23,65,100,0.667603,-0.076233,0.715637,0.190674,16383.981384266768,30.574,5.656,1.947,31.154,0,0,0,12,7,821,2927,21
20251023,2025-10-23,66,102,-0.658203,-0.114868,-0.744019,0.00238,16383.961700394688,15.434,2.75,0.969,15.707,0,0,0,11,7,699,2927,59
20251023,2025-10-23,67,103,-0.59491,-0.293091,-0.721924,0.19751,16384.031646697953,30.601,6.328,2.397,31.34,0,0,0,69,16,243,2929,255
20251023,2025-10-23,68,104,-0.488831,-0.445374,-0.648315,0.377319,16383.964660606418,30.092,6.427,2.629,30.883,0,0,0,11,473,18,2927,198
20251023,2025-10-23,69,106,-0.347534,-0.566711,-0.531128,0.52533,16384.081115521858,14.872,3.157,1.04,15.239,0,0,0,12,782,17,2924,45
20251023,2025-10-23,70,107,-0.186523,-0.643921,-0.383118,0.635437,16383.872741204992,28.705,6.479,2.104,29.502,0,0,0,12,801,17,2923,21
20251023,2025-10-23,71,109,-0.005798,-0.688354,-0.228882,0.688293,16384.002502441213,13.953,2.679,-0.371,14.213,0,0,0,12,698,17,2924,33
20251023,2025-10-23,72,110,0.15509,-0.678894,-0.071899,0.71405,16383.89743009886,25.056,6.953,0.376,26.006,0,0,0,176,323,18,2922,105
20251023,2025-10-23,73,112,0.313721,-0.646484,0.066101,0.692261,16383.647853881626,12.01,2.376,-0.909,12.276,0,0,0,136,77,17,2921,168
20251023,2025-10-23,74,113,0.460815,-0.591553,0.180359,0.636475,16383.301651376623,22.711,3.24,-3.409,23.193,0,0,0,95,7,346,2918,76
20251023,2025-10-23,75,115,0.557617,-0.503723,0.304626,0.585266,16384.062591433176,10.061,3.77,-0.542,10.758,0,0,0,198,8,381,2913,77
20251023,2025-10-23,76,116,0.647095,-0.406738,0.40033,0.505493,16383.629176711735,20.119,4.919,-2.171,20.825,0,0,0,199,76,185,2912,61
20251023,2025-10-23,77,118,0.724976,-0.299988,0.467834,0.406921,16384.29806247433,9.985,1.519,-1.565,10.22,0,0,0,28,960,112,2909,21
20251023,2025-10-23,78,119,0.759216,-0.181702,0.541077,0.312683,16383.668819895012,18.375,6.557,-2.549,19.676,0,0,0,11,928,17,2909,201
20251023,2025-10-23,79,120,0.795349,-0.06665,0.566895,0.203918,16383.792296046724,18.512,1.872,-3.107,18.864,0,0,0,11,903,18,2907,205
20251023,2025-10-23,80,122,0.78949,0.046326,0.602844,0.10553,16383.982299795127,8.255,2.784,-1.516,8.843,0,0,0,206,909,17,2909,21
20251023,2025-10-23,81,123,0.758179,0.146606,0.635254,0.010315,16383.855254487571,15.044,6.837,-2.277,16.681,0,0,0,653,513,17,2908,20
20251023,2025-10-23,82,125,-0.752808,-0.24469,-0.605591,0.081604,16383.933898792438,7.834,-0.264,-0.981,7.899,0,0,0,797,137,17,2909,20
20251023,2025-10-23,83,126,-0.714783,-0.330017,-0.591797,0.173096,16384.09234593116,14.598,3.226,-1.954,15.078,0,0,0,625,7,18,2912,73
20251023,2025-10-23,86,131,-0.524414,-0.569214,-0.446777,0.448669,16383.416646108955,,,,,0,0,0,13,972,18,2907,20
20251023,2025-10-23,87,132,-0.424866,-0.648071,-0.338745,0.533569,16383.604884151717,21.43,0.089,-1.339,21.472,0,0,0,12,1143,16,2904,20
20251023,2025-10-23,88,134,-0.273804,-0.703857,-0.222717,0.616455,16384.029449436424,12.121,1.491,-1.826,12.348,0,0,0,12,1126,18,2903,20
20251023,2025-10-23,89,135,-0.089539,-0.726196,-0.079407,0.677002,16384.12518262724,27.313,3.546,-3.933,27.821,0,0,0,504,530,18,2902,92
20251023,2025-10-23,90,136,0.099609,-0.710754,0.087708,0.690796,16383.880553763813,28.891,2.378,-2.519,29.098,0,0,0,1058,11,18,2902,61
20251023,2025-10-23,91,138,0.285156,-0.639771,0.251709,0.667847,16383.97534177832,14.674,1.9,-1.37,14.86,0,0,0,1023,7,63,2902,19
20251023,2025-10-23,92,139,0.440613,-0.523865,0.409424,0.60321,16384.529379875396,29.239,4.855,-1.264,29.667,0,0,0,501,8,600,2903,20
20251023,2025-10-23,93,141,0.562561,-0.3797,0.547241,0.489746,16383.76214426955,14.764,2.22,0.126,14.93,0,0,0,12,8,1034,2904,21
20251023,2025-10-23,94,142,0.644592,-0.211426,0.651855,0.338928,16383.901427926134,29.773,4.533,0.922,30.13,0,0,0,11,8,1008,2905,21
20251023,2025-10-23,95,144,0.679199,-0.031555,0.714661,0.164185,16384.03045651466,14.772,2.431,0.692,14.987,0,0,0,17,6,878,2905,75
20251023,2025-10-23,96,145,-0.675293,-0.149231,-0.722046,0.019958,16384.320248334992,29.417,3.671,1.176,29.669,0,0,0,189,7,179,2906,187
20251023,2025-10-23,97,147,-0.611084,-0.316406,-0.698303,0.19696,16383.650692077148,14.193,3.093,0.336,14.53,0,0,0,15,919,75,2903,94
20251023,2025-10-23,98,148,-0.523071,-0.469666,-0.615479,0.356262,16383.392505827356,28.714,3.598,0.701,28.948,0,0,0,12,1146,18,2903,16
20251023,2025-10-23,99,150,-0.389404,-0.586731,-0.507019,0.497131,16384.793041109795,14.146,2.895,0.077,14.44,0,0,0,11,1146,18,2906,20
20251023,2025-10-23,100,151,-0.226318,-0.659058,-0.372131,0.613098,16383.574152180592,28.033,7.209,0.232,28.946,0,0,0,290,823,18,2906,20
20251023,2025-10-23,101,152,-0.055237,-0.708923,-0.206238,0.672241,16384.53804658526,28.507,3.998,-0.037,28.786,0,0,0,852,292,18,2907,20
20251023,2025-10-23,102,154,0.118896,-0.692139,-0.039307,0.710815,16383.966430629673,13.546,3.78,-0.136,14.065,0,0,0,1086,7,17,2907,20
20251023,2025-10-23,103,155,0.286255,-0.647644,0.122864,0.695374,16384.200895985134,26.757,5.414,-0.747,27.309,0,0,0,609,8,363,2909,21
20251023,2025-10-23,104,157,0.435059,-0.56665,0.270386,0.645386,16383.99877929683,12.907,2.769,-0.626,13.215,0,0,0,23,6,898,2909,19
20251023,2025-10-23,105,158,0.54126,-0.444336,0.417542,0.579041,16384.208067526488,24.722,8.861,-0.056,26.262,0,0,0,12,7,1015,2909,21
20251023,2025-10-23,106,160,0.656982,-0.314148,0.502991,0.465454,16383.68890085502,12.76,1.32,-1.443,12.909,0,0,0,26,8,1054,2908,21
20251023,2025-10-23,107,161,0.722229,-0.168884,0.575806,0.343994,16384.17010409743,23.799,5.136,-2.419,24.466,0,0,0,259,8,481,2907,293
20251023,2025-10-23,108,163,0.737,-0.028015,0.638062,0.221191,16384.010437008394,10.692,3.701,-0.698,11.336,0,0,0,12,269,17,2907,833
20251023,2025-10-23,109,164,0.762024,0.111694,0.628906,0.106323,16383.867217479517,20.636,0.573,-3.733,20.979,0,0,0,11,396,17,2908,698
20251023,2025-10-23,110,166,0.748413,0.224792,0.623962,0.000793,16383.864959160277,8.667,1.646,-1.258,8.911,0,0,0,12,580,19,2908,527
20251023,2025-10-23,111,167,-0.72699,-0.32666,-0.597168,0.090454,16384.10220305037,15.85,1.599,-2.776,16.17,0,0,0,616,506,18,2922,20
20251023,2025-10-23,112,168,-0.699585,-0.417297,-0.55365,0.173096,16384.381282184568,15.044,0.405,-2.477,15.252,0,0,0,950,54,18,2910,20
20251023,2025-10-23,113,170,-0.627441,-0.474243,-0.552856,0.275208,16383.82571318433,6.655,4.146,-0.763,7.878,0,0,0,692,8,18,2913,30
20251023,2025-10-23,114,171,-0.570679,-0.56012,-0.485596,0.353271,16384.099273380885,16.557,0.295,-2.2,16.705,0,0,0,61,7,205,2914,160
20251023,2025-10-23,115,173,-0.479797,-0.628357,-0.422974,0.442871,16384.650804945464,8.713,1.983,-1.393,9.044,0,0,0,114,7,221,2914,207
20251023,2025-10-23,116,174,-0.355286,-0.680664,-0.351257,0.535828,16384.200041503398,19.231,6.163,-3.716,20.533,0,0,0,114,539,254,2910,147
20251023,2025-10-23,117,176,-0.229126,-0.738281,-0.232361,0.590332,16384.339016267942,10.845,0.478,-1.354,10.939,0,0,0,10,975,17,2911,21
20251023,2025-10-23,118,177,-0.072693,-0.750549,-0.111206,0.647339,16384.187804099416,22.817,5.013,-3.87,23.679,0,0,0,11,1023,17,2906,20
20251023,2025-10-23,119,179,0.076355,-0.75708,0.035522,0.647827,16383.526390859814,11.969,0.118,-0.999,12.011,0,0,0,12,827,17,2906,178
20251023,2025-10-23,120,180,0.231018,-0.710815,0.175964,0.640625,16383.93255601353,24.102,3.435,-3.394,24.581,0,0,0,466,664,17,2905,348
20251023,2025-10-23,121,182,0.372131,-0.631042,0.315674,0.603027,16383.904113488947,12.268,1.838,-1.306,12.474,0,0,0,1213,121,18,2932,147
20251023,2025-10-23,122,183,0.498596,-0.542358,0.450684,0.504089,16383.775328049393,26.156,0.158,-0.018,26.156,0,0,0,1032,8,18,2907,20
20251023,2025-10-23,123,185,0.592224,-0.363953,0.577393,0.428284,16384.000335693356,13.555,4.041,-2.414,14.35,0,0,0,506,6,437,2907,22
20251023,2025-10-23,124,186,0.658508,-0.195862,0.675415,0.267944,16383.792540190443,29.681,3.873,1.262,29.96,0,0,0,12,7,734,2910,21
20251023,2025-10-23,125,187,0.676453,-0.005493,0.732056,0.08075,16384.363094121174,31.07,4.586,1.478,31.441,0,0,0,12,6,906,2911,140
20251023,2025-10-23,126,189,-0.644104,-0.185486,-0.732483,0.119263,16384.243864151926,15.817,2.223,1.013,16.005,0,0,0,35,12,478,2910,294
20251023,2025-10-23,127,190,-0.554382,-0.360962,-0.681396,0.313232,16384.401270720882,31.776,5.558,2.149,32.33,0,0,0,12,219,55,2910,266
20251023,2025-10-23,128,192,-0.423706,-0.503906,-0.574646,0.486206,16384.51345020657,15.836,2.759,1.445,16.139,0,0,0,11,883,18,2908,197
20251023,2025-10-23,129,193,-0.258362,-0.607971,-0.42749,0.617126,16383.776945503134,31.321,5.576,2.249,31.893,0,0,0,10,642,18,2906,37
20251023,2025-10-23,130,195,-0.078186,-0.658203,-0.252319,0.704956,16383.774687171452,15.19,3.142,1.342,15.569,0,0,0,318,644,18,2905,107
20251023,2025-10-23,131,196,0.109741,-0.660278,-0.072815,0.73938,16383.960845900481,29.427,6.327,1.318,30.128,0,0,0,778,107,18,2903,137
20251023,2025-10-23,132,198,0.282776,-0.619263,0.103333,0.725159,16383.846160166422,14.06,3.061,0.605,14.402,0,0,0,486,43,342,2899,92
20251023,2025-10-23,133,199,0.437439,-0.540894,0.258789,0.670166,16384.106109275537,26.85,5.872,0.055,27.485,0,0,0,12,7,633,2897,20
20251023,2025-10-23,134,201,0.553284,-0.4328,0.40387,0.585999,16383.54039882711,12.77,3.492,0.524,13.25,0,0,0,16,8,837,2894,20
20251023,2025-10-23,135,202,0.639648,-0.308655,0.518921,0.475708,16383.958282417592,24.441,6.214,0.681,25.228,0,0,0,186,8,743,2891,29
20251023,2025-10-23,136,203,0.696167,-0.174438,0.60022,0.353149,16384.45458353741,23.085,5.62,-0.118,23.76,0,0,0,187,96,212,2889,39
20251023,2025-10-23,137,205,0.719604,-0.045044,0.654907,0.226257,16383.634914145274,10.596,2.742,0.075,10.946,0,0,0,12,828,18,2888,264
20251023,2025-10-23,138,206,0.720886,0.077332,0.681091,0.102295,16384.05526724077,19.677,4.62,-0.117,20.212,0,0,0,12,810,18,2888,289
20251023,2025-10-23,139,208,-0.700439,-0.192322,-0.687195,0.013306,16384.13812197639,9.156,2.246,-0.294,9.433,0,0,0,12,977,18,2888,131
20251023,2025-10-23,140,209,-0.66626,-0.295776,-0.672852,0.125854,16383.62572814699,17.621,3.879,-0.173,18.044,0,0,0,443,698,17,2888,21
20251023,2025-10-23,141,211,-0.617004,-0.391296,-0.643433,0.228455,16384.03536983487,8.486,1.833,-0.315,8.687,0,0,0,794,286,18,2888,21
20251023,2025-10-23,142,212,-0.556396,-0.478333,-0.595825,0.326538,16384.11331137575,17.14,3.235,-0.395,17.447,0,0,0,799,8,18,2892,62
20251023,2025-10-23,143,214,-0.481384,-0.556885,-0.533325,0.416809,16384.139586807723,8.71,1.579,-0.31,8.858,0,0,0,320,7,17,2894,167
20251023,2025-10-23,144,215,-0.397034,-0.625305,-0.452637,0.49646,16383.957458440864,17.826,2.529,-0.437,18.01,0,0,0,200,8,82,2894,133
20251023,2025-10-23,145,217,-0.294556,-0.680054,-0.357056,0.568542,16383.71645872816,9.443,1.516,-0.33,9.57,0,0,0,121,384,120,2890,43
20251023,2025-10-23,146,218,-0.176331,-0.719482,-0.24115,0.627014,16384.38875881551,20.432,2.929,-0.603,20.65,0,0,0,12,1082,28,2886,21
20251023,2025-10-23,147,219,-0.043762,-0.736328,-0.109314,0.66626,16383.556451515647,21.787,3.043,-0.718,22.01,0,0,0,13,954,17,2884,168
20251023,2025-10-23,148,221,0.101196,-0.716553,0.03418,0.68927,16383.589747060929,11.604,2.29,-0.447,11.836,0,0,0,11,584,17,2885,509
20251023,2025-10-23,149,222,0.243408,-0.676636,0.186462,0.669434,16383.943023582571,24.308,2.754,-0.035,24.463,0,0,0,397,179,18,2881,526
20251023,2025-10-23,150,224,0.381836,-0.595398,0.332275,0.623962,16384.273740388984,12.567,1.923,-0.425,12.721,0,0,0,891,7,19,2884,256
20251023,2025-10-23,151,225,0.506287,-0.48761,0.469177,0.534607,16384.17516996202,26.49,2.888,-0.017,26.647,0,0,0,768,7,307,2917,20
20251023,2025-10-23,152,227,0.602844,-0.337341,0.588562,0.419922,16383.671963268796,13.796,2.289,-0.32,13.988,0,0,0,279,8,787,2886,21
20251023,2025-10-23,153,228,0.667786,-0.170715,0.674194,0.26532,16384.114715174575,28.656,3.615,0.532,28.888,0,0,0,12,7,1024,2886,19
20251023,2025-10-23,154,230,0.683594,0.011108,0.723999,0.091553,16383.838622252113,14.56,2.386,0.362,14.759,0,0,0,10,8,947,2888,21
20251023,2025-10-23,155,231,-0.665894,-0.186279,-0.716309,0.093689,16383.916656282161,29.187,2.972,1.56,29.379,0,0,0,97,7,662,2889,149
20251023,2025-10-23,156,233,-0.58606,-0.351074,-0.680237,0.265564,16383.715512666839,14.288,2.881,0.109,14.576,0,0,0,130,391,211,2889,162
20251023,2025-10-23,157,234,-0.486267,-0.498169,-0.582458,0.419678,16384.12518262724,29.102,2.968,1.107,29.274,0,0,0,13,1080,17,2887,21
20251023,2025-10-23,158,235,-0.342834,-0.605713,-0.457336,0.553589,16384.33440820835,28.998,5.13,0.783,29.459,0,0,0,12,1133,17,2888,19
20251023,2025-10-23,159,237,-0.178772,-0.679016,-0.296753,0.647217,16383.788511818626,14.701,2.092,0.418,14.855,0,0,0,23,1073,16,2908,21
20251023,2025-10-23,160,238,0.004639,-0.703247,-0.124512,0.699951,16384.104613923824,29.235,5.071,-0.202,29.672,0,0,0,586,545,19,2889,21
20251023,2025-10-23,161,240,0.182312,-0.675354,0.05481,0.712524,16384.293515437275,14.303,2.972,0.116,14.609,0,0,0,1108,12,18,2890,18
20251023,2025-10-23,162,241,0.347412,-0.605286,0.227783,0.679016,16384.114318448832,28.305,5.765,0.094,28.886,0,0,0,1013,6,91,2890,21
20251023,2025-10-23,163,243,0.488464,-0.493469,0.387878,0.60614,16383.712033602153,14.099,3.203,0.063,14.458,0,0,0,387,8,672,2893,22
20251023,2025-10-23,164,244,0.598511,-0.352966,0.52124,0.495483,16383.963165241797,27.913,6.139,0.095,28.58,0,0,0,12,10,1037,2889,22
20251023,2025-10-23,165,246,0.676575,-0.190552,0.614319,0.358459,16383.542443562075,13.786,2.728,-0.418,14.06,0,0,0,10,8,1086,2892,21
20251023,2025-10-23,166,247,0.707214,-0.022949,0.674866,0.209595,16384.43010910053,26.16,6.228,-0.703,26.901,0,0,0,48,7,979,2893,61
20251023,2025-10-23,167,249,0.706177,0.142761,0.690308,0.066711,16384.339168852675,12.303,2.488,-1.011,12.593,0,0,0,224,7,176,2893,420
20251023,2025-10-23,168,250,-0.675171,-0.295227,-0.673157,0.061951,16383.93966663696,22.671,4.365,-2.818,23.258,0,0,0,12,523,19,2894,594
20251023,2025-10-23,169,251,-0.621338,-0.428406,-0.631287,0.178528,16383.895599032607,21.219,3.935,-2.852,21.768,0,0,0,12,682,18,2895,432
20251023,2025-10-23,170,253,-0.55188,-0.550354,-0.56543,0.269958,16384.40349844937,10.047,1.171,-2.077,10.326,0,0,0,11,956,17,2918,131
20251023,2025-10-23,171,254,-0.461304,-0.633484,-0.499756,0.368835,16383.168130737107,18.675,5.406,-2.544,19.607,0,0,0,481,632,18,2896,20
20251023,2025-10-23,172,256,-0.361938,-0.710388,-0.410522,0.442505,16383.918853558815,9.535,1.543,-1.652,9.799,0,0,0,721,205,17,2900,20
20251023,2025-10-23,173,257,-0.25354,-0.773254,-0.304443,0.495056,16383.764585711064,19.365,1.799,-3.598,19.779,0,0,0,545,7,18,2901,96
20251023,2025-10-23,174,259,-0.13031,-0.795837,-0.200867,0.556152,16383.924163642849,9.413,2.725,-1.793,9.962,0,0,0,100,7,152,2902,174
20251023,2025-10-23,175,260,-0.008545,-0.807617,-0.090454,0.582703,16384.35097890667,18.583,2.838,-3.65,19.149,0,0,0,57,232,179,2900,120
20251023,2025-10-23,176,262,0.112671,-0.783386,0.015198,0.611084,16384.354915589443,8.864,2.711,-1.931,9.468,0,0,0,12,835,69,2896,21
20251023,2025-10-23,177,263,0.226562,-0.744751,0.123718,0.615417,16384.241392264703,17.806,4.316,-3.145,18.589,0,0,0,12,1115,18,2887,21
20251023,2025-10-23,178,265,0.337097,-0.706665,0.229858,0.578064,16384.023010237746,9.222,0.345,-1.209,9.307,0,0,0,11,954,18,2892,149
20251023,2025-10-23,179,266,0.440063,-0.632263,0.334717,0.542725,16383.983062735386,18.725,3.421,-3.351,19.328,0,0,0,31,710,17,2892,333
20251023,2025-10-23,180,268,0.531921,-0.538391,0.442139,0.481323,16383.70525857933,10.152,1.651,-1.183,10.353,0,0,0,641,295,18,2923,159
20251023,2025-10-23,181,269,0.62561,-0.433228,0.530762,0.373108,16383.933868274737,22.709,-0.222,-1.831,22.784,0,0,0,1139,8,19,2894,21
20251023,2025-10-23,182,270,0.687256,-0.279053,0.619141,0.257874,16384.20413080843,24.863,3.486,-3.353,25.329,0,0,0,962,7,86,2894,20
20251023,2025-10-23,183,272,0.72876,-0.116821,0.668518,0.091064,16383.567041398524,13.861,0.204,-0.409,13.869,0,0,0,392,7,446,2896,22
20251023,2025-10-23,184,273,-0.716187,-0.075989,-0.688904,0.082336,16384.533896330406,29.729,2.383,-2.465,29.926,0,0,0,11,8,552,2898,86
20251023,2025-10-23,185,275,-0.643555,-0.268066,-0.669067,0.257446,16383.60668473215,15.384,1.933,-1.207,15.552,0,0,0,12,8,256,2898,226
20251023,2025-10-23,186,276,-0.531555,-0.431702,-0.590637,0.42688,16383.967010464834,31.141,3.22,-0.206,31.308,0,0,0,11,341,36,2893,164
20251023,2025-10-23,187,278,-0.367798,-0.558777,-0.474426,0.572205,16384.04269403617,15.811,2.522,-0.162,16.012,0,0,0,13,699,17,2894,47
20251023,2025-10-23,188,279,-0.185425,-0.636414,-0.30658,0.683105,16384.235288837866,32.027,4.916,2.113,32.471,0,0,0,54,742,18,2888,20
20251023,2025-10-23,189,281,0.009644,-0.661987,-0.115784,0.740479,16384.28249878523,15.858,2.524,1.105,16.096,0,0,0,560,352,18,2889,21
20251023,2025-10-23,190,282,0.198669,-0.628357,0.083069,0.747498,16383.631465581737,31.067,6.193,2.624,31.787,0,0,0,929,8,17,2884,20
20251023,2025-10-23,191,284,0.373718,-0.550842,0.268494,0.696289,16383.998870849571,15.313,2.788,1.013,15.598,0,0,0,606,10,231,2885,18
20251023,2025-10-23,192,285,0.51355,-0.434387,0.432861,0.600159,16383.877379912241,29.575,6.031,2.285,30.27,0,0,0,71,8,761,2883,19
20251023,2025-10-23,193,286,0.618103,-0.289124,0.55896,0.47113,16384.359096406548,28.574,5.865,1.334,29.2,0,0,0,12,7,905,2882,20
20251023,2025-10-23,194,288,0.679871,-0.132629,0.645935,0.320923,16384.312710638795,13.571,2.866,0.599,13.884,0,0,0,12,7,965,2879,21
20251023,2025-10-23,195,289,0.702393,0.02771,0.691345,0.166992,16383.73599030453,25.601,5.475,0.232,26.181,0,0,0,241,8,663,2879,76
20251023,2025-10-23,196,291,0.695374,0.179688,0.695557,0.020447,16384.401911574314,11.933,2.15,-0.284,12.128,0,0,0,45,446,159,2878,466
20251023,2025-10-23,197,292,-0.646667,-0.306641,-0.687378,0.123474,16383.521416350028,21.784,6.534,0.335,22.745,0,0,0,12,874,18,2875,606
20251023,2025-10-23,198,294,-0.581543,-0.424622,-0.644592,0.256836,16383.669247149735,10.869,2.504,0.04,11.154,0,0,0,12,709,18,2880,301
20251023,2025-10-23,199,295,-0.495483,-0.527527,-0.578613,0.376099,16384.261258903312,21.423,4.764,-0.296,21.948,0,0,0,410,1004,18,2914,69
20251023,2025-10-23,200,297,-0.389771,-0.610779,-0.496033,0.478516,16383.979186998498,10.503,2.476,-0.386,10.798,0,0,0,933,523,18,2876,39
20251023,2025-10-23,201,298,-0.27417,-0.674072,-0.395081,0.560669,16383.84341355837,20.791,4.366,-0.717,21.256,0,0,0,891,8,17,2879,40
20251023,2025-10-23,202,300,-0.152466,-0.714294,-0.283508,0.62146,16384.42437194545,10.139,2.069,-0.374,10.355,0,0,0,767,7,181,2881,116
20251023,2025-10-23,203,301,-0.031372,-0.732605,-0.167114,0.659058,16383.822905537034,19.5,3.692,-0.725,19.859,0,0,0,12,8,517,2882,50
20251023,2025-10-23,204,302,0.087158,-0.733337,-0.050476,0.672363,16384.00421142524,18.893,2.926,-0.894,19.139,0,0,0,76,8,493,2882,54
20251023,2025-10-23,205,304,0.19812,-0.717163,0.063538,0.6651,16383.751279850412,9.094,1.213,-0.373,9.182,0,0,0,187,6,243,2877,53
20251023,2025-10-23,206,305,0.300842,-0.681274,0.178345,0.643066,16383.853789630815,18.103,2.795,-0.348,18.321,0,0,0,30,1023,197,2875,286
20251023,2025-10-23,207,307,0.402039,-0.625977,0.287476,0.60321,16383.891296026106,9.282,1.335,-0.477,9.39,0,0,0,12,326,18,2878,677
20251023,2025-10-23,208,308,0.495544,-0.547668,0.399536,0.542969,16383.583918056513,19.961,3.191,-0.588,20.223,0,0,0,11,402,17,2874,1084
20251023,2025-10-23,209,310,0.583313,-0.440918,0.505859,0.457642,16383.936431761447,11.003,1.664,-0.527,11.14,0,0,0,594,6,18,2875,896
20251023,2025-10-23,210,311,0.653687,-0.304749,0.601807,0.343018,16384.08218363177,24.279,3.712,-0.989,24.581,0,0,0,1034,7,23,2904,389
20251023,2025-10-23,211,313,0.696838,-0.143494,0.673706,0.199768,16383.682827740533,13.147,1.89,-0.445,13.289,0,0,0,466,8,502,2877,20
20251023,2025-10-23,212,314,0.633484,0.117737,0.75177,0.140015,16383.394245393718,25.117,16.347,-13.605,32.912,0,0,0,16,7,927,2877,20
20251023,2025-10-23,213,316,-0.667236,-0.179749,-0.717285,0.088989,16383.434224850418,11.601,-0.67,7.64,13.906,0,0,0,12,8,953,2878,21
20251023,2025-10-23,214,317,-0.60675,-0.333496,-0.670227,0.267212,16383.773130753489,28.139,3.513,2.15,28.439,0,0,0,12,8,823,2876,110
20251023,2025-10-23,215,318,-0.500916,-0.47644,-0.586853,0.42157,16384.241178644803,28.434,3.894,0.429,28.703,0,0,0,100,6,186,2880,249
20251023,2025-10-23,216,320,-0.375244,-0.596619,-0.452209,0.54657,16383.950530931177,14.494,0.88,0.582,14.533,0,0,0,12,906,44,2879,133
20251023,2025-10-23,217,321,-0.199402,-0.666138,-0.310791,0.64801,16384.072692709833,28.966,5.675,-0.907,29.53,0,0,0,29,2154,165,2866,220
20251023,2025-10-23,218,323,-0.02594,-0.709595,-0.130737,0.691895,16384.064239376017,14.751,1.105,0.353,14.797,0,0,0,9,2567,115,2903,232
20251023,2025-10-23,219,324,0.157959,-0.687195,0.04657,0.70752,16383.511772510801,29.03,5.333,-0.602,29.522,0,0,0,439,962,17,2919,20
20251023,2025-10-23,220,326,0.32605,-0.621826,0.223022,0.676208,16383.780546625983,14.375,2.594,0.027,14.607,0,0,0,927,295,18,2876,20
20251023,2025-10-23,221,327,0.480774,-0.526001,0.379395,0.590149,16384.299496774343,29.112,3.216,-0.292,29.29,0,0,0,1207,6,17,2881,46
20251023,2025-10-23,222,329,0.587341,-0.373657,0.525574,0.489136,16384.58208194521,14.26,3.86,-0.273,14.775,0,0,0,670,7,451,2882,21
20251023,2025-10-23,223,330,0.673401,-0.211731,0.622437,0.338013,16383.824278842836,29.215,3.985,-0.053,29.486,0,0,0,73,8,970,2884,21
20251023,2025-10-23,224,332,0.701477,-0.029175,0.689819,0.176697,16383.948303141096,14.25,3.212,-0.33,14.611,0,0,0,12,8,1065,2885,21
20251023,2025-10-23,225,333,0.681274,0.144897,0.717529,0.004883,16384.018310536645,27.535,6.844,0.22,28.374,0,0,0,12,8,1049,2885,86
20251023,2025-10-23,226,335,-0.63501,-0.321167,-0.686829,0.147949,16384.066802842328,13.585,2.041,-1.0,13.774,0,0,0,156,18,581,2885,265
20251023,2025-10-23,227,336,-0.541809,-0.459778,-0.636536,0.299866,16384.40807597272,25.623,6.979,-0.713,26.566,0,0,0,147,590,133,2923,289
20251023,2025-10-23,228,337,-0.419861,-0.560425,-0.559875,0.442871,16383.62688784141,24.661,8.282,0.395,26.017,0,0,0,12,1014,17,2922,160
20251023,2025-10-23,229,339,-0.292236,-0.664978,-0.444641,0.52417,16384.472466332263,12.345,1.29,-1.09,12.46,0,0,0,13,1121,18,2927,31
20251023,2025-10-23,230,340,-0.157349,-0.699158,-0.326355,0.616333,16383.623591867581,22.098,7.937,0.38,23.483,0,0,0,31,1081,18,2887,21
20251023,2025-10-23,231,342,-0.022339,-0.747314,-0.204712,0.631775,16384.199980468988,10.744,0.348,-1.266,10.824,0,0,0,424,648,19,2888,20
20251023,2025-10-23,232,343,0.099243,-0.759888,-0.094482,0.635437,16383.88235431395,18.63,1.982,-2.389,18.887,0,0,0,523,273,19,2891,20
20251023,2025-10-23,233,345,0.1922,-0.731323,0.010925,0.654297,16383.985046379894,7.739,2.974,-0.271,8.295,0,0,0,147,81,140,2893,124
20251023,2025-10-23,234,346,0.285156,-0.709045,0.112671,0.63501,16383.931304787628,16.002,2.186,-0.63,16.163,0,0,0,96,101,226,2893,116
20251023,2025-10-23,235,348,0.364441,-0.658813,0.212341,0.622864,16383.18476365325,7.48,2.459,-0.338,7.881,0,0,0,12,611,144,2889,54
20251023,2025-10-23,236,349,0.444946,-0.595398,0.3125,0.591492,16383.955749451961,16.22,4.398,-0.817,16.825,0,0,0,11,1089,19,2885,20
20251023,2025-10-23,237,351,0.525085,-0.523071,0.409973,0.531616,16384.098937689556,8.899,1.465,-0.203,9.021,0,0,0,13,1095,18,2882,42
20251023,2025-10-23,238,352,0.598755,-0.423279,0.500122,0.460632,16383.808165380844,18.941,3.806,-1.601,19.386,0,0,0,13,839,18,2884,295
20251023,2025-10-23,239,353,0.661194,-0.310608,0.581421,0.358215,16384.188933236823,20.841,2.996,-0.602,21.063,0,0,0,347,545,19,2914,222
20251023,2025-10-23,240,355,0.704712,-0.180359,0.644958,0.234375,16384.420343728976,11.125,1.436,-0.281,11.221,0,0,0,968,158,18,2926,20
20251023,2025-10-23,241,356,0.723938,-0.032715,0.682861,0.092407,16383.960357618056,23.85,2.691,-0.816,24.015,0,0,0,1132,7,17,2884,40
20251023,2025-10-23,242,358,-0.710815,-0.11853,-0.690552,0.062073,16384.186430824084,12.367,1.354,-0.165,12.442,0,0,0,736,8,179,2886,21
20251023,2025-10-23,243,359,-0.661743,-0.269653,-0.664185,0.219482,16383.431508691945,25.706,2.822,-0.335,25.862,0,0,0,142,7,483,2889,48
20251023,2025-10-23,244,361,-0.576904,-0.409973,-0.598633,0.375244,16384.54030481173,13.45,1.398,0.122,13.523,0,0,0,12,8,362,2890,174
20251023,2025-10-23,245,362,-0.448792,-0.530823,-0.49762,0.518799,16383.706143604993,28.327,3.696,0.185,28.567,0,0,0,12,312,120,2888,144
20251023,2025-10-23,246,364,-0.309021,-0.628052,-0.332458,0.632019,16383.342241435354,15.036,0.295,1.403,15.104,0,0,0,13,819,19,2885,20
20251023,2025-10-23,247,365,-0.099304,-0.668945,-0.174011,0.71582,16384.227598516813,31.528,5.52,-1.898,32.064,0,0,0,13,989,18,2883,21
20251023,2025-10-23,248,367,0.098083,-0.66217,0.02655,0.742432,16383.997406005654,16.081,2.153,0.977,16.254,0,0,0,377,715,17,2879,20
20251023,2025-10-23,249,368,0.288513,-0.59613,0.226196,0.714294,16383.939178353905,32.306,5.219,1.905,32.78,0,0,0,922,234,18,2872,19
20251023,2025-10-23,250,369,0.451294,-0.48584,0.408997,0.626892,16383.823668484716,31.986,4.947,2.495,32.463,0,0,0,1164,8,17,2876,20
20251023,2025-10-23,251,371,0.571228,-0.334167,0.559998,0.498413,16383.854461023511,15.588,3.004,1.189,15.919,0,0,0,595,8,486,2876,20
20251023,2025-10-23,252,372,0.64978,-0.158997,0.662415,0.33728,16384.371394716367,30.571,5.566,1.737,31.122,0,0,0,63,7,992,2876,21
20251023,2025-10-23,253,374,0.677612,0.024719,0.716797,0.162659,16384.205504082278,14.673,2.961,0.592,14.981,0,0,0,10,5,1097,2875,20
20251028,2025-10-28,0,6,,,,,0.0,,,,,1711,-9716,-845,14,125,13,2954,1102
20251028,2025-10-28,1,7,,,,,0.0,,,,,3343,-9379,1384,15,204,12,2957,1017
20251028,2025-10-28,2,9,,,,,0.0,,,,,5426,-8404,4204,13,271,13,2952,956
20251028,2025-10-28,3,10,,,,,0.0,,,,,7202,-6991,6791,14,298,12,2955,918
20251028,2025-10-28,4,12,,,,,0.0,,,,,8658,-5230,8950,14,294,13,2955,917
20251028,2025-10-28,5,13,,,,,0.0,,,,,9712,-3265,10634,15,286,13,2955,922
20251028,2025-10-28,6,14,,,,,0.0,,,,,10307,-1144,11793,14,249,13,2958,947
20251028,2025-10-28,7,16,,,,,0.0,,,,,10508,1105,12332,14,207,13,2957,991
20251028,2025-10-28,8,17,,,,,0.0,,,,,-10159,-3205,-12444,14,158,12,2958,1038
20251028,2025-10-28,9,19,,,,,0.0,,,,,-9514,-5236,-11945,142,48,14,2960,981
20251028,2025-10-28,10,20,,,,,0.0,,,,,-8493,-7129,-10954,365,10,14,2956,843
20251028,2025-10-28,11,22,,,,,0.0,,,,,-6842,-8536,-9792,584,10,12,2959,665
20251028,2025-10-28,12,23,,,,,0.0,,,,,-5005,-9892,-7991,789,11,14,2960,462
20251028,2025-10-28,13,25,,,,,0.0,,,,,-2848,-10809,-5839,807,10,215,2958,164
20251028,2025-10-28,14,26,,,,,0.0,,,,,-443,-10785,-3587,630,9,561,2961,16
20251028,2025-10-28,15,28,,,,,0.0,,,,,1929,-10744,-1063,371,10,822,2960,16
20251028,2025-10-28,16,29,,,,,0.0,,,,,4080,-9884,1484,63,11,1119,2962,17
20251028,2025-10-28,17,30,,,,,0.0,,,,,6046,-8633,3957,13,11,1190,2962,16
20251028,2025-10-28,18,32,,,,,0.0,,,,,7926,-7179,6172,14,11,1190,2963,16
20251028,2025-10-28,19,33,,,,,0.0,,,,,9081,-5258,8303,13,10,1162,2964,23
20251028,2025-10-28,20,35,,,,,0.0,,,,,10047,-3231,9889,14,10,984,2965,192
20251028,2025-10-28,21,36,,,,,0.0,,,,,10543,-1160,11070,28,10,721,2966,447
20251028,2025-10-28,22,38,,,,,0.0,,,,,10633,785,11878,188,41,362,2966,691
20251028,2025-10-28,23,39,,,,,0.0,,,,,10454,2774,12191,181,93,30,2966,770
20251028,2025-10-28,24,41,,,,,0.0,,,,,-9853,-4472,-12296,22,534,14,2968,704
20251028,2025-10-28,25,42,,,,,0.0,,,,,-8980,-5997,-12050,14,747,13,2968,495
20251028,2025-10-28,26,44,,,,,0.0,,,,,-7888,-7662,-11298,14,960,12,2970,281
20251028,2025-10-28,27,45,,,,,0.0,,,,,-6497,-8646,-10359,14,1030,12,2970,72
20251028,2025-10-28,28,46,,,,,0.0,,,,,-4865,-9524,-8992,13,1595,13,2969,16
20251028,2025-10-28,29,48,,,,,0.0,,,,,-3033,-10203,-7308,14,1600,13,2970,16
20251028,2025-10-28,30,49,,,,,0.0,,,,,-1242,-10351,-5281,88,1025,12,2971,16
20251028,2025-10-28,31,51,,,,,0.0,,,,,714,-10232,-3070,351,792,13,2973,16
20251028,2025-10-28,32,52,,,,,0.0,,,,,2611,-9843,-617,584,562,14,2972,17
20251028,2025-10-28,33,54,,,,,0.0,,,,,4385,-8986,1941,1015,577,14,2973,29
20251028,2025-10-28,34,55,,,,,0.0,,,,,6042,-7904,4495,765,82,13,2974,265
20251028,2025-10-28,35,57,,,,,0.0,,,,,7494,-6488,6907,855,9,15,2974,757
20251028,2025-10-28,36,58,,,,,0.0,,,,,8643,-4791,9010,274,9,14,2976,829
20251028,2025-10-28,37,59,,,,,0.0,,,,,9431,-2957,10741,63,10,14,2976,1001
20251028,2025-10-28,38,61,,,,,0.0,,,,,9846,-996,12011,14,11,14,2981,1190
20251028,2025-10-28,39,62,,,,,0.0,,,,,9916,1005,12743,14,9,13,2978,1197
20251028,2025-10-28,40,64,,,,,0.0,,,,,-9645,-2909,-12921,13,9,15,2978,1196
20251028,2025-10-28,41,65,,,,,0.0,,,,,-8993,-4830,-12535,17,10,14,2980,1188
20251028,2025-10-28,44,70,,,,,0.0,,,,,-4950,-9245,-8485,13,11,14,2981,1202
20251028,2025-10-28,45,71,,,,,0.0,,,,,-3024,-10117,-6278,14,10,14,2980,1181
20251028,2025-10-28,46,73,,,,,0.0,,,,,-883,-10545,-3784,13,9,14,2980,1206
20251028,2025-10-28,47,74,,,,,0.0,,,,,1320,-10484,-1053,15,10,15,2980,1170
20251028,2025-10-28,48,75,,,,,0.0,,,,,3573,-9948,1736,13,9,14,2978,1162
20251028,2025-10-28,49,77,,,,,0.0,,,,,5663,-8849,4479,13,10,14,2983,1154
20251028,2025-10-28,50,78,,,,,0.0,,,,,7489,-7273,7010,13,10,14,2981,1158
20251028,2025-10-28,51,80,,,,,0.0,,,,,8974,-5360,9171,13,9,14,2981,1221
20251028,2025-10-28,52,81,,,,,0.0,,,,,9980,-3133,10861,13,8,15,2981,1233
20251028,2025-10-28,53,83,,,,,0.0,,,,,10415,-730,12008,13,8,15,2982,1231
20251028,2025-10-28,54,84,,,,,0.0,,,,,10385,1667,12500,13,120,15,2982,1085
20251028,2025-10-28,55,86,,,,,0.0,,,,,-9872,-3956,-12392,13,233,15,2982,968
20251028,2025-10-28,56,87,,,,,0.0,,,,,-8904,-6071,-11761,13,308,15,2983,886
20251028,2025-10-28,57,88,,,,,0.0,,,,,-7571,-7875,-10664,16,372,13,2983,809
20251028,2025-10-28,58,90,,,,,0.0,,,,,-5923,-9456,-9120,13,405,13,2983,765
20251028,2025-10-28,59,91,,,,,0.0,,,,,-3938,-10544,-7323,35,436,15,2984,690
20251028,2025-10-28,60,93,,,,,0.0,,,,,-1784,-11145,-5287,391,306,15,2984,506
20251028,2025-10-28,61,94,,,,,0.0,,,,,415,-11365,-3084,772,143,13,2984,297
20251028,2025-10-28,62,96,,,,,0.0,,,,,2481,-10964,-837,1141,10,15,2985,73
20251028,2025-10-28,63,97,,,,,0.0,,,,,4557,-10388,1409,1252,9,14,2983,17
20251028,2025-10-28,64,99,,,,,0.0,,,,,6269,-9105,3720,1127,9,63,2986,17
20251028,2025-10-28,65,100,,,,,0.0,,,,,7755,-7509,5995,833,10,360,2984,17
20251028,2025-10-28,66,102,,,,,0.0,,,,,9169,-5703,7942,560,10,621,2989,19
20251028,2025-10-28,67,103,,,,,0.0,,,,,9870,-3692,9851,317,8,835,2988,18
20251028,2025-10-28,68,104,,,,,0.0,,,,,10413,-1537,11131,49,9,1065,2988,26
20251028,2025-10-28,69,106,,,,,0.0,,,,,10488,592,12019,12,9,932,2986,219
20251028,2025-10-28,70,107,,,,,0.0,,,,,10063,2474,12618,11,9,674,2986,441
20251028,2025-10-28,71,109,,,,,0.0,,,,,-9454,-4568,-12550,13,9,496,2989,622
20251028,2025-10-28,72,110,,,,,0.0,,,,,-8437,-6190,-12202,13,9,303,2991,839
20251028,2025-10-28,73,112,,,,,0.0,,,,,-7197,-7549,-11396,13,8,96,2991,1050
20251028,2025-10-28,74,113,,,,,0.0,,,,,-5636,-9018,-10157,33,8,15,2992,1199
20251028,2025-10-28,75,115,,,,,0.0,,,,,-4021,-9788,-8613,17,182,15,2991,1016
20251028,2025-10-28,76,116,,,,,0.0,,,,,-2398,-10150,-6720,13,496,15,2992,718
20251028,2025-10-28,77,118,,,,,0.0,,,,,-594,-10474,-4563,13,713,14,2992,486
20251028,2025-10-28,78,119,,,,,0.0,,,,,1314,-10376,-2268,12,871,14,2993,325
20251028,2025-10-28,79,120,,,,,0.0,,,,,3165,-9942,221,13,966,14,2993,233
20251028,2025-10-28,80,122,,,,,0.0,,,,,4905,-9110,2833,13,982,15,2994,218
20251028,2025-10-28,81,123,,,,,0.0,,,,,6564,-7876,5369,12,902,14,2995,281
20251028,2025-10-28,84,128,,,,,0.0,,,,,9776,-2383,11420,26,332,15,2996,804
20251028,2025-10-28,85,129,,,,,0.0,,,,,9986,-226,12529,21,138,15,2996,985
20251028,2025-10-28,86,131,,,,,0.0,,,,,9852,2005,12921,12,13,16,2997,1149
20251028,2025-10-28,87,132,,,,,0.0,,,,,-9182,-4096,-12753,13,8,16,2998,1195
20251028,2025-10-28,88,134,,,,,0.0,,,,,-8139,-6036,-11942,11,8,15,2998,1191
20251028,2025-10-28,89,135,,,,,0.0,,,,,-6719,-7651,-10608,12,10,15,2998,1182
20251028,2025-10-28,90,136,,,,,0.0,,,,,-5016,-9002,-8811,12,8,16,2998,1188
20251028,2025-10-28,91,138,,,,,0.0,,,,,-3122,-9976,-6651,12,7,15,2998,1187
20251028,2025-10-28,92,139,,,,,0.0,,,,,-1061,-10553,-4228,13,8,16,2999,1201
20251028,2025-10-28,93,141,,,,,0.0,,,,,1098,-10709,-1698,12,7,16,2999,1194
20251028,2025-10-28,94,142,,,,,0.0,,,,,3207,-10291,849,12,8,14,2999,1196
20251028,2025-10-28,95,144,,,,,0.0,,,,,5272,-9651,3372,11,8,16,2999,1122
20251028,2025-10-28,96,145,,,,,0.0,,,,,7156,-8431,5719,13,9,76,2999,931
20251028,2025-10-28,97,147,,,,,0.0,,,,,8645,-6621,7973,12,8,185,2999,832
20251028,2025-10-28,98,148,,,,,0.0,,,,,9908,-4564,9777,11,8,502,2998,985
20251028,2025-10-28,99,150,,,,,0.0,,,,,10622,-2196,11206,10,9,361,3001,655
20251028,2025-10-28,100,151,,,,,0.0,,,,,10751,283,12119,12,9,401,3001,637
20251028,2025-10-28,101,152,,,,,0.0,,,,,-10418,-2773,-12336,12,9,355,3000,662
20251028,2025-10-28,102,154,,,,,0.0,,,,,-9424,-4987,-12120,11,8,497,3000,1024
20251028,2025-10-28,103,155,,,,,0.0,,,,,-8080,-6958,-11274,30,7,257,3000,1242
20251028,2025-10-28,104,157,,,,,0.0,,,,,-6406,-8674,-9913,110,7,16,3000,1480
20251028,2025-10-28,105,158,,,,,0.0,,,,,-4431,-9817,-8220,12,27,15,3001,1059
20251028,2025-10-28,106,160,,,,,0.0,,,,,-2236,-10842,-6274,11,483,16,3001,1101
20251028,2025-10-28,107,161,,,,,0.0,,,,,-84,-11203,-4202,11,664,15,3001,881
20251028,2025-10-28,108,163,,,,,0.0,,,,,1908,-10991,-2094,12,563,16,3002,505
20251028,2025-10-28,109,164,,,,,0.0,,,,,3915,-10637,-38,12,1022,15,3002,528
20251028,2025-10-28,110,166,,,,,0.0,,,,,5435,-9662,2235,207,716,15,3003,137
20251028,2025-10-28,111,167,,,,,0.0,,,,,6871,-8478,4431,554,541,16,3003,18
20251028,2025-10-28,112,168,,,,,0.0,,,,,8223,-7061,6500,798,311,15,3004,18
20251028,2025-10-28,113,170,,,,,0.0,,,,,9303,-5392,8402,1322,267,15,3003,18
20251028,2025-10-28,114,171,,,,,0.0,,,,,10019,-3474,10056,1117,8,15,3005,18
20251028,2025-10-28,115,173,,,,,0.0,,,,,10490,-1481,11260,1626,10,16,3005,18
20251028,2025-10-28,116,174,,,,,0.0,,,,,10456,543,12183,1062,8,16,3006,18
20251028,2025-10-28,117,176,,,,,0.0,,,,,9971,2494,12730,823,7,197,3006,26
20251028,2025-10-28,118,177,,,,,0.0,,,,,-9250,-4386,-12691,518,8,364,3006,270
20251028,2025-10-28,119,179,,,,,0.0,,,,,-8086,-6179,-12206,159,8,416,3007,518
20251028,2025-10-28,120,180,,,,,0.0,,,,,-6709,-7548,-11217,11,8,411,3008,701
20251028,2025-10-28,121,182,,,,,0.0,,,,,-5075,-8740,-9770,10,8,308,3008,812
20251028,2025-10-28,122,183,,,,,0.0,,,,,-3234,-9630,-7995,11,7,209,3007,910
20251028,2025-10-28,123,184,,,,,0.0,,,,,-1486,-10111,-5781,11,7,108,3008,1014
20251028,2025-10-28,126,189,,,,,0.0,,,,,4203,-9523,1710,19,27,16,3010,1141
20251028,2025-10-28,127,190,,,,,0.0,,,,,5978,-8612,4212,12,241,17,3010,942
20251028,2025-10-28,128,192,,,,,0.0,,,,,7536,-7273,6629,12,383,16,3009,801
20251028,2025-10-28,129,193,,,,,0.0,,,,,8863,-5640,8745,11,445,16,3011,738
20251028,2025-10-28,130,195,,,,,0.0,,,,,9822,-3691,10524,11,412,15,3010,756
20251028,2025-10-28,131,196,,,,,0.0,,,,,10333,-1515,11847,11,369,16,3011,808
20251028,2025-10-28,132,198,,,,,0.0,,,,,10358,806,12566,11,279,15,3011,878
20251028,2025-10-28,133,199,,,,,0.0,,,,,-9854,-3114,-12650,11,180,14,3012,975
20251028,2025-10-28,134,200,,,,,0.0,,,,,-8890,-5287,-12028,11,78,16,3013,1064
20251028,2025-10-28,135,202,,,,,0.0,,,,,-7433,-7194,-10789,12,15,15,3012,1142
20251028,2025-10-28,136,203,,,,,0.0,,,,,-5569,-8714,-9038,12,8,16,3013,1170
20251028,2025-10-28,137,205,,,,,0.0,,,,,-3434,-9819,-6849,11,8,16,3013,1173
20251028,2025-10-28,138,206,,,,,0.0,,,,,-1157,-10428,-4368,11,7,16,3013,1176
20251028,2025-10-28,139,208,,,,,0.0,,,,,1134,-10525,-1731,11,8,16,3012,1186
20251028,2025-10-28,140,209,,,,,0.0,,,,,3410,-10197,846,10,7,16,3013,1183
20251028,2025-10-28,141,211,,,,,0.0,,,,,5589,-9446,3242,11,7,15,3013,1176
20251028,2025-10-28,142,212,,,,,0.0,,,,,7353,-8169,5574,11,8,16,3013,1172
20251028,2025-10-28,143,213,,,,,0.0,,,,,9145,-6700,7443,97,7,16,3013,1044
20251028,2025-10-28,144,215,,,,,0.0,,,,,10431,-4736,9100,266,8,16,3009,886
20251028,2025-10-28,145,216,,,,,0.0,,,,,10712,-2371,10868,396,7,16,3013,741
20251028,2025-10-28,146,218,,,,,0.0,,,,,10997,-126,11750,364,8,194,3014,549
20251028,2025-10-28,147,219,,,,,0.0,,,,,11041,2208,11889,239,8,434,3013,422
20251028,2025-10-28,148,221,,,,,0.0,,,,,-10139,-4402,-11940,78,8,644,3014,368
20251028,2025-10-28,149,222,,,,,0.0,,,,,-8911,-6462,-11352,8,8,749,3015,363
20251028,2025-10-28,150,224,,,,,0.0,,,,,-7169,-8035,-10408,11,7,745,3014,362
20251028,2025-10-28,151,225,,,,,0.0,,,,,-5218,-9384,-8877,11,7,675,3015,441
20251028,2025-10-28,152,227,,,,,0.0,,,,,-3057,-10258,-7018,11,7,537,3015,587
20251028,2025-10-28,153,228,,,,,0.0,,,,,-873,-10609,-4937,11,7,321,3015,826
20251028,2025-10-28,154,229,,,,,0.0,,,,,1364,-10648,-2823,10,7,16,3015,1108
20251028,2025-10-28,155,231,,,,,0.0,,,,,3346,-10235,-581,15,7,16,3016,1185
20251028,2025-10-28,156,232,,,,,0.0,,,,,5180,-9452,1630,12,345,16,3016,847
20251028,2025-10-28,157,234,,,,,0.0,,,,,7060,-8448,3612,11,644,15,3016,531
20251028,2025-10-28,158,235,,,,,0.0,,,,,8246,-7090,5882,11,857,15,3016,301
20251028,2025-10-28,159,237,,,,,0.0,,,,,9426,-5513,7740,11,1044,16,3017,108
20251028,2025-10-28,160,238,,,,,0.0,,,,,10246,-3766,9395,11,1141,16,3017,18
20251028,2025-10-28,161,240,,,,,0.0,,,,,10564,-1959,10874,119,1033,14,3017,20
20251028,2025-10-28,164,244,,,,,0.0,,,,,-9729,-3781,-12579,826,358,16,3021,20
20251028,2025-10-28,165,245,,,,,0.0,,,,,-8695,-5504,-12187,985,130,16,3019,52
20251028,2025-10-28,166,247,,,,,0.0,,,,,-7316,-7095,-11219,913,6,16,3019,263
20251028,2025-10-28,167,248,,,,,0.0,,,,,-5593,-8385,-9751,717,8,17,3021,478
20251028,2025-10-28,168,250,,,,,0.0,,,,,-3729,-9328,-7763,492,8,17,3020,701
20251028,2025-10-28,169,251,,,,,0.0,,,,,-1674,-9870,-5437,180,6,17,3021,919
20251028,2025-10-28,170,253,,,,,0.0,,,,,405,-10029,-2823,11,9,111,3022,985
20251028,2025-10-28,171,254,,,,,0.0,,,,,2534,-9778,-143,12,8,147,3022,958
20251028,2025-10-28,172,256,,,,,0.0,,,,,4533,-9133,2538,12,7,140,3022,962
20251028,2025-10-28,173,257,,,,,0.0,,,,,6333,-8110,5067,11,7,127,3022,999
20251028,2025-10-28,174,259,,,,,0.0,,,,,7949,-6777,7314,12,7,56,3022,1077
20251028,2025-10-28,175,260,,,,,0.0,,,,,9237,-5067,9207,11,8,16,3023,1155
20251028,2025-10-28,176,261,,,,,0.0,,,,,10183,-3154,10695,44,8,16,3021,1508
20251028,2025-10-28,177,263,,,,,0.0,,,,,10711,-1107,11722,11,7,17,3022,1077
20251028,2025-10-28,178,264,,,,,0.0,,,,,10750,1105,12251,11,7,16,3023,1081
20251028,2025-10-28,179,266,,,,,0.0,,,,,-10303,-3327,-12212,16,7,16,3022,1551
20251028,2025-10-28,180,267,,,,,0.0,,,,,-9433,-5484,-11529,10,6,17,3022,1576
20251028,2025-10-28,181,269,,,,,0.0,,,,,-7997,-7389,-10361,12,7,17,3023,1080
20251028,2025-10-28,182,270,,,,,0.0,,,,,-6011,-8888,-8765,11,8,16,3023,1081
20251028,2025-10-28,183,272,,,,,0.0,,,,,-3833,-10076,-6545,12,8,16,3023,1073
20251028,2025-10-28,184,273,,,,,0.0,,,,,-1305,-10599,-4133,10,6,16,3012,1532
20251028,2025-10-28,185,275,,,,,0.0,,,,,1188,-10620,-1462,8,7,19,3023,1085
20251028,2025-10-28,186,276,,,,,0.0,,,,,3638,-10131,1160,10,7,17,3023,1575
20251028,2025-10-28,187,277,,,,,0.0,,,,,5800,-9070,3698,10,7,16,3024,1562
20251028,2025-10-28,188,279,,,,,0.0,,,,,7731,-7731,5944,11,6,17,3023,1052
20251028,2025-10-28,189,280,,,,,0.0,,,,,9389,-5975,7828,10,249,17,3022,1283
20251028,2025-10-28,190,282,,,,,0.0,,,,,10495,-3933,9442,12,208,16,3023,831
20251028,2025-10-28,191,283,,,,,0.0,,,,,11280,-1737,10498,80,216,16,3022,704
20251028,2025-10-28,192,285,,,,,0.0,,,,,11330,415,11395,582,229,17,3023,737
20251028,2025-10-28,193,286,,,,,0.0,,,,,11145,2497,11708,927,56,16,3023,560
20251028,2025-10-28,194,288,,,,,0.0,,,,,-10609,-4578,-11553,892,7,17,3023,185
20251028,2025-10-28,195,289,,,,,0.0,,,,,-9371,-6211,-11398,1288,7,18,3022,281
20251028,2025-10-28,196,291,,,,,0.0,,,,,-7938,-7817,-10616,941,7,50,3024,38
20251028,2025-10-28,197,292,,,,,0.0,,,,,-6156,-9123,-9415,758,8,330,3022,23
20251028,2025-10-28,198,293,,,,,0.0,,,,,-4136,-9868,-7875,518,7,534,3025,45
20251028,2025-10-28,199,295,,,,,0.0,,,,,-1952,-10514,-5980,259,8,686,3025,135
20251028,2025-10-28,200,296,,,,,0.0,,,,,90,-10507,-3780,20,6,762,3026,300
20251028,2025-10-28,201,298,,,,,0.0,,,,,2087,-10181,-1412,10,8,690,3026,405
20251028,2025-10-28,202,299,,,,,0.0,,,,,4165,-9510,914,12,6,541,3027,573
20251028,2025-10-28,203,301,,,,,0.0,,,,,5842,-8517,3416,11,7,367,3026,753
20251028,2025-10-28,204,302,,,,,0.0,,,,,7482,-7148,5620,11,8,94,3027,1028
20251028,2025-10-28,205,304,,,,,0.0,,,,,8876,-5548,7551,55,7,17,3027,1125
20251028,2025-10-28,206,305,,,,,0.0,,,,,9696,-3977,9448,39,307,16,3027,824
20251028,2025-10-28,207,307,,,,,0.0,,,,,10280,-2117,10863,13,711,16,3028,440
20251028,2025-10-28,208,308,,,,,0.0,,,,,10536,-303,11881,10,960,17,3028,190
20251028,2025-10-28,209,309,,,,,0.0,,,,,10406,1630,12451,11,1091,16,3031,53
20251028,2025-10-28,210,311,,,,,0.0,,,,,-9939,-3545,-12494,12,1131,16,3033,21
20251028,2025-10-28,211,312,,,,,0.0,,,,,-9076,-5388,-12006,8,1123,16,3029,20
20251028,2025-10-28,212,314,,,,,0.0,,,,,-7782,-7064,-10997,12,1070,17,3029,70
20251028,2025-10-28,213,315,,,,,0.0,,,,,-6107,-8498,-9442,22,920,16,3029,192
20251028,2025-10-28,214,317,,,,,0.0,,,,,-4153,-9544,-7353,139,639,16,3029,325
20251028,2025-10-28,215,318,,,,,0.0,,,,,-1912,-10124,-4900,244,361,16,3031,506
20251028,2025-10-28,216,320,,,,,0.0,,,,,380,-10310,-2068,281,84,16,3031,756
20251028,2025-10-28,217,321,,,,,0.0,,,,,2746,-9934,781,195,6,17,3031,945
20251028,2025-10-28,218,323,,,,,0.0,,,,,4942,-9014,3610,30,7,16,3031,1128
20251028,2025-10-28,219,324,,,,,0.0,,,,,6891,-7700,6178,10,7,17,3031,1102
20251028,2025-10-28,220,326,,,,,0.0,,,,,8462,-6012,8424,12,7,119,3032,983
20251028,2025-10-28,221,327,,,,,0.0,,,,,9661,-4043,10199,11,7,160,3032,960
20251028,2025-10-28,222,328,,,,,0.0,,,,,10471,-1919,11398,11,6,153,3032,959
20251028,2025-10-28,223,330,,,,,0.0,,,,,10740,301,12112,12,6,107,3032,987
20251028,2025-10-28,224,331,,,,,0.0,,,,,-10586,-2535,-12245,11,6,50,3032,1064
20251028,2025-10-28,225,333,,,,,0.0,,,,,-9923,-4648,-11924,10,7,17,3031,1099
20251028,2025-10-28,226,334,,,,,0.0,,,,,-9133,-6756,-10803,10,6,17,3031,1110
20251028,2025-10-28,227,336,,,,,0.0,,,,,-7388,-8251,-9805,10,7,52,3032,1065
20251028,2025-10-28,228,337,,,,,0.0,,,,,-5503,-9637,-8078,12,7,149,3031,970
20251028,2025-10-28,229,339,,,,,0.0,,,,,-3416,-10839,-5801,9,7,262,3031,844
20251028,2025-10-28,238,352,,,,,0.0,,,,,11003,985,11691,11,521,17,3032,637
20251028,2025-10-28,239,353,,,,,0.0,,,,,10759,3031,11939,11,747,16,3032,405
20251028,2025-10-28,240,355,,,,,0.0,,,,,-10117,-4962,-11845,18,862,15,3029,248
20251028,2025-10-28,241,356,,,,,0.0,,,,,-9092,-6546,-11489,302,767,18,3031,52
20251028,2025-10-28,242,357,,,,,0.0,,,,,-7764,-8126,-10676,580,586,16,3031,20
20251028,2025-10-28,243,359,,,,,0.0,,,,,-6152,-9149,-9540,785,373,17,3032,21
20251028,2025-10-28,244,360,,,,,0.0,,,,,-4318,-10000,-7997,974,161,17,3032,23
20251028,2025-10-28,245,362,,,,,0.0,,,,,-2408,-10473,-6070,1166,9,17,3034,20
20251028,2025-10-28,246,363,,,,,0.0,,,,,-402,-10541,-3863,1179,8,17,3032,21
20251028,2025-10-28,247,365,,,,,0.0,,,,,1656,-10287,-1476,1107,7,17,3032,56
20251028,2025-10-28,248,366,,,,,0.0,,,,,3592,-9638,1084,833,8,133,3034,138
20251028,2025-10-28,249,368,,,,,0.0,,,,,5433,-8626,3654,485,6,354,3033,267
20251028,2025-10-28,250,369,,,,,0.0,,,,,7022,-7293,6137,84,7,521,3034,453
20251028,2025-10-28,251,371,,,,,0.0,,,,,8385,-5675,8339,11,7,585,3034,529
20251028,2025-10-28,252,372,,,,,0.0,,,,,9015,-4781,9663,10,8,524,3034,581
20251028,2025-10-28,253,373,,,,,0.0,,,,,9007,-4914,9684,10,7,457,3035,651
