date,time_jst,from,to,via,info,source_log
2024-10-01,,JS1YMY,CQ,JS1YNI,?msgA,202410016_direwolflog.txt
2024-10-01,,JS1YMY,CQ,JS1YNI*,?msgA,202410016_direwolflog.txt
2024-10-01,,JS1YNI,APTT4,"WIDE1-1,WIDE2-1",>We are GARDENs in CIT.<0x0d>,202410016_direwolflog.txt
2024-10-01,,JS1YMY,CQ,JS1YNI,?msgA,202410016_direwolflog.txt
2024-10-01,,JS1YMY,CQ,JS1YNI,?msgA,202410016_direwolflog.txt
2024-10-01,,JS1YMY,CQ,JS1YNI,?msgA,202410016_direwolflog.txt
2024-10-01,,JS1YMY,CQ,JS1YNI,?msgA,202410016_direwolflog.txt
2024-10-01,,JS1YMY,CQ,JS1YNI*,?msgA,202410016_direwolflog.txt
2024-10-01,,JS1YNI,APTT4,"WIDE1-1,WIDE2-1",>We are GARDENs  n CIT.<0x0d>,202410016_direwolflog.txt
2024-10-01,,JS1YMY,CQ,JS1YNI,:MSG      :?msgA,202410016_direwolflog.txt
2024-10-05,,JS1YMY,CQ,JS1YNI,=3568.87N\14002.19ESVia Hello SAKURA {UISS54},20241005_direwolflog.txt
2024-10-05,,JE1CVL,CQ,JS1YNI,=3550.14N\13917.84ESDe JE1CVL Saitama JAPAN {UISS54},20241005_direwolflog.txt
2024-10-05,,JE1CVL,CQ,JS1YNI,=3550.14N\13917.84ESDe JE1CVL Saitama JAPAN {UISS54},20241005_direwolflog.txt
2024-10-05,,JE1CVL,CQ,JS1YNI,=3550.14N\13917.84ESDe JE1CVL Saitama JAPAN {UISS54},20241005_direwolflog.txt
2024-10-05,,JE1CVL,CQ,JS1YNI,Hello via SAKURA,20241005_direwolflog.txt
2024-10-05,,JE1CVL,CQ,JS1YNI,=3550.14N\13917.84ESDe JE1CVL Saitama JAPAN {UISS54},20241005_direwolflog.txt
2024-10-05,,JE1CVL,CQ,JS1YNI,Hello via SAKURA,20241005_direwolflog.txt
2024-10-05,,JE1CVL,CQ,JS1YNI,Hello via SAKURA,20241005_direwolflog.txt
2024-10-05,,JE1CVL,CQ,JS1YNI,=3550.14N\13917.84ESDe JE1CVL Saitama JAPAN {UISS54},20241005_direwolflog.txt
2024-10-05,,JE1CVL,CQ,JS1YNI,=3550.14N\13917.84ESDe JE1CVL Saitama JAPAN {UISS54},20241005_direwolflog.txt
2024-10-05,,JE1CVL,CQ,JS1YNI,=3550.14N\13917.84ESDe JE1CVL Saitama JAPAN {UISS54},20241005_direwolflog.txt
2024-10-05,,JE1CVL,CQ,JS1YNI,=3550.14N\13917.84ESDe JE1CVL Saitama JAPAN {UISS54},20241005_direwolflog.txt
2024-10-05,,JE1CVL,CQ,JS1YNI,=3550.14N\13917.84ESDe JE1CVL Saitama JAPAN {UISS54},20241005_direwolflog.txt
2024-10-05,,JE1CVL,CQ,JS1YNI,=3550.14N\13917.84ESDe JE1CVL Saitama JAPAN {UISS54},20241005_direwolflog.txt
2024-10-05,,JE1CVL,CQ,JS1YNI,Hello via SAKURA,20241005_direwolflog.txt
2024-10-05,,JE1CVL,CQ,JS1YNI,=3550.14N\13917.84ESDe JE1CVL Saitama JAPAN {UISS54},20241005_direwolflog.txt
2024-10-05,,JE1CVL,CQ,JS1YNI,=3550.14N\13917.84ESDe JE1CVL Saitama JAPAN {UISS54},20241005_direwolflog.txt
2024-10-05,,JE1CVL,CQ,JS1YNI,=3550.14N\13917.84ESDe JE1CVL Saitama JAPAN {UISS54},20241005_direwolflog.txt
2024-10-05,,JS1YMY,CQ,JS1YNI,=3568.87N\14002.19ESVia Hello SAKURA {UISS54},20241005_direwolflog.txt
2024-10-05,,JS1YMY,CQ,JS1YNI,=3568.87N\14002.19ESVia Hello SAKURA {UISS54},20241005_direwolflog.txt
2024-10-05,,JS1YMY,CQ,JS1YNI,=3568.87N\14002.19ESVia Hello SAKURA {UISS54},20241005_direwolflog.txt
2024-10-05,,JS1YMY,CQ,JS1YNI,=3568.87N\14002.19ESVia Hello SAKURA {UISS54},20241005_direwolflog.txt
2024-10-05,,JS1YMY,CQ,JS1YNI,=3568.87N\14002.19ESVia Hello SAKURA {UISS54},20241005_direwolflog.txt
2024-10-05,,JS1YMY,CQ,JS1YNI,=3568.87N\14002.19ESVia Hello SAKURA {UISS54},20241005_direwolflog.txt
2024-10-05,,JS1YMY,CQ,JS1YNI,=3568.87N\14002.19ESVia Hello SAKURA {UISS54},20241005_direwolflog.txt
2024-10-05,,JS1YMY,CQ,JS1YNI,=3568.87N\14002.19ESVia Hello SAKURA {UISS54},20241005_direwolflog.txt
2024-10-05,,JS1YMY,CQ,JS1YNI,=3568.87N\14002.19ESVia Hello SAKURA {UISS54},20241005_direwolflog.txt
2024-10-05,,JS1YMY,CQ,JS1YNI,=3568.87N\14002.19ESVia Hello SAKURA {UISS54},20241005_direwolflog.txt
2024-10-05,,JS1YMY,CQ,JS1YNI,=3568.87N\14002.19ESVia Hello SAKURA {UISS54},20241005_direwolflog.txt
2024-10-05,,JS1YMY,CQ,JS1YNI*,=3568.87N\14002.19ESVia Hello SAKURA {UISS54},20241005_direwolflog.txt
2024-10-05,,JS1YNI,APTT4,"WIDE1-1,WIDE2-1","> S1YMY>CQ,JS1YNI:=3568.87N\1400b.19ESVia Hello SAKURA {UISS54}<0x0d>",20241005_direwolflog.txt
2024-10-05,,S1YMY,CQ,JS1YNI,=3568.87N\1400b.19ESVia Hello SAKURA {UISS54},20241005_direwolflog.txt
2024-10-05,,JS1YNI,APTT4,"WIDE1-1,WIDE2-1",[<0x0d>,20241005_direwolflog.txt
2024-10-05,,JS1YNI,APTT4,"WIDE1-1,WIDE2-1",">JS1YMY>CQ,JS1YNI:=3568.87 \14002.19ESVia Hello SAKURA {UISS54}<0x0d>",20241005_direwolflog.txt
2024-10-05,,JS1YMY,CQ,JS1YNI,=3568.87 \14002.19ESVia Hello SAKURA {UISS54},20241005_direwolflog.txt
2024-10-05,,JS1YNI,APTT4,"WIDE1-1,WIDE2-1",[<0x0d>,20241005_direwolflog.txt
2024-10-05,,JS1YMY,CQ,JS1YNI,=3568.87N\14002.19ESVia Hello SAKURA {UISS54},20241005_direwolflog.txt
2024-10-05,,JS1YMY,CQ,JS1YNI,=3568.87N\14002.19ESVia Hello SAKURA {UISS54},20241005_direwolflog.txt
2024-10-05,17:40:38,JS1YMY,CQ,JS1YNI,=3568.87N\14002.19ESVia Hello SAKURA {UISS54},20241005_uisslog.txt
2024-10-05,17:44:46,JE1CVL,CQ,JS1YNI,=3550.14N\13917.84ESDe JE1CVL Saitama JAPAN {UISS54},20241005_uisslog.txt
2024-10-05,17:44:53,JE1CVL,CQ,JS1YNI,=3550.14N\13917.84ESDe JE1CVL Saitama JAPAN {UISS54},20241005_uisslog.txt
2024-10-05,17:44:59,JE1CVL,CQ,JS1YNI,=3550.14N\13917.84ESDe JE1CVL Saitama JAPAN {UISS54},20241005_uisslog.txt
2024-10-05,17:45:05,JE1CVL,CQ,JS1YNI,Hello via SAKURA,20241005_uisslog.txt
2024-10-05,17:45:13,JE1CVL,CQ,JS1YNI,=3550.14N\13917.84ESDe JE1CVL Saitama JAPAN {UISS54},20241005_uisslog.txt
2024-10-05,17:45:26,JE1CVL,CQ,JS1YNI,Hello via SAKURA,20241005_uisslog.txt
2024-10-05,17:45:33,JE1CVL,CQ,JS1YNI,Hello via SAKURA,20241005_uisslog.txt
2024-10-05,17:45:38,JE1CVL,CQ,JS1YNI,=3550.14N\13917.84ESDe JE1CVL Saitama JAPAN {UISS54},20241005_uisslog.txt
2024-10-05,17:45:44,JE1CVL,CQ,JS1YNI,=3550.14N\13917.84ESDe JE1CVL Saitama JAPAN {UISS54},20241005_uisslog.txt
2024-10-05,17:45:49,JE1CVL,CQ,JS1YNI,=3550.14N\13917.84ESDe JE1CVL Saitama JAPAN {UISS54},20241005_uisslog.txt
2024-10-05,17:45:53,JE1CVL,CQ,JS1YNI,=3550.14N\13917.84ESDe JE1CVL Saitama JAPAN {UISS54},20241005_uisslog.txt
2024-10-05,17:46:01,JE1CVL,CQ,JS1YNI,=3550.14N\13917.84ESDe JE1CVL Saitama JAPAN {UISS54},20241005_uisslog.txt
2024-10-05,17:46:10,JE1CVL,CQ,JS1YNI,=3550.14N\13917.84ESDe JE1CVL Saitama JAPAN {UISS54},20241005_uisslog.txt
2024-10-05,17:46:12,JE1CVL,CQ,JS1YNI,Hello via SAKURA,20241005_uisslog.txt
2024-10-05,17:46:24,JE1CVL,CQ,JS1YNI,=3550.14N\13917.84ESDe JE1CVL Saitama JAPAN {UISS54},20241005_uisslog.txt
2024-10-05,17:46:33,JE1CVL,CQ,JS1YNI,=3550.14N\13917.84ESDe JE1CVL Saitama JAPAN {UISS54},20241005_uisslog.txt
2024-10-05,17:46:40,JE1CVL,CQ,JS1YNI,=3550.14N\13917.84ESDe JE1CVL Saitama JAPAN {UISS54},20241005_uisslog.txt
2024-10-05,17:46:41,JS1YMY,CQ,JS1YNI,=3568.87N\14002.19ESVia Hello SAKURA {UISS54},20241005_uisslog.txt
2024-10-05,17:46:50,JS1YMY,CQ,JS1YNI,=3568.87N\14002.19ESVia Hello SAKURA {UISS54},20241005_uisslog.txt
2024-10-05,17:46:51,JS1YMY,CQ,JS1YNI,=3568.87N\14002.19ESVia Hello SAKURA {UISS54},20241005_uisslog.txt
2024-10-05,17:47:03,JS1YMY,CQ,JS1YNI,=3568.87N\14002.19ESVia Hello SAKURA {UISS54},20241005_uisslog.txt
2024-10-05,17:47:11,JS1YMY,CQ,JS1YNI,=3568.87N\14002.19ESVia Hello SAKURA {UISS54},20241005_uisslog.txt
2024-10-05,17:47:26,JS1YMY,CQ,JS1YNI,=3568.87N\14002.19ESVia Hello SAKURA {UISS54},20241005_uisslog.txt
2024-10-05,17:47:34,JS1YMY,CQ,JS1YNI,=3568.87N\14002.19ESVia Hello SAKURA {UISS54},20241005_uisslog.txt
2024-10-05,17:47:38,JS1YMY,CQ,JS1YNI,=3568.87N\14002.19ESVia Hello SAKURA {UISS54},20241005_uisslog.txt
2024-10-05,17:47:44,JS1YMY,CQ,JS1YNI,=3568.87N\14002.19ESVia Hello SAKURA {UISS54},20241005_uisslog.txt
2024-10-05,17:47:53,JS1YMY,CQ,JS1YNI,=3568.87N\14002.19ESVia Hello SAKURA {UISS54},20241005_uisslog.txt
2024-10-05,17:48:01,JS1YMY,CQ,JS1YNI,=3568.87N\14002.19ESVia Hello SAKURA {UISS54},20241005_uisslog.txt
2024-10-05,17:48:03,JS1YMY,CQ,JS1YNI,=3568.87N\14002.19ESVia Hello SAKURA {UISS54},20241005_uisslog.txt
2024-10-05,17:48:07,JS1YNI,APTT4,"WIDE1-1,WIDE2-1",">ﾊS1YMY>CQ,JS1YNI:=3568.87N\1400b.19ESVia Hello SAKURA {UISS54}",20241005_uisslog.txt
2024-10-05,17:48:07,JS1YNI,APTT4,"WIDE1-1,WIDE2-1",[,20241005_uisslog.txt
2024-10-05,17:48:11,JS1YNI,APTT4,"WIDE1-1,WIDE2-1",">JS1YMY>CQ,JS1YNI:=3568.87・\14002.19ESVia Hello SAKURA {UISS54}",20241005_uisslog.txt
2024-10-05,17:48:12,JS1YNI,APTT4,"WIDE1-1,WIDE2-1",[,20241005_uisslog.txt
2024-10-05,17:48:30,JS1YMY,CQ,JS1YNI,=3568.87N\14002.19ESVia Hello SAKURA {UISS54},20241005_uisslog.txt
2024-10-05,17:48:39,JS1YMY,CQ,JS1YNI,=3568.87N\14002.19ESVia Hello SAKURA {UISS54},20241005_uisslog.txt
2024-10-07,,JS1YMY,CQ,JS1YNI,=3568.87N/14002.17E&73' Via Satellite {UISS54},20241007_uisslog.txt
2024-10-07,,JS1YMY,CQ,JS1YNI*,=3568.87N/14002.17E&73' Via Satellite {UISS54},20241007_uisslog.txt
2024-10-07,,JS1YNI,APTT4,"WIDE1-1,WIDE2-1",">JS1YMY>CQ,JS1YNI:=3568.87 /14002.17E&73' Via Satellite { ISS54}<0x0d>",20241007_uisslog.txt
2024-10-07,,JS1YMY,CQ,JS1YNI,=3568.87 /14002.17E&73' Via Satellite { ISS54},20241007_uisslog.txt
2024-10-07,,JS1YNI,APTT4,"WIDE1-1,WIDE2-1",<0x1d><0x0d>,20241007_uisslog.txt
2024-10-07,,JS1YNI,APTT4,"WIDE1-1,WIDE2-1",">JS1YM >CQ,JS1YNI:=3568.87N/14002.17EF73' Via Satellite {UISS54}<0x0d>",20241007_uisslog.txt
2024-10-07,,JS1YNI,APTT4,"WIDE1-1,WIDE2-1",<0x1d><0x0d>,20241007_uisslog.txt
2024-11-04,,JS1YMY,CQ,JS1YNI,:MSG      :Hello sakura,20241104_direwolflog.txt
2024-11-04,,JS1YMY,CQ,JS1YNI,:MSG      :Hello sakura,20241104_direwolflog.txt
2024-11-04,,JS1YMY,CQ,JS1YNI,:MSG      :Hello sakura,20241104_direwolflog.txt
2024-11-04,,JS1YMY,CQ,JS1YNI,:MSG      :Hello sakura,20241104_direwolflog.txt
2024-11-04,,JS1YMY,CQ,JS1YNI,:MSG      :Hello sakura,20241104_direwolflog.txt
2024-11-04,,JS1YMY,CQ,JS1YNI*,:MSG      :Hello sakura,20241104_direwolflog.txt
2024-11-04,,JS1YNI,APTT4,"WIDE1-1,WIDE2-1",>SG      :Hel o<0x0d>,20241104_direwolflog.txt
2024-11-04,,JS1YMY,CQ,JS1YNI,:MSG      :Hello sakura,20241104_direwolflog.txt
2024-11-04,,JS1YMY,CQ,JS1YNI,:MSG      :Hello sakura,20241104_direwolflog.txt
2024-11-04,,JS1YMY,CQ,JS1YNI,:MSG      :Hello sakura,20241104_direwolflog.txt
2024-11-04,,JS1YMY,CQ,JS1YNI*,:MSG      :Hello sakura,20241104_direwolflog.txt
2024-11-04,,JS1YNI,APTT4,"WIDE1-1,WIDE2-1",>SG      :Hello<0x0d>,20241104_direwolflog.txt
2024-11-04,,JS1YMY,CQ,JS1YNI,:MSG      :Hello sakura,20241104_direwolflog.txt
2024-11-04,,JS1YMY,CQ,JS1YNI,:MSG      :Hello sakura,20241104_direwolflog.txt
2024-11-04,,JS1YMY,CQ,JS1YNI,:MSG      :Hello sakura,20241104_direwolflog.txt
2024-11-04,,JS1YMY,CQ,JS1YNI,:MSG      :Hello sakura,20241104_direwolflog.txt
2024-11-04,,JS1YMY,CQ,JS1YNI*,:MSG      :Hello sakura,20241104_direwolflog.txt
2024-11-04,,JS1YNI,APTT4,"WIDE1-1,WIDE2-1",>SG      :Hello<0x0d>,20241104_direwolflog.txt
2024-11-04,,JS1YMY,CQ,JS1YNI,:MSG      :Hello sakura,20241104_direwolflog.txt
2024-11-04,,JS1YMY,CQ,JS1YNI,:MSG      :Hello sakura,20241104_direwolflog.txt
2024-11-04,,JS1YMY,CQ,JS1YNI,:MSG      :Hello sakura,20241104_direwolflog.txt
2024-11-04,,JS1YMY,CQ,JS1YNI,:MSG      :Hello sakura,20241104_direwolflog.txt
2024-11-04,,JS1YMY,CQ,JS1YNI,:MSG      :Hello sakura,20241104_direwolflog.txt
2024-11-04,,JS1YMY,CQ,JS1YNI,:MSG      :Hello sakura,20241104_direwolflog.txt
2024-11-08,,JS1YMY,CQ,JS1YNI,?msgA,20241108_direwolflog.txt
2024-11-08,,JS1YMY,CQ,JS1YNI,?msgA,20241108_direwolflog.txt
2024-11-08,,JS1YMY,CQ,JS1YNI*,?msgA,20241108_direwolflog.txt
2024-11-08,,JS1YNI,APTT4,"WIDE1-1,WIDE2-1",>We are GARDE s in CIT.<0x0d>,20241108_direwolflog.txt
2024-11-08,,JS1YNI,APTT4,"WIDE1-1,WIDE2-1",>We are GARDENs in CIT.<0x0d>,20241108_direwolflog.txt
2024-11-08,,JS1YMY,CQ,JS1YNI,?msgA,20241108_direwolflog.txt
2024-11-08,,JS1YMY,CQ,JS1YNI,?msgB,20241108_direwolflog.txt
2024-11-08,,JS1YMY,CQ,JS1YNI,?msgB,20241108_direwolflog.txt
2024-11-08,,JS1YMY,CQ,JS1YNI*,?msgB,20241108_direwolflog.txt
2024-11-08,,JS1YNI,APTT4,"WIDE1-1,WIDE2-1",">This is SAKURA, the Cube Sat.<0x0d>",20241108_direwolflog.txt
2024-11-08,,JS1YNI,APTT4,"WIDE1-1,WIDE2-1",">This is SAKURA, the Cube Sat.<0x0d>",20241108_direwolflog.txt
2024-11-08,,JS1YMY,CQ,JS1YNI,?msgC,20241108_direwolflog.txt
2024-11-08,,JS1YMY,CQ,JS1YNI,?msgC,20241108_direwolflog.txt
2024-11-08,,JS1YMY,CQ,JS1YNI*,?msgC,20241108_direwolflog.txt
2024-11-08,,JS1YNI,APTT4,"WIDE1-1,WIDE2-1",>Happy New Year!!<0x0d>,20241108_direwolflog.txt
2024-11-08,,JS1YNI,APTT4,"WIDE1-1,WIDE2-1",>Happy@New Year!!<0x0d>,20241108_direwolflog.txt
2024-11-08,,JS1YMY,CQ,JS1YNI,?msg9,20241108_direwolflog.txt
2024-11-08,,JS1YMY,CQ,JS1YNI*,?msg9,20241108_direwolflog.txt
2024-11-08,,JS1YNI,APTT4,"WIDE1-1,WIDE2-1",>Buona sera<0x0d>,20241108_direwolflog.txt
2024-11-08,,JS1YNI,APTT4,"WIDE1-1,WIDE2-1",>Buon  sera<0x0d>,20241108_direwolflog.txt
2024-11-08,,JS1YMY,CQ,JS1YNI,?msg2,20241108_direwolflog.txt
2024-11-08,,JS1YMY,CQ,JS1YNI,?msg2,20241108_direwolflog.txt
2024-11-08,,JS1YMY,CQ,JS1YNI,?msg2,20241108_direwolflog.txt
2024-11-08,,JS1YNI,APTT4,"WIDE1-1,WIDE2-1",>good morning<0x0d>,20241108_direwolflog.txt
2024-11-08,,JS1YMY,CQ,JS1YNI,?msg3,20241108_direwolflog.txt
2024-11-08,,JS1YMY,CQ,JS1YNI,?msg3,20241108_direwolflog.txt
2024-11-08,,JS1YMY,CQ,JS1YNI,?msg3,20241108_direwolflog.txt
2024-11-08,,JS1YMY,CQ,JS1YNI,?msg3,20241108_direwolflog.txt
2024-11-08,,JS1YMY,CQ,JS1YNI*,?msg3,20241108_direwolflog.txt
2024-11-08,,JS1YNI,APTT4,"WIDE1-1,WIDE2-1",>good eve ing<0x0d>,20241108_direwolflog.txt
2024-11-08,,JS1YNI,APTT4,"WIDE1-1,WIDE2-1",>good evening<0x0d>,20241108_direwolflog.txt
2024-11-08,,JS1YMY,CQ,JS1YNI,?msg4,20241108_direwolflog.txt
2024-11-08,,JS1YMY,CQ,JS1YNI,?msg4,20241108_direwolflog.txt
2024-11-08,,JS1YMY,CQ,JS1YNI*,?msg4,20241108_direwolflog.txt
2024-11-08,,JS1YNI,APTT4,"WIDE1-1,WIDE2-1",>Guten Morgen<0x0d>,20241108_direwolflog.txt
2024-11-08,,JS1YMY,CQ,JS1YNI,?msg4,20241108_direwolflog.txt
2024-11-08,,JS1YMY,CQ,JS1YNI,?msg5,20241108_direwolflog.txt
2024-11-08,,JS1YMY,CQ,JS1YNI,?msg5,20241108_direwolflog.txt
2024-11-08,,JS1YMY,CQ,JS1YNI,?msg5,20241108_direwolflog.txt
2024-11-08,,JS1YMY,CQ,JS1YNI,?msg5,20241108_direwolflog.txt
2024-11-08,,JS1YMY,CQ,JS1YNI,?msg5,20241108_direwolflog.txt
2024-11-08,,JS1YMY,CQ,JS1YNI,?msg5,20241108_direwolflog.txt
2024-11-08,,JS1YMY,CQ,JS1YNI,?msg5,20241108_direwolflog.txt
2024-11-11,,JS1YMY,CQ,JS1YNI,:SAT      :Hello. Sakura!,20241111_direwolflog.txt
2024-11-11,,JS1YMY,CQ,JS1YNI,:SAT      :Hello. Sakura!,20241111_direwolflog.txt
2024-11-11,,JS1YNI,APTT4,"WIDE1-1,WIDE2-1",>MSG transmit<0x0d>,20241111_direwolflog.txt
2024-11-11,,JS1YNI,APTT4,"WIDE1-1,WIDE2-1",>MSG transmit<0x0d>,20241111_direwolflog.txt
2024-11-11,,JS1YMY,CQ,JS1YNI,:BLNQSL1/1:JS1YNI{UISS54},20241111_direwolflog.txt
2024-11-11,,JS1YMY,CQ,JS1YNI,:SAT      :Hello. Sakura!,20241111_direwolflog.txt
2024-11-11,,JS1YMY,CQ,JS1YNI*,:BLNQSL1/1:JS1YNI{UISS54},20241111_direwolflog.txt
2024-11-11,,JS1YMY,CQ,JS1YNI,:SAT      :Hello. Sakura!,20241111_direwolflog.txt
2024-11-11,,JS1YMY,CQ,JS1YNI*,:SAT      :Hello. Sakura!,20241111_direwolflog.txt
2024-11-11,,JS1YNI,APTT4,"WIDE1-1,WIDE2-1",>MSG transmit<0x0d>,20241111_direwolflog.txt
2024-11-11,,JS1YMY,CQ,JS1YNI,:SAT      :Hello. Sakura!,20241111_direwolflog.txt
2024-11-11,,JS1YNI,APTT4,"WIDE1-1,WIDE2-1",>MSG transmit<0x0d>,20241111_direwolflog.txt
2024-11-11,,JS1YNI,APTT4,"WIDE1-1,WIDE2-1",>MS  transmit<0x0d>,20241111_direwolflog.txt
2024-11-11,,JS1YMY,CQ,JS1YNI,:SAT      :Hello. Sakura!,20241111_direwolflog.txt
2024-11-11,,JS1YNI,APTT4,"WIDE1-1,WIDE2-1",>MSG tra smit<0x0d>,20241111_direwolflog.txt
2024-11-11,,JS1YMY,CQ,JS1YNI,:SAT      :Hello. Sakura!,20241111_direwolflog.txt
2024-11-11,,JS1YMY,CQ,JS1YNI,:SAT      :Hello. Sakura!,20241111_direwolflog.txt
2024-11-11,,JS1YNI,APTT4,"WIDE1-1,WIDE2-1",>MSG transmit<0x0d>,20241111_direwolflog.txt
2024-11-11,,JS1YMY,CQ,JS1YNI,:SAT      :Hello. Sakura!,20241111_direwolflog.txt
2024-11-11,,JS1YMY,CQ,JS1YNI*,:SAT      :Hello. Sakura!,20241111_direwolflog.txt
2024-11-11,,JS1YNI,APTT4,"WIDE1-1,WIDE2-1",>MSG transmit<0x0d>,20241111_direwolflog.txt
2024-11-11,,JS1YMY,CQ,JS1YNI,:SAT      :Hello. Sakura!,20241111_direwolflog.txt
2024-11-11,,JS1YMY,CQ,JS1YNI,:SAT      :Hello. Sakura!,20241111_direwolflog.txt
2024-11-11,,JS1YNI,APTT4,"WIDE1-1,WIDE2-1",>MSG transmit<0x0d>,20241111_direwolflog.txt
2024-11-11,,JS1YMY,CQ,JS1YNI,:SAT      :Hello. Sakura!,20241111_direwolflog.txt
2024-11-11,,JS1YNI,APTT4,"WIDE1-1,WIDE2-1",>MSG transmit<0x0d>,20241111_direwolflog.txt
2024-11-11,,JS1YMY,CQ,JS1YNI,:SAT      :Hello. Sakura!,20241111_direwolflog.txt
2024-11-11,,JS1YNI,APTT4,"WIDE1-1,WIDE2-1",>MS  transmit<0x0d>,20241111_direwolflog.txt
2024-11-11,,JS1YMY,CQ,JS1YNI,:SAT      :Hello. Sakura!,20241111_direwolflog.txt
2024-11-11,,JS1YMY,CQ,JS1YNI,:SAT      :Hello. Sakura!,20241111_direwolflog.txt
2024-11-11,,JS1YMY,CQ,JS1YNI*,:SAT      :Hello. Sakura!,20241111_direwolflog.txt
2024-11-11,,JS1YMY,CQ,JS1YNI,:SAT      :Hello. Sakura!,20241111_direwolflog.txt
2024-11-11,,JS1YNI,APTT4,"WIDE1-1,WIDE2-1",>MSG transmit<0x0d>,20241111_direwolflog.txt
2024-11-11,,JS1YMY,CQ,JS1YNI,:SAT      :Hello. Sakura!,20241111_direwolflog.txt
2024-11-11,,JS1YNI,APTT4,"WIDE1-1,WIDE2-1",>MSG transmit<0x0d>,20241111_direwolflog.txt
2024-11-11,,JS1YMY,CQ,JS1YNI,:SAT      :Hello. Sakura!,20241111_direwolflog.txt
2024-11-11,,JS1YMY,CQ,JS1YNI,:SAT      :Hello. Sakura!,20241111_direwolflog.txt
2024-11-11,,JS1YNI,APTT4,"WIDE1-1,WIDE2-1",>MSG transmit<0x0d>,20241111_direwolflog.txt
2024-11-11,,JS1YMY,CQ,JS1YNI,:SAT      :Hello. Sakura!,20241111_direwolflog.txt
2024-11-11,,JS1YNI,APTT4,"WIDE1-1,WIDE2-1",>MSG transmit<0x0d>,20241111_direwolflog.txt
2024-11-11,,JS1YNI,APTT4,"WIDE1-1,WIDE2-1",>MSG transmit<0x0d>,20241111_direwolflog.txt
2024-11-11,,JS1YNI,APTT4,"WIDE1-1,WIDE2-1",>MSG transmit<0x0d>,20241111_direwolflog.txt
2024-11-11,,JS1YMY,CQ,JS1YNI,:SAT      :Hello. Sakura!,20241111_direwolflog.txt
2024-11-11,,JS1YNI,APTT4,"WIDE1-1,WIDE2-1",<0x1a>,20241111_direwolflog.txt
2024-11-11,,JS1YNI,APTT4,"WIDE1-1,WIDE2-1",>MSG transmit<0x0d>,20241111_direwolflog.txt
2024-11-11,,JS1YMY,CQ,JS1YNI,:SAT      :Hello. Sakura!,20241111_direwolflog.txt
2024-11-11,,JS1YNI,APTT4,"WIDE1-1,WIDE2-1",>MSG`transmit<0x0d>,20241111_direwolflog.txt
2024-11-11,,JS1YMY,CQ,JS1YNI,:SAT      :Hello. Sakura!,20241111_direwolflog.txt
2024-11-11,,JS1YMY,CQ,JS1YNI*,:SAT      :Hello. Sakura!,20241111_direwolflog.txt
2024-11-11,,JS1YMY,CQ,JS1YNI,:SAT      :Hello. Sakura!,20241111_direwolflog.txt
2024-11-11,,JS1YMY,CQ,JS1YNI,:SAT      :Hello. Sakura!,20241111_direwolflog.txt
2024-11-11,,JS1YMY,CQ,JS1YNI,:SAT      :Hello. Sakura!,20241111_direwolflog.txt
2024-11-11,,JS1YNI,APTT4,"WIDE1-1,WIDE2-1",>MSG transmit<0x0d>,20241111_direwolflog.txt
2024-11-11,,JS1YMY,CQ,JS1YNI,:SAT      :Hello. Sakura!,20241111_direwolflog.txt
2024-11-11,,JS1YMY,CQ,JS1YNI,:SAT      :Hello. Sakura!,20241111_direwolflog.txt
2024-11-11,,JS1YNI,APTT4,"WIDE1-1,WIDE2-1",>MSG tran mit<0x0d>,20241111_direwolflog.txt
2024-11-11,,JS1YNI,APTT4,"WIDE1-1,WIDE2-1",>MSG transmit<0x0d>,20241111_direwolflog.txt
2024-11-11,,JS1YNI,APTT4,"WIDE1-1,WIDE2-1",>MSG transmit<0x0d>,20241111_direwolflog.txt
2024-11-11,,JS1YMY,CQ,JS1YNI,:SAT      :Hello. Sakura!,20241111_direwolflog.txt
2024-11-11,,JS1YMY,CQ,JS1YNI*,:SAT      :Hello. Sakura!,20241111_direwolflog.txt
2024-11-11,,JS1YMY,CQ,JS1YNI,:SAT      :Hello. Sakura!,20241111_direwolflog.txt
2024-11-11,,JS1YNI,APTT4,"WIDE1-1,WIDE2-1",>MSG transmit<0x0d>,20241111_direwolflog.txt
2024-11-11,,JS1YMY,CQ,JS1YNI,:SAT      :Hello. Sakura!,20241111_direwolflog.txt
2024-11-11,,JS1YNI,APTT4,"WIDE1-1,WIDE2-1",>MSG`transmit<0x0d>,20241111_direwolflog.txt
2024-11-11,,JS1YMY,CQ,JS1YNI,:SAT      :Hello. Sakura!,20241111_direwolflog.txt
2024-11-11,,JS1YNI,APTT4,"WIDE1-1,WIDE2-1",>MSG transmit<0x0d>,20241111_direwolflog.txt
2024-11-11,,JS1YMY,CQ,JS1YNI,:SAT      :Hello. Sakura!,20241111_direwolflog.txt
2024-11-11,,JS1YMY,CQ,JS1YNI,:SAT      :Hello. Sakura!,20241111_direwolflog.txt
2024-11-11,,JS1YMY,CQ,JS1YNI*,:SAT      :Hello. Sakura!,20241111_direwolflog.txt
2024-11-11,,JS1YNI,APTT4,"WIDE1-1,WIDE2-1",<0x16>>MSG transmit<0x0d>,20241111_direwolflog.txt
2024-11-11,,JS1YMY,CQ,JS1YNI,:MSG      :Hello. Sakura!,20241111_direwolflog.txt
2024-11-11,,JS1YMY,CQ,JS1YNI*,:MSG      :Hello. Sakura!,20241111_direwolflog.txt
2024-11-11,,JS1YMY,CQ,JS1YNI,:MSG      :Hello. Sakura!,20241111_direwolflog.txt
2024-11-11,,JS1YNI,APTT4,"WIDE1-1,WIDE2-1",>MSG trans it<0x0d>,20241111_direwolflog.txt
2024-11-11,,JS1YMY,CQ,JS1YNI,:MSG      :Hello. Sakura!,20241111_direwolflog.txt
2024-11-11,,JS1YNI,APTT4,"WIDE1-1,WIDE2-1",>MSG transmit<0x0d>,20241111_direwolflog.txt
2024-11-11,,JS1YNI,APTT4,"WIDE1-1,WIDE2-1",>MSG transmit<0x0d>,20241111_direwolflog.txt
2024-11-15,17:41:13,JS1YKP,CQ,JS1YNI,=3568.87N/14002.17E&73' Via SAKURA {UISS54},20241115_uisslog.txt
2024-11-15,17:41:23,JS1YKP,CQ,JS1YNI,=3568.87N/14002.17E&73' Via SAKURA {UISS54},20241115_uisslog.txt
2024-11-15,17:41:33,JS1YKP,CQ,JS1YNI,=3568.87N/14002.17E&73' Via SAKURA {UISS54},20241115_uisslog.txt
2024-11-15,17:41:45,JS1YKP,CQ,JS1YNI,=3568.87N/14002.17E&73' Via SAKURA {UISS54},20241115_uisslog.txt
2024-11-15,17:42:05,JS1YKP,CQ,JS1YNI,=3568.87N/14002.17E&73' Via SAKURA {UISS54},20241115_uisslog.txt
2024-11-15,17:43:07,JS1YKP,CQ,JS1YNI,=3568.87N/14002.17E&73' Via SAKURA {UISS54},20241115_uisslog.txt
2024-11-15,17:43:18,JS1YKP,CQ,JS1YNI,=3568.87N/14002.17E&73' Via SAKURA {UISS54},20241115_uisslog.txt
2024-11-15,17:43:28,JS1YKP,CQ,JS1YNI,=3568.87N/14002.17E&73' Via SAKURA {UISS54},20241115_uisslog.txt
2024-11-15,17:43:38,JS1YKP,CQ,JS1YNI,=3568.87N/14002.17E&73' Via SAKURA {UISS54},20241115_uisslog.txt
2024-11-15,17:43:39,JS1YKP,CQ,JS1YNI,=3568.87N/14002.17E&73' Via SAKURA {UISS54},20241115_uisslog.txt
2024-11-15,17:43:50,JS1YNI,APTT4,"WIDE1-1,WIDE2-1",O,20241115_uisslog.txt
2024-11-15,17:44:00,JS1YNI,APTT4,"WIDE1-1,WIDE2-1",O,20241115_uisslog.txt
2024-11-15,17:44:10,JS1YNI,APTT4,"WIDE1-1,WIDE2-1",">JS1YKP>CQ,JS1YNI:=3568.87N/14002.17E&73' Via SAKUR・ {UISS54}",20241115_uisslog.txt
2024-11-15,17:44:10,JS1YNI,APTT4,"WIDE1-1,WIDE2-1",O,20241115_uisslog.txt
2024-11-16,,JS1YKP,CQ,JS1YNI,:MSG      :Hello SAKURA>,20241116_direwolflog.txt
2024-11-16,,JS1YKP,CQ,JS1YNI,:MSG      :Hello SAKURA!,20241116_direwolflog.txt
2024-11-16,,JH4DHX-3,CQ,JS1YNI*,<0x0d>,20241116_direwolflog.txt
2024-11-16,,JS1YNI,APTT4,"WIDE1-1,WIDE2-1",>We are GARDENs in CIT.<0x0d>,20241116_direwolflog.txt
2024-11-16,,JH4DHX-3,CQ,JS1YNI*,<0x0d>,20241116_direwolflog.txt
2024-11-16,,JH4DHX-3,CQ,JS1YNI*,"Hello!  DE JH4DHX/3 Takatsuki-city, Osaka  PM74TU.  v(^^)<0x0d>",20241116_direwolflog.txt
2024-11-16,,JS1YNI,APTT4,"WIDE1-1,WIDE2-1",>We are GARDENs in CIT.<0x0d>,20241116_direwolflog.txt
2024-11-16,,JS1YKP,CQ,JS1YNI,:MSG      :Hello SAKURA!,20241116_direwolflog.txt
2024-11-16,,JS1YKP,CQ,JS1YNI,:MSG      :Hello SAKURA!,20241116_direwolflog.txt
2024-11-16,,JS1YKP,CQ,JS1YNI*,:MSG      :Hello SAKURA!,20241116_direwolflog.txt
2024-11-16,,JS1YKP,CQ,JS1YNI,:MSG      :Hello SAKURA!,20241116_direwolflog.txt
2024-11-16,,JS1YKP,CQ,JS1YNI,:MSG      :Hello SAKURA!,20241116_direwolflog.txt
2024-11-16,,JS1YKP,CQ,JS1YNI,:MSG      :Hello SAKURA!,20241116_direwolflog.txt
2024-11-16,,JS1YKP,CQ,JS1YNI,:MSG      :Hello SAKURA!,20241116_direwolflog.txt
2024-11-16,,JS1YKP,CQ,JS1YNI,:MSG      :Hello SAKURA!,20241116_direwolflog.txt
2024-11-16,,JS1YKP,CQ,JS1YNI,:MSG      :Hello SAKURA!,20241116_direwolflog.txt
2024-11-16,,JS1YKP,CQ,JS1YNI*,:MSG      :Hello SAKURA!,20241116_direwolflog.txt
2024-11-16,,JS1YKP,CQ,JS1YNI,:MSG      :Hello SAKURA!,20241116_direwolflog.txt
2024-11-16,,JS1YKP,CQ,JS1YNI,:MSG      :Hello SAKURA!,20241116_direwolflog.txt
2024-11-16,,JS1YKP,CQ,JS1YNI,:MSG      :Hello SAKURA!,20241116_direwolflog.txt
2024-11-16,,JS1YKP,CQ,JS1YNI*,:MSG      :Hello SAKURA!,20241116_direwolflog.txt
2024-11-16,,JS1YNI,APTT4,"WIDE1-1,WIDE2-1",>We are GARDENs in C T.<0x0d>,20241116_direwolflog.txt
2024-11-16,,JS1YKP,CQ,JS1YNI,:MSG      :Hello SAKURA!,20241116_direwolflog.txt
2024-11-16,,JA0FKM,JS1YKP,JS1YNI*,Hello<0x20>,20241116_direwolflog.txt
2024-11-16,,JH4DHX-3,CQ,JS1YNI*,<0x0d>,20241116_direwolflog.txt
2024-11-16,,JS1YNI,APTT4,"WIDE1-1,WIDE2-1",>We are GARDENs in C T.<0x0d>,20241116_direwolflog.txt
2024-11-16,,JS1YKP,CQ,JS1YNI,:MSG      :Hello SAKURA!,20241116_direwolflog.txt
2024-11-16,,JS1YKP,CQ,JS1YNI,:MSG      :Hello SAKURA!,20241116_direwolflog.txt
2024-11-16,,JS1YKP,CQ,JS1YNI*,:MSG      :Hello SAKURA!,20241116_direwolflog.txt
2024-11-16,,JS1YKP,CQ,JS1YNI,:MSG      :Hello SAKURA!,20241116_direwolflog.txt
2024-11-16,,JS1YKP,CQ,JS1YNI,:MSG      :Hello SAKURA!,20241116_direwolflog.txt
2024-11-16,,JS1YKP,CQ,JS1YNI*,:MSG      :Hello SAKURA!,20241116_direwolflog.txt
2024-11-16,,JS1YKP,CQ,JS1YNI,:MSG      :Hello SAKURA!,20241116_direwolflog.txt
2024-11-16,,JS1YKP,CQ,JS1YNI,:MSG      :Hello SAKURA!,20241116_direwolflog.txt
2024-11-16,,JS1YKP,CQ,JS1YNI,:MSG      :Hello SAKURA!,20241116_direwolflog.txt
2024-11-16,,JS1YKP,CQ,JS1YNI,:MSG      :Hello SAKURA!,20241116_direwolflog.txt
2024-11-16,,JS1YKP,CQ,JS1YNI*,:MSG      :Hello SAKURA!,20241116_direwolflog.txt
2024-11-16,,JS1YKP,CQ,JS1YNI,:MSG      :Hello SAKURA!,20241116_direwolflog.txt
2024-11-16,,JS1YKP,CQ,JS1YNI,:MSG      :Hello SAKURA!,20241116_direwolflog.txt
2024-11-18,22:54:21,JS1LQI,CQ,JS1YNI,CQ JS1LQI PM95,20241118_uisslog.txt
2024-11-18,22:54:40,JS1LQI,CQ,JS1YNI,CQ JS1LQI PM95,20241118_uisslog.txt
2024-11-18,22:54:45,JH4DHX-3,CQ,JS1YNI,TNX SAKURA! 73's  v(^^),20241118_uisslog.txt
2024-11-18,22:54:48,JS1LQI,CQ,JS1YNI,CQ JS1LQI PM95,20241118_uisslog.txt
2024-11-18,22:54:52,JS1LQI,CQ,JS1YNI,CQ JS1LQI PM95,20241118_uisslog.txt
2024-11-18,22:54:57,JS1LQI,CQ,JS1YNI,CQ JS1LQI PM95,20241118_uisslog.txt
2024-11-18,22:55:03,JS1LQI,CQ,JS1YNI,CQ JS1LQI PM95,20241118_uisslog.txt
2024-11-18,22:55:05,JS1YNI,APTT4,"WIDE1-1,WIDE2-1",>Buenos dias,20241118_uisslog.txt
2024-11-18,22:55:40,JS1LQI,CQ,JS1YNI,CQ JS1LQI PM95,20241118_uisslog.txt
2024-11-18,22:55:45,JH4DHX-3,CQ,JS1YNI,TNX SAKURA! 73's  v(^^),20241118_uisslog.txt
2024-11-18,22:56:06,JS1YNI,APTT4,"WIDE1-1,WIDE2-1",>Buenos dias,20241118_uisslog.txt
2024-11-18,22:56:20,JI1IZR,CQ,JS1YNI,:SAT      :Hello from PM95pi Via SAKURA,20241118_uisslog.txt
2024-11-18,22:56:43,JH4DHX-3,CQ,JS1YNI,,20241118_uisslog.txt
2024-11-18,22:57:07,JS1YNI,APTT4,"WIDE1-1,WIDE2-1",>Buenos dias,20241118_uisslog.txt
2024-11-18,,JH4DHX-3,CQ,JS1YNI*,<0x0d>,20241118_direwolflog.txt
2024-11-18,,JH4DHX-3,CQ,JS1YNI*,"Hello!  DE JH4DHX/3 Takatsuki-city, Osaka  PM74TU.  v(^^)<0x0d>",20241118_direwolflog.txt
2024-11-18,,JS1LQI,CQ,JS1YNI,CQ JS1LQI PM95,20241118_direwolflog.txt
2024-11-18,,JS1LQI,CQ,JS1YNI,CQ JS1LQI PM95,20241118_direwolflog.txt
2024-11-18,,JH4DHX-3,CQ,JS1YNI*,TNX SAKURA! 73's  v(^^)<0x0d>,20241118_direwolflog.txt
2024-11-18,,JS1LQI,CQ,JS1YNI,CQ JS1LQI PM95,20241118_direwolflog.txt
2024-11-18,,JS1LQI,CQ,JS1YNI,CQ JS1LQI PM95,20241118_direwolflog.txt
2024-11-18,,JS1LQI,CQ,JS1YNI,CQ JS1LQI PM95,20241118_direwolflog.txt
2024-11-18,,JS1LQI,CQ,JS1YNI,CQ JS1LQI PM95,20241118_direwolflog.txt
2024-11-18,,JS1YNI,APTT4,"WIDE1-1,WIDE2-1",>Buenos dias<0x0d>,20241118_direwolflog.txt
2024-11-18,,JS1LQI,CQ,JS1YNI,CQ JS1LQI PM95,20241118_direwolflog.txt
2024-11-18,,JH4DHX-3,CQ,JS1YNI*,TNX SAKURA! 73's  v(^^)<0x0d>,20241118_direwolflog.txt
2024-11-18,,JS1YNI,APTT4,"WIDE1-1,WIDE2-1",>Buenos dias<0x0d>,20241118_direwolflog.txt
2024-11-18,,JI1IZR,CQ,JS1YNI*,:SAT      :Hello from PM95pi Via SAKURA,20241118_direwolflog.txt
2024-11-18,,JH4DHX-3,CQ,JS1YNI*,<0x0d>,20241118_direwolflog.txt
2024-11-18,,JS1YNI,APTT4,"WIDE1-1,WIDE2-1",>Buenos dias<0x0d>,20241118_direwolflog.txt
