day,battery_v_median,battery_v_min,battery_v_max,battery_i_median,battery_temp_median,x_plus_temp_median,x_minus_temp_median,y_plus_temp_median,y_minus_temp_median,z_plus_temp_median,z_minus_temp_median,bpb_temp_median,source_v_median
0,4.230000,4.070000,4.250000,-0.000900,24.300000,66.750000,21.820000,21.040000,20.370000,16.680000,26.600000,24.160000,5.130000
1,4.230000,4.180000,4.250000,-0.007000,24.650000,65.120000,22.600000,22.380000,20.480000,14.890000,28.820000,25.050000,5.130000
2,4.230000,4.150000,4.250000,-0.007000,23.960000,67.455000,21.820000,21.600000,19.480000,12.540000,27.600000,23.820000,5.160000
3,4.230000,4.150000,4.250000,-0.000900,15.390000,80.390000,16.680000,14.560000,12.485000,6.480000,20.535000,16.240000,5.160000
4,4.230000,4.100000,4.230000,0.002100,11.580000,86.770000,13.330000,11.200000,8.610000,3.100000,17.910000,13.210000,5.160000
5,4.230000,4.100000,4.230000,0.005200,9.450000,90.880000,10.640000,8.730000,5.910000,0.840000,15.175000,10.750000,5.160000
6,4.230000,4.100000,4.230000,0.002100,8.730000,93.390000,10.070000,7.490000,5.350000,-0.060000,13.210000,10.520000,5.100000
7,4.230000,4.100000,4.230000,0.011300,6.910000,99.230000,6.700000,4.560000,1.180000,-3.010000,11.530000,7.600000,5.160000
8,4.230000,4.100000,4.230000,0.014300,6.170000,100.830000,4.790000,2.760000,-0.290000,-3.910000,9.290000,6.700000,5.100000
9,4.230000,4.070000,4.230000,0.018900,5.800000,99.130000,2.475000,-0.010000,-2.895000,-6.575000,9.345000,6.925000,5.100000
10,4.230000,4.070000,4.230000,0.017400,5.800000,99.230000,3.320000,1.970000,-0.860000,-5.270000,7.940000,7.380000,5.100000
11,4.230000,4.070000,4.230000,0.011300,5.420000,106.275000,-0.290000,-1.645000,-4.875000,-8.280000,8.725000,4.445000,4.935000
12,4.230000,4.070000,4.230000,0.020400,5.420000,102.150000,0.555000,-0.515000,-3.575000,-6.240000,7.885000,5.630000,5.030000
13,4.230000,4.070000,4.230000,0.026500,5.420000,104.850000,-1.080000,-2.100000,-4.140000,-7.540000,10.860000,5.580000,5.030000
14,4.200000,4.050000,4.230000,-0.049800,6.170000,106.860000,-1.760000,-3.570000,-5.500000,-8.220000,5.690000,5.580000,4.410000
15,4.230000,4.070000,4.230000,0.023500,5.800000,97.000000,4.000000,3.210000,1.860000,-7.880000,9.180000,6.140000,5.080000
16,4.230000,4.070000,4.230000,0.020400,5.420000,108.390000,-3.460000,-4.650000,-6.405000,-10.895000,3.945000,4.280000,4.680000
17,4.230000,4.050000,4.230000,0.017400,5.420000,105.905000,-1.530000,-2.215000,-3.685000,-9.930000,7.095000,4.280000,4.810000
18,4.230000,4.050000,4.230000,0.023500,5.420000,104.855000,-0.685000,-2.045000,-4.025000,-9.190000,7.600000,4.110000,5.000000
19,4.230000,4.070000,4.230000,0.023500,5.420000,102.305000,0.670000,0.385000,-2.045000,-7.770000,8.335000,5.125000,4.990000
20,4.230000,4.050000,4.230000,0.044800,6.540000,96.795000,4.845000,3.490000,1.235000,-7.320000,4.560000,4.955000,4.980000
21,4.230000,4.050000,4.250000,0.023500,5.800000,101.360000,2.650000,0.500000,-0.970000,-8.220000,6.700000,4.670000,4.920000
22,4.230000,4.070000,4.230000,0.038700,6.540000,98.700000,7.490000,3.770000,0.840000,-8.340000,0.950000,2.530000,5.080000
23,4.230000,4.070000,4.230000,0.026500,5.420000,100.610000,7.150000,2.420000,0.730000,-7.880000,7.380000,3.100000,5.180000
24,4.230000,4.070000,4.230000,0.025000,6.540000,98.440000,3.605000,1.350000,0.610000,-6.635000,-4.650000,3.040000,4.835000
25,4.230000,4.070000,4.230000,0.038700,6.540000,98.170000,3.660000,1.520000,2.870000,-5.050000,-5.500000,2.980000,4.980000
26,4.230000,4.070000,4.230000,0.026500,6.540000,99.980000,2.650000,-0.180000,-0.180000,-5.050000,-10.040000,1.180000,4.920000
27,4.230000,4.070000,4.230000,0.028050,6.910000,98.915000,2.590000,-0.235000,1.345000,-2.835000,-6.520000,2.650000,4.885000
28,4.230000,4.070000,4.230000,0.026500,5.985000,99.925000,0.445000,-1.365000,0.105000,-3.010000,-4.765000,1.970000,4.920000
29,4.230000,4.070000,4.230000,0.026550,6.910000,101.990000,2.080000,-1.025000,-0.005000,-2.495000,-8.510000,1.915000,4.990000
30,4.230000,4.070000,4.230000,0.023500,6.540000,100.720000,2.080000,-0.800000,0.270000,-0.520000,-3.460000,2.755000,4.965000
31,4.230000,4.070000,4.230000,0.026500,5.800000,101.670000,0.160000,-1.870000,-0.970000,-0.290000,-6.630000,1.520000,5.000000
32,4.230000,4.070000,4.230000,0.020400,6.170000,102.630000,-0.180000,-2.670000,-1.530000,-0.060000,-7.200000,1.630000,4.980000
33,4.230000,4.070000,4.230000,0.021950,6.355000,102.365000,0.785000,-1.650000,-0.350000,1.685000,-4.710000,2.590000,4.965000
34,4.230000,4.070000,4.230000,0.005200,6.540000,102.840000,0.050000,-2.670000,-2.670000,-1.420000,-9.360000,3.100000,4.740000
35,4.230000,4.070000,4.230000,0.017400,6.910000,99.555000,1.405000,-1.645000,0.270000,2.705000,-1.765000,2.870000,4.800000
36,4.230000,4.070000,4.230000,0.020400,6.540000,104.590000,-0.235000,-2.840000,-1.200000,1.970000,-4.820000,1.630000,4.990000
37,4.230000,4.070000,4.230000,0.020400,6.540000,103.050000,-0.290000,-3.010000,-0.570000,2.025000,-5.955000,1.460000,4.925000
38,4.230000,4.070000,4.230000,0.023500,5.800000,105.910000,-1.080000,-3.690000,-1.650000,1.860000,-5.390000,1.860000,4.950000
39,4.230000,4.070000,4.230000,0.026500,6.170000,101.890000,1.290000,-2.890000,0.050000,5.460000,-0.630000,0.610000,5.080000
41,4.230000,4.020000,4.230000,0.020400,5.420000,99.020000,2.980000,-0.060000,0.330000,2.025000,1.235000,3.430000,4.980000
42,4.230000,4.020000,4.230000,0.023500,6.170000,102.470000,1.745000,-2.495000,-0.575000,3.380000,-4.255000,2.475000,4.895000
43,4.230000,4.050000,4.230000,0.043300,5.800000,100.935000,1.345000,-3.120000,-0.855000,4.955000,-2.950000,1.800000,4.980000
44,4.230000,4.070000,4.230000,0.020400,4.660000,106.750000,0.950000,-3.800000,-1.530000,2.870000,-6.070000,-0.400000,4.950000
45,4.230000,4.070000,4.230000,0.029550,4.470000,104.110000,1.685000,-2.835000,-3.010000,-0.120000,-7.485000,-0.970000,5.130000
46,4.230000,4.050000,4.230000,0.023500,4.660000,100.770000,4.335000,-1.025000,1.405000,5.690000,-3.180000,3.040000,4.885000
48,4.230000,4.070000,4.230000,0.026500,3.900000,91.790000,9.960000,9.960000,6.360000,6.140000,-2.100000,10.300000,5.030000
49,4.230000,4.050000,4.230000,0.017400,4.280000,100.985000,2.985000,-0.800000,-1.085000,0.730000,-6.745000,1.970000,4.920000
50,4.230000,4.050000,4.230000,0.017400,4.280000,96.315000,8.560000,3.545000,4.165000,3.830000,-2.835000,2.700000,5.040000
51,4.230000,4.070000,4.250000,0.014300,4.660000,96.740000,7.040000,2.310000,2.250000,1.180000,-4.365000,3.945000,4.975000
52,4.230000,4.070000,4.230000,0.014300,5.420000,94.770000,10.860000,5.690000,4.340000,-1.310000,-1.530000,3.770000,5.130000
53,4.230000,4.100000,4.230000,0.014300,6.170000,96.150000,6.590000,2.870000,2.190000,-3.690000,-3.910000,4.560000,5.100000
54,4.230000,4.100000,4.230000,0.008200,7.280000,94.185000,10.690000,6.755000,4.900000,-7.660000,-0.515000,6.360000,5.100000
55,4.230000,4.120000,4.230000,0.005200,8.010000,88.800000,16.350000,14.330000,9.620000,-4.370000,4.790000,9.180000,5.130000
56,4.230000,4.120000,4.230000,0.005200,9.810000,89.280000,14.950000,11.195000,8.615000,-7.315000,10.860000,9.290000,5.100000
57,4.230000,4.150000,4.250000,-0.000900,11.930000,85.480000,17.800000,13.890000,11.200000,-5.275000,7.995000,12.210000,5.115000
58,4.230000,4.150000,4.250000,0.002100,14.360000,80.070000,18.810000,17.130000,13.660000,0.220000,20.930000,17.020000,5.130000
59,4.230000,4.150000,4.250000,-0.000900,14.700000,80.230000,18.700000,16.130000,13.660000,-2.210000,21.370000,16.800000,5.100000
60,4.230000,4.120000,4.250000,-0.000900,13.320000,84.730000,16.350000,13.440000,11.200000,-4.370000,15.680000,14.220000,5.100000
61,4.230000,4.120000,4.250000,0.002100,11.580000,84.090000,15.340000,12.650000,10.970000,-4.140000,11.080000,14.780000,5.100000
62,4.230000,4.100000,4.230000,0.005200,8.730000,91.790000,12.090000,9.180000,7.600000,-5.610000,12.320000,11.310000,5.100000
63,4.230000,4.100000,4.230000,0.008200,7.280000,98.490000,9.180000,5.910000,4.000000,-6.860000,7.490000,8.160000,5.000000
64,4.230000,4.070000,4.230000,0.008200,5.985000,100.825000,5.130000,2.310000,1.800000,-9.130000,11.365000,8.220000,4.990000
65,4.230000,4.070000,4.230000,0.012800,5.800000,99.075000,5.970000,2.420000,1.460000,-7.320000,6.810000,8.280000,5.100000
66,4.230000,4.070000,4.230000,0.011300,4.280000,103.480000,3.660000,0.160000,0.500000,-9.130000,9.290000,6.030000,5.050000
67,4.230000,4.070000,4.230000,0.014300,4.850000,104.005000,2.870000,-0.460000,-0.010000,-7.485000,7.210000,6.755000,4.965000
68,4.230000,4.050000,4.230000,0.020400,3.120000,103.160000,1.630000,-0.630000,0.270000,-4.480000,9.060000,7.380000,5.100000
69,4.230000,4.070000,4.230000,0.021950,3.900000,106.645000,0.445000,-2.385000,-1.650000,-6.865000,6.365000,4.445000,4.950000
70,4.200000,4.050000,4.230000,0.008200,3.120000,103.580000,-0.860000,-3.570000,-3.460000,-11.750000,5.460000,6.700000,4.430000
71,4.230000,4.050000,4.230000,0.032600,2.720000,113.710000,-0.400000,-3.910000,-3.460000,-7.540000,7.150000,0.840000,5.130000
72,4.230000,4.020000,4.230000,0.020400,3.120000,104.530000,-0.970000,-3.120000,-2.780000,-7.660000,5.910000,5.130000,5.000000
73,4.230000,4.050000,4.230000,0.028050,3.120000,100.985000,2.480000,-0.060000,0.670000,-4.935000,6.025000,5.745000,5.115000
74,4.230000,4.050000,4.230000,0.029600,3.120000,100.080000,4.110000,1.180000,1.970000,-7.320000,9.850000,4.110000,5.080000
75,4.230000,4.050000,4.230000,0.023500,4.280000,102.470000,2.025000,0.220000,-0.180000,-7.145000,5.010000,5.010000,5.115000
76,4.230000,4.050000,4.230000,0.025000,3.900000,95.035000,7.770000,3.380000,3.830000,-7.540000,5.460000,4.955000,5.015000
77,4.230000,4.050000,4.230000,0.023500,3.900000,103.480000,1.180000,-1.080000,-1.530000,-9.470000,0.500000,2.420000,4.850000
78,4.180000,4.050000,4.230000,-0.058900,4.660000,106.010000,-4.030000,-5.050000,-6.410000,-12.430000,-1.990000,1.860000,4.410000
79,4.230000,4.050000,4.230000,0.020400,4.280000,100.985000,3.380000,0.950000,0.560000,-10.215000,-1.365000,1.740000,4.860000
80,4.230000,4.050000,4.230000,0.026500,4.280000,98.810000,2.025000,1.010000,-0.180000,-10.160000,-0.405000,2.135000,4.960000
81,4.230000,4.050000,4.230000,0.020400,4.280000,99.925000,2.135000,0.220000,-0.630000,-10.270000,-6.635000,1.405000,4.820000
82,4.230000,4.050000,4.230000,0.008200,4.660000,107.915000,-6.915000,-5.275000,-7.260000,-11.295000,-11.635000,-0.685000,4.520000
83,4.230000,4.050000,4.230000,0.020400,4.660000,102.840000,-0.520000,-1.310000,-2.210000,-8.910000,-8.340000,0.390000,4.950000
84,4.230000,4.070000,4.230000,0.023500,4.660000,101.360000,2.310000,-0.520000,-0.860000,-6.070000,-9.130000,0.730000,5.080000
85,4.230000,3.890000,4.230000,0.015850,6.170000,103.635000,2.365000,-0.120000,-1.025000,-5.385000,-8.735000,1.970000,4.935000
86,4.230000,4.020000,4.230000,0.023500,6.170000,93.490000,5.800000,4.220000,3.770000,1.630000,-2.670000,4.560000,5.080000
87,4.230000,4.070000,4.230000,0.017400,6.540000,100.400000,4.560000,0.840000,0.050000,1.400000,-8.910000,1.520000,5.050000
88,4.230000,4.070000,4.230000,0.023500,6.540000,98.275000,6.535000,2.530000,2.080000,5.405000,-7.430000,2.985000,5.130000
89,4.230000,4.100000,4.230000,0.017400,8.010000,97.220000,5.580000,1.400000,1.400000,10.410000,-9.130000,4.220000,5.100000
90,4.230000,4.070000,4.230000,0.014300,7.095000,102.575000,3.720000,0.335000,-0.915000,3.040000,-10.610000,2.025000,5.025000
91,4.230000,4.070000,4.230000,0.014300,7.280000,101.990000,2.760000,-0.400000,-1.530000,4.340000,-10.950000,2.420000,4.870000
92,4.230000,4.070000,4.230000,0.011300,6.910000,98.810000,6.030000,2.980000,1.970000,8.950000,-5.840000,3.210000,5.050000
94,4.230000,4.070000,4.230000,0.028050,5.800000,102.045000,5.745000,0.610000,0.330000,6.420000,-1.760000,1.575000,5.090000
95,4.230000,4.070000,4.230000,0.021950,5.800000,101.250000,2.135000,-2.380000,-1.420000,8.670000,-6.460000,1.460000,5.015000
96,4.230000,4.050000,4.230000,0.002100,5.040000,104.000000,1.070000,-1.530000,-1.870000,3.770000,-5.270000,1.400000,4.850000
97,4.230000,4.050000,4.230000,0.014300,5.040000,105.060000,-0.520000,-3.690000,-2.780000,3.430000,-9.020000,1.180000,5.000000
98,4.230000,4.100000,4.230000,0.021950,4.660000,100.770000,1.915000,-2.100000,-2.385000,6.025000,-5.385000,3.040000,5.040000
99,4.230000,4.050000,4.230000,0.003650,5.040000,101.570000,1.290000,-0.745000,-2.155000,8.670000,-6.180000,1.515000,5.030000
100,4.230000,4.050000,4.230000,0.012800,4.660000,100.135000,1.970000,-2.155000,-1.025000,7.435000,-3.630000,2.025000,5.050000
101,4.230000,4.050000,4.230000,0.032600,4.280000,99.975000,1.290000,-2.555000,-2.385000,7.885000,-5.330000,1.290000,5.050000
102,4.230000,4.050000,4.230000,0.017400,4.470000,100.985000,0.725000,-3.460000,-2.780000,7.035000,-5.105000,3.210000,4.960000
103,4.230000,4.020000,4.230000,0.023500,4.280000,104.530000,1.180000,-2.440000,-1.650000,4.670000,-4.480000,0.840000,5.000000
104,4.230000,3.890000,4.230000,0.021950,4.660000,95.520000,3.715000,-0.630000,3.210000,9.735000,-4.195000,3.600000,5.030000
