epoch_utc,norad,inc_deg,raan_deg,ecc,argp_deg,ma_deg,mm_rev_day
2024-12-12T16:02:26Z,62298,51.6362,151.099,0.0010547,322.5881,37.4374,15.51661144
2024-12-14T19:02:37Z,62298,51.6359,140.5409,0.001085,331.5804,28.4593,15.5199493
2024-12-15T10:29:48Z,62298,51.6359,137.3413,0.0011022,334.1863,25.8575,15.52114962
2024-12-15T21:18:48Z,62298,51.6364,135.1004,0.0011031,335.9212,24.1261,15.52197163
2024-12-16T11:13:10Z,62298,51.6366,132.2205,0.0011229,338.4342,21.6173,15.52297801
2024-12-16T20:29:23Z,62298,51.6371,130.2997,0.0011228,340.0364,20.0186,15.52364745
2024-12-17T13:29:02Z,62298,51.6369,126.7792,0.0011444,343.07,16.9907,15.5250149
2024-12-17T19:39:48Z,62298,51.6369,125.4985,0.0011399,344.091,15.9721,15.52550563
2024-12-18T08:01:18Z,62298,51.6368,122.9385,0.0011566,346.1505,13.9166,15.52650602
2024-12-18T20:22:44Z,62298,51.6369,120.3764,0.0011577,348.038,12.0333,15.52738741
2024-12-19T05:38:48Z,62298,51.6371,118.4559,0.0011765,349.6005,10.474,15.52803612
2024-12-19T13:22:10Z,62298,51.6372,116.8544,0.0011785,350.6946,9.3824,15.5285919
2024-12-20T03:16:10Z,62298,51.6372,113.9727,0.0011918,353.1251,6.9574,15.52954888
2024-12-20T14:04:49Z,62298,51.6372,111.7306,0.0011957,354.9004,5.1863,15.53033897
2024-12-21T03:58:43Z,62298,51.6369,108.8487,0.0012089,357.474,2.6187,15.53139342
2024-12-21T13:14:38Z,62298,51.6367,106.9264,0.0012091,358.7468,1.349,15.53215156
2024-12-21T19:25:14Z,62298,51.6366,105.6449,0.0012124,359.7843,0.314,15.53267241
2024-12-22T12:24:18Z,62298,51.6367,102.1211,0.0012273,2.2916,357.8129,15.53406024
2024-12-23T11:33:47Z,62298,51.637,97.3148,0.0012451,6.1259,353.9882,15.53613365
2024-12-24T10:43:04Z,62298,51.6365,92.5077,0.0012638,10.0374,350.0867,15.5381977
2024-12-24T19:58:44Z,62298,51.6366,90.5851,0.0012702,11.492,348.6358,15.53902762
2024-12-25T12:57:23Z,62298,51.6369,87.0598,0.0012805,13.9878,346.1465,15.54062268
2024-12-26T05:55:55Z,62298,51.6372,83.5341,0.0012999,16.7517,343.3901,15.54218233
2024-12-26T12:06:16Z,62298,51.6375,82.2511,0.0012992,17.8068,342.3376,15.54275371
2024-12-27T09:42:24Z,62298,51.6378,77.7631,0.0013146,21.5919,338.5623,15.54468565
2024-12-27T12:47:33Z,62298,51.6374,77.1209,0.0013173,22.0012,338.1542,15.54495212
2024-12-28T10:23:30Z,62298,51.6374,72.6314,0.0013296,25.6561,334.5087,15.54689959
2024-12-28T11:56:04Z,62298,51.6373,72.3106,0.0013297,25.8905,334.2749,15.54705343
2024-12-29T07:59:16Z,62298,51.6376,68.1411,0.0013397,29.1638,331.0098,15.54898521
2024-12-29T21:52:11Z,62298,51.6377,65.2547,0.0013524,31.4439,328.7358,15.5504613
2024-12-30T08:39:56Z,62298,51.6374,63.0088,0.0013634,33.1676,327.0167,15.55161408
2024-12-30T21:00:10Z,62298,51.6371,60.4422,0.0013742,35.3035,324.8864,15.55292429
2024-12-31T07:47:50Z,62298,51.6368,58.1956,0.0013768,37.0817,323.1123,15.5540464
2024-12-31T13:57:54Z,62298,51.6365,56.9117,0.0013754,38.1084,322.0877,15.55469333
2025-01-01T10:00:30Z,62298,51.6365,52.739,0.0013812,41.2895,318.9138,15.55713314
2025-01-03T02:05:05Z,62298,51.6362,44.3905,0.0013869,47.7387,312.4778,15.56229458
2025-01-04T11:59:12Z,62298,51.6363,37.3236,0.0013983,53.4732,306.7545,15.56570527
2025-01-05T11:05:49Z,62298,51.6367,32.5041,0.0014048,57.3897,302.8448,15.56837553
2025-01-05T18:47:58Z,62298,51.6365,30.8978,0.0014101,58.4993,301.7375,15.56914258
2025-01-06T13:17:03Z,62298,51.6362,27.0407,0.0014086,61.945,298.2965,15.57110901
2025-01-08T03:47:14Z,62298,51.6367,19.0051,0.0014167,68.5687,291.6814,15.57463701
2025-01-08T11:29:12Z,62298,51.6363,17.3972,0.0014206,70.1593,290.0929,15.57525588
2025-01-08T17:38:46Z,62298,51.6362,16.1118,0.0014249,70.9145,289.3389,15.57571435
2025-01-09T05:57:52Z,62298,51.6361,13.5394,0.0014254,72.9139,287.3413,15.57674212
2025-01-10T03:31:10Z,62298,51.6358,9.0375,0.0014266,76.723,283.5352,15.57857953
2025-01-10T09:40:39Z,62298,51.6358,7.7506,0.0014252,78.1751,282.0839,15.57912591
2025-01-11T10:18:28Z,62298,51.6359,2.604,0.0014308,82.4737,277.788,15.58142527
2025-01-11T16:27:53Z,62298,51.6358,1.3178,0.001433,83.2583,277.004,15.58187112
2025-01-12T09:23:43Z,62298,51.6355,357.7783,0.0014365,86.5844,273.6791,15.58330204
2025-01-13T08:28:49Z,62298,51.6356,352.9517,0.001436,90.839,269.4248,15.58526999
2025-01-14T02:56:45Z,62298,51.6361,349.09,0.0014361,93.9203,266.3431,15.58683103
2025-01-14T07:33:43Z,62298,51.6361,348.1243,0.0014394,94.9048,265.3588,15.58733777
2025-01-14T22:56:54Z,62298,51.6358,344.9065,0.0014403,97.2404,263.0226,15.58868033
2025-01-15T06:38:27Z,62298,51.6355,343.2968,0.0014452,99.0031,261.2598,15.58947072
2025-01-16T07:15:16Z,62298,51.6358,338.1457,0.0014444,103.7664,256.4937,15.59184022
2025-01-16T21:05:53Z,62298,51.6357,335.2487,0.0014429,105.9155,254.3428,15.59324697
2025-01-17T06:19:35Z,62298,51.6358,333.316,0.0014483,107.9759,252.2814,15.59421903
2025-01-17T21:42:20Z,62298,51.6354,330.0963,0.001446,110.516,249.7386,15.59586705
2025-01-18T05:23:40Z,62298,51.6352,328.4854,0.0014496,112.3195,247.9337,15.5968033
2025-01-18T20:46:17Z,62298,51.6349,325.265,0.0014439,114.8887,245.3608,15.59841832
2025-01-19T01:23:02Z,62298,51.6351,324.2979,0.0014449,115.9435,244.3049,15.59892526
2025-01-20T01:58:57Z,62298,51.6352,319.1423,0.0014508,120.3975,239.8454,15.60184277
2025-01-20T05:03:25Z,62298,51.6351,318.4977,0.0014537,121.039,239.2032,15.60228174
2025-01-20T20:25:41Z,62298,51.6346,315.275,0.001453,123.8659,236.3719,15.60417815
2025-01-21T04:06:46Z,62298,51.6345,313.6628,0.0014576,125.6367,234.5986,15.60521332
2025-01-21T05:38:59Z,62298,51.6346,313.3404,0.0014593,125.9896,234.2452,15.60541129
2025-01-21T19:28:52Z,62298,51.6344,310.4398,0.0014486,128.4188,231.8108,15.6070798
2025-01-22T01:37:41Z,62298,51.6346,309.1495,0.0014513,129.8384,230.3888,15.60784758
2025-01-23T03:44:54Z,62298,51.634,303.6673,0.0014532,134.8651,225.3525,15.61119973
2025-01-23T23:43:08Z,62298,51.6341,299.4745,0.0014537,138.6411,221.5686,15.6137767
2025-01-25T03:21:54Z,62298,51.6345,293.6672,0.0014567,143.7787,216.4196,15.61733604
2025-01-25T18:43:17Z,62298,51.634,290.4415,0.001448,146.3112,213.8805,15.61915622
2025-01-26T02:23:56Z,62298,51.634,288.827,0.001454,147.9285,212.2597,15.62004063
2025-01-26T20:49:23Z,62298,51.6338,284.9541,0.0014494,151.2775,208.902,15.62211477
2025-01-26T23:53:37Z,62298,51.6338,284.3082,0.0014529,151.9573,208.2206,15.62246089
2025-01-27T21:23:06Z,62298,51.6336,279.7885,0.0014467,155.8208,204.3468,15.62493146
2025-01-28T01:59:24Z,62298,51.6334,278.8197,0.0014494,156.6928,203.4726,15.62550439
2025-01-29T02:32:46Z,62298,51.6325,273.6527,0.00144,161.0963,199.0569,15.62866294
2025-01-30T15:22:17Z,62298,51.6315,265.9003,0.0014118,167.9114,192.2222,15.63320101
2025-01-30T21:30:28Z,62298,51.6315,264.607,0.0014148,169.1268,191.0035,15.63385353
2025-01-31T08:14:46Z,62298,51.6311,262.3452,0.0014133,171.1685,188.9561,15.6350987
2025-01-31T22:03:04Z,62298,51.6309,259.4356,0.0014142,174.2034,185.9127,15.63669878
2025-02-01T14:55:19Z,62298,51.6311,255.8799,0.0013991,177.2429,182.8645,15.63898354
2025-02-01T21:03:22Z,62298,51.631,254.5862,0.0014008,178.4566,181.6474,15.63980788
2025-02-02T23:07:23Z,62298,51.6305,249.0884,0.0013812,183.2198,176.871,15.64342301
2025-02-03T19:03:08Z,62298,51.6307,244.8836,0.0013746,187.4588,172.6204,15.64598985
2025-02-03T23:39:03Z,62298,51.6307,243.9128,0.0013678,188.1533,171.9242,15.6465891
2025-02-04T21:06:32Z,62298,51.6309,239.3827,0.0013447,192.4623,167.6041,15.64936257
2025-02-05T13:57:58Z,62298,51.6305,235.8239,0.0013234,195.8206,164.2378,15.65152014
2025-02-05T20:05:44Z,62298,51.6302,234.5292,0.0013234,197.1607,162.8943,15.65230296
2025-02-06T17:32:44Z,62298,51.6305,229.9977,0.0013025,201.7134,158.331,15.65511902
2025-02-07T18:03:19Z,62298,51.63,224.8172,0.0012688,206.6406,153.3939,15.65834301
2025-02-08T12:26:04Z,62298,51.6292,220.9315,0.0012523,210.6505,149.376,15.66061783
2025-02-08T18:33:36Z,62298,51.6296,219.6354,0.0012526,211.931,148.0927,15.66147712
2025-02-09T00:41:08Z,62298,51.6297,218.3394,0.0012463,213.1528,146.8688,15.66227718
2025-02-09T15:59:51Z,62298,51.6305,215.1005,0.0012276,216.7532,143.2623,15.66427941
2025-02-10T11:54:00Z,62298,51.63,210.8877,0.0012045,220.8981,139.1112,15.66744419
2025-02-10T21:05:04Z,62298,51.6299,208.9422,0.0012042,222.75,137.256,15.66879266
2025-02-11T12:23:25Z,62298,51.6298,205.701,0.0011838,226.0461,133.9559,15.67108645
2025-02-11T16:58:53Z,62298,51.6298,204.7282,0.0011731,227.303,132.6979,15.6717372
2025-02-12T11:20:41Z,62298,51.6297,200.8374,0.0011523,231.3425,128.654,15.67431487
2025-02-12T15:56:06Z,62298,51.6299,199.8648,0.0011481,232.2893,127.7063,15.67497218
2025-02-13T13:21:14Z,62298,51.6302,195.3246,0.0011276,237.5947,122.3959,15.67805751
2025-02-13T19:28:23Z,62298,51.6303,194.0266,0.0011231,239.1661,120.8231,15.67896206
2025-02-14T09:14:21Z,62298,51.6303,191.1077,0.0011038,242.767,117.2202,15.68124527
2025-02-15T09:42:26Z,62298,51.6299,185.9147,0.0010877,248.1246,111.8594,15.68552662
2025-02-15T14:17:39Z,62298,51.63,184.941,0.0010868,249.2406,110.7426,15.68627737
2025-02-16T08:38:24Z,62298,51.6302,181.0452,0.0010738,253.9635,106.018,15.68970111
2025-02-16T14:45:15Z,62298,51.6306,179.746,0.0010758,255.2721,104.7084,15.69076936
2025-02-17T12:09:04Z,62298,51.6294,175.1987,0.0010698,261.0774,98.9012,15.69476151
2025-02-17T18:15:48Z,62298,51.6299,173.8997,0.0010568,261.9594,98.0204,15.69587741
2025-02-18T08:00:52Z,62298,51.6301,170.9756,0.0010469,265.6703,94.3098,15.69864409
2025-02-18T12:35:51Z,62298,51.6302,170.0009,0.001044,266.7793,93.201,15.69943145
2025-02-19T00:49:06Z,62298,51.6293,167.4006,0.0010366,270.4993,89.4817,15.70172105
2025-02-19T11:30:35Z,62298,51.629,165.1252,0.001031,273.1209,86.8609,15.70406487
2025-02-19T14:33:51Z,62298,51.629,164.4751,0.0010291,273.7973,86.1847,15.70462171
2025-02-20T13:28:07Z,62298,51.6285,159.5974,0.0010213,279.6704,80.3139,15.70912113
2025-02-20T18:02:55Z,62298,51.6285,158.6216,0.0010178,280.8096,79.1756,15.71002798
2025-02-21T12:22:00Z,62298,51.6282,154.7182,0.0010114,285.7207,74.2675,15.71341435
2025-02-21T16:56:44Z,62298,51.6282,153.7423,0.0010124,286.9549,73.0339,15.71429188
2025-02-22T11:15:30Z,62298,51.6283,149.8372,0.0010126,291.5783,68.4136,15.71795095
2025-02-23T11:40:06Z,62298,51.6289,144.6288,0.0010019,298.085,61.9135,15.72304517
2025-02-23T14:43:09Z,62298,51.6287,143.9776,0.0010023,298.7438,61.2552,15.72367415
2025-02-24T12:04:14Z,62298,51.6288,139.4178,0.0010004,304.0267,55.978,15.72839521
2025-02-24T18:10:12Z,62298,51.6289,138.1146,0.0010006,305.4706,54.5358,15.72976774
2025-02-25T06:22:00Z,62298,51.6284,135.5082,0.0010018,308.4281,51.5818,15.73269665
2025-02-26T11:19:31Z,62298,51.6277,129.3145,0.0009913,314.8927,45.1267,15.73946262
2025-02-27T13:13:29Z,62298,51.627,123.7696,0.0009906,320.808,39.2201,15.74593333
2025-02-28T10:32:44Z,62298,51.6263,119.2006,0.0009786,325.188,34.8478,15.75148701
2025-03-01T03:17:32Z,62298,51.6261,115.6088,0.0009748,328.6687,31.3731,15.7556608
2025-03-01T12:25:30Z,62298,51.6254,113.6492,0.0009709,330.7865,29.259,15.7578047
2025-03-02T08:12:31Z,62298,51.6244,109.4018,0.000954,334.6504,25.4027,15.7621988
2025-03-03T11:35:33Z,62298,51.6248,103.52,0.0009438,340.9374,19.1271,15.76774592
2025-03-04T02:48:06Z,62298,51.6243,100.2507,0.0009312,343.9163,16.1541,15.77094125
2025-03-04T08:53:04Z,62298,51.625,98.9421,0.0009187,345.0292,15.0435,15.77228571
2025-03-05T10:43:50Z,62298,51.6245,93.3809,0.0009105,349.8171,10.2644,15.77833922
2025-03-06T03:26:56Z,62298,51.6245,89.7818,0.0008901,353.1384,6.9493,15.78226795
2025-03-06T11:02:48Z,62298,51.6242,88.1458,0.0008813,355.0071,5.084,15.78402689
2025-03-07T09:50:07Z,62298,51.6238,83.2358,0.0008726,0.7865,359.3148,15.78933659
2025-03-08T02:32:31Z,62298,51.624,79.6323,0.0008415,4.1089,355.998,15.79344547
2025-03-08T05:34:45Z,62298,51.6243,78.9774,0.0008446,4.9884,355.12,15.79414822
2025-03-09T01:19:00Z,62298,51.6242,74.7164,0.0008083,9.4879,350.6274,15.79951999
2025-03-09T07:23:17Z,62298,51.6245,73.4043,0.0007963,11.2062,348.9116,15.80159815
2025-03-10T01:35:54Z,62298,51.6241,69.4692,0.0007591,14.242,345.8795,15.80735038
2025-03-10T06:09:00Z,62298,51.6241,68.4851,0.0007509,15.399,344.7239,15.80853273
2025-03-10T16:46:08Z,62298,51.6236,66.1901,0.0007483,18.0123,342.1143,15.81139981
2025-03-11T06:25:09Z,62298,51.6231,63.2367,0.0007148,20.3391,339.7894,15.81528891
2025-03-12T05:09:41Z,62298,51.6235,58.3117,0.0006708,25.9386,334.1952,15.82249757
2025-03-13T05:24:24Z,62298,51.6237,53.0538,0.0006115,31.6507,328.4862,15.83226104
2025-03-14T04:07:22Z,62298,51.6234,48.122,0.0005571,37.8729,322.2665,15.8416927
2025-03-14T07:09:02Z,62298,51.6233,47.4637,0.0005489,38.7109,321.4287,15.84299498
2025-03-15T04:20:18Z,62298,51.6228,42.8565,0.0004873,45.7491,314.3912,15.8519327
2025-03-15T07:21:51Z,62298,51.6229,42.1979,0.000478,46.9267,313.2136,15.85332893
2025-03-16T04:32:16Z,62298,51.6226,37.5865,0.0004215,55.5171,304.6231,15.8628577
2025-03-17T03:12:33Z,62298,51.6227,32.6418,0.0003659,69.624,290.5157,15.87348913
2025-03-17T04:43:13Z,62298,51.6225,32.312,0.000368,67.0522,293.087,15.87421657
2025-03-17T21:20:06Z,62298,51.622,28.6823,0.0003298,76.8067,283.3306,15.88324981
2025-03-18T03:22:28Z,62298,51.6227,27.3606,0.0003262,80.188,279.9493,15.88656795
2025-03-18T21:29:04Z,62298,51.6229,23.3975,0.0003052,90.9576,269.178,15.89708166
2025-03-19T05:01:37Z,62298,51.622,21.7439,0.0002809,97.4861,262.6464,15.90171339
2025-03-19T20:06:16Z,62298,51.6215,18.4368,0.000261,113.9923,246.1356,15.91183939
2025-03-20T05:08:47Z,62298,51.6212,16.4514,0.0002593,119.8802,240.2463,15.91787796
2025-03-20T20:12:31Z,62298,51.6202,13.1402,0.0002525,131.1845,228.9379,15.92800632
2025-03-21T02:13:52Z,62298,51.6201,11.816,0.0002414,133.5867,226.5341,15.9316354
2025-03-21T20:17:20Z,62298,51.6203,7.836,0.0002618,155.8947,204.2184,15.9440881
2025-03-22T00:48:03Z,62298,51.62,6.84,0.0002779,161.1068,199.0043,15.94803771
2025-03-22T18:50:15Z,62298,51.6195,2.8531,0.0003242,172.6501,187.4556,15.96575292
2025-03-23T03:50:54Z,62298,51.6191,0.8574,0.0003435,180.4517,179.6489,15.97369822
2025-03-23T11:21:14Z,62298,51.6186,359.1948,0.0003066,182.729,177.3703,15.98042515
2025-03-23T18:51:23Z,62298,51.6182,357.5303,0.0003311,189.1114,170.9836,15.98724459
2025-03-24T00:51:22Z,62298,51.6178,356.1982,0.0003465,192.8272,167.265,15.99242072
2025-03-24T23:20:06Z,62298,51.6172,351.1968,0.0004375,203.8967,156.1841,16.01604256
2025-03-25T23:16:27Z,62298,51.6166,345.8503,0.0005308,216.4755,143.5895,16.04352442
2025-03-26T18:41:30Z,62298,51.6149,341.4963,0.0005996,224.9539,135.0989,16.07120324
2025-03-26T23:10:04Z,62298,51.6146,340.49,0.0006009,221.9132,138.1421,16.07770842
2025-03-27T09:36:16Z,62298,51.6133,338.1398,0.0006252,229.5664,130.4805,16.09457441
2025-03-28T01:58:53Z,62298,51.6121,334.4391,0.0006946,234.744,125.2925,16.1240001
2025-03-28T21:17:44Z,62298,51.6104,330.0537,0.0007793,244.4822,115.5389,16.16438154
2025-03-29T09:09:17Z,62298,51.6091,327.3465,0.0008698,249.3703,110.6382,16.19472245
2025-03-29T18:01:59Z,62298,51.6062,325.311,0.0008273,250.2012,109.8115,16.22258469
2025-03-30T13:12:14Z,62298,51.6023,320.8807,0.0008675,257.8161,102.1891,16.31399071
