day,battery_temp_median,x_plus_temp_median,x_minus_temp_median,y_plus_temp_median,y_minus_temp_median,z_plus_temp_median,z_minus_temp_median,bpb_temp_median
25,9.808979,1.818848,7.095550,5.125553,6.251575,14.054802,-11.466127,4.900250
26,10.872815,4.199219,11.028013,8.388752,8.894491,10.073904,-5.726463,7.714174
27,17.442044,8.471680,12.093671,10.522972,11.308521,24.157275,-4.705816,12.766339
28,21.200741,11.645508,15.565981,15.118378,13.774793,28.157777,-1.195454,16.908014
29,21.200741,11.462402,15.677861,14.334762,14.894528,30.929888,-1.534815,16.348974
30,16.758505,8.258057,11.420709,11.701145,10.073908,22.877170,-4.479098,12.542144
31,14.356424,5.053711,9.737024,8.276343,8.276343,18.360574,-6.407273,9.287731
32,11.926826,3.894043,6.364132,4.224142,5.463446,20.927164,-7.883404,7.151800
33,8.009581,0.781250,5.350823,2.250461,3.998707,11.869383,-8.565177,4.787586
34,7.279050,0.415039,0.839137,-2.440145,1.290902,13.438715,-10.953785,3.209423
35,5.796295,-2.514648,-2.326950,-5.272758,-1.025803,11.701145,-11.523054,0.669690
38,3.895338,-4.498291,-3.572561,-6.861320,-1.138902,9.624713,-10.953785,0.726175
39,3.507895,-1.843262,-2.270356,-5.556309,0.048228,9.231559,-9.247255,1.629639
40,3.117799,-4.833984,-4.705816,-7.769805,-2.666562,7.151800,-10.498524,-0.516957
41,2.724942,-10.144043,-6.804554,-9.531545,-6.974885,-3.969567,-16.141997,-4.762552
42,2.724942,-2.148438,-4.479098,-8.906178,-1.874251,8.051500,-11.636933,-1.082350
43,5.796295,-7.214355,-12.662230,-13.232138,-10.270944,-7.429058,-16.656080,0.613204
44,2.724942,-6.298828,-3.799145,-9.360964,-0.403903,11.757227,-9.133554,-1.874251
45,4.087785,1.422119,6.420176,1.685854,9.118843,12.598190,-6.180320,6.364128
46,3.507895,-6.237793,-9.133554,-12.206457,-7.769805,-3.346011,-14.372595,-4.139084
47,2.129850,-2.514648,-5.953383,-9.816094,-1.592035,5.632339,-13.859310,-0.460514
48,2.527077,-3.063965,-1.536022,-3.120202,1.911811,5.913838,-10.726142,2.250411
49,1.930488,-5.383301,-6.747792,-7.656214,-3.912450,5.801265,-10.270944,2.532571
50,1.930488,-5.322266,-5.159353,-9.247255,-3.346011,5.350823,-9.133554,0.726175
51,1.528651,-5.627441,-4.365751,-8.337886,-4.139084,1.968301,-9.702143,-1.195454
52,2.129850,-5.841064,-1.987681,-5.272825,-1.421791,2.194030,-10.327845,-0.121332
53,2.527077,-3.857422,2.870931,-0.799754,2.476128,2.814620,-8.678903,3.153021
54,3.117799,-5.322266,3.547737,-1.761097,0.952091,-1.987413,-10.384730,0.048228
55,1.528651,-3.552246,-2.100789,-2.836631,-1.818226,-4.479702,-7.485930,4.393072
56,1.528651,-6.115723,2.419734,-0.856168,1.177973,-4.365751,-6.407273,-0.290858
57,0.715116,-6.787109,-3.685849,-4.705816,-4.819187,-9.702143,-4.819187,3.096635
58,-0.955344,-4.162598,2.306888,1.629639,0.500226,1.177973,5.012905,0.387239
59,1.930488,-20.520020,-23.756822,-22.724000,-22.379882,-27.089621,-16.884618,-8.678836
60,1.123571,-4.772949,-1.535153,-4.479203,-3.799145,-5.726463,-3.855848,0.161202
61,0.919343,-0.103760,1.686037,-1.931484,-0.970193,4.224105,-6.976890,-2.553768
62,1.528651,-3.979492,-0.064830,-1.252010,-0.064797,2.701786,-1.761302,0.782531
63,2.329211,-4.650879,-5.386172,-3.572561,-3.799145,-0.064793,-5.159353,-0.290858
64,1.930488,-6.146240,-4.422450,-5.386176,-4.025800,-0.630023,-6.350655,-0.347464
65,2.329211,-0.378418,2.983839,0.726175,1.742534,3.660492,1.065036,4.562233
66,1.123571,1.269531,4.562233,1.065036,1.516735,5.801265,14.670646,5.463446
67,1.729569,-10.144043,-7.713390,-8.792846,-7.542700,-3.742497,-9.133762,-2.100688
68,1.930488,-9.045410,0.274243,-1.534815,-1.082350,0.613204,-0.516957,2.645401
69,1.528651,-7.153320,-0.177821,-1.195454,-1.761097,0.839137,0.613204,1.855422
70,1.729569,-4.895020,-1.704700,-3.572712,-3.176147,-1.704575,-2.044233,-1.025811
71,2.724942,-4.071045,-1.365126,-3.912601,-2.893049,-1.647956,-2.667269,2.081022
72,1.528651,-4.376221,2.532571,0.726175,-1.082354,0.443724,3.096635,1.573187
74,4.280233,10.913086,8.838307,4.900250,14.670646,33.475900,6.251575,10.635218
75,5.796295,-13.256836,-15.970674,-14.486688,-15.513908,-19.858744,-10.612326,-1.874251
76,4.280233,-0.073242,0.498392,-0.404720,-1.138910,-2.497400,0.048124,2.588903
77,3.117799,-6.146240,0.443083,-5.500305,-2.044124,1.403818,-5.613028,-1.647969
79,3.895338,-7.519531,-4.252413,-6.407273,-4.819187,0.048228,-8.906178,1.855422
80,3.117799,-8.312988,-12.320388,-10.612326,-12.548274,-16.313338,-7.429058,0.500226
81,4.087785,-3.063965,2.645397,-2.100621,2.701637,2.419531,-14.771984,-2.270365
82,5.042778,-4.895020,-0.347614,-4.309091,-1.082388,0.274206,-14.258528,-0.460430
83,6.169893,1.574707,3.773238,-1.308566,3.209423,11.532890,-6.974847,5.576060
84,8.733680,4.809570,10.186186,3.773238,9.175387,11.084119,-7.883404,5.801265
85,11.576484,6.579590,12.317926,5.238192,11.757227,16.796222,-7.656214,8.388752
86,17.100368,12.622070,17.131315,10.690701,17.243240,19.030524,-3.346162,15.621913
87,23.264357,17.352295,21.373096,17.355096,20.927164,20.927064,7.714137,19.309589
88,23.264357,14.758301,20.815662,16.237142,20.592632,24.379795,2.871035,18.583924
89,23.264357,14.514160,20.481105,15.006457,21.261625,29.821633,0.500226,20.369570
90,16.074041,2.978516,6.251575,3.885977,6.139010,9.849326,-7.656214,8.838307
91,15.044811,12.988281,13.718784,7.151652,17.522715,34.249813,-6.634295,15.621921
92,11.576484,6.945801,6.139010,-0.969255,8.838307,19.811776,-7.429058,7.376774
93,9.630442,2.886963,2.588936,-2.836480,9.231559,19.197922,-9.645276,6.364095
94,7.279050,-4.406738,-2.553349,-8.110628,2.645401,14.222784,-11.067622,3.209423
96,6.169893,7.189941,13.438715,7.376774,14.110799,15.677861,-8.110628,7.489249
97,4.087785,8.746338,16.348974,11.588976,14.222784,9.793167,-5.896664,8.501149
98,3.701616,-2.056885,-4.139088,-7.315493,-3.459387,9.343890,-10.498524,-0.799629
99,2.129850,-6.390381,-4.082431,-7.315497,-5.329473,10.017764,-10.100291,-0.743194
100,1.528651,-7.336426,-7.997012,-8.451527,-7.883404,6.364132,-10.498524,-4.025762
101,1.930488,-5.200195,-7.031702,-8.906182,-7.031643,-0.178238,-9.759015,-2.949655
102,2.329211,-8.068848,-5.159353,-7.997012,-4.592452,2.532571,-10.157167,-2.100584
103,5.042778,-3.125000,13.270647,12.990480,10.803570,10.859681,24.935855,8.838106
104,3.507895,-5.871582,-3.232749,-7.656214,-1.421686,8.276343,-9.474682,0.387239
105,3.895338,-10.815430,-2.157299,-7.201953,-4.819339,-3.180545,-11.978895,-7.769873
106,3.507895,-3.918457,-4.819187,-7.883404,-4.819187,-2.326950,-11.636933,-0.969255
107,1.123571,7.617188,16.013454,15.118378,13.438715,12.093671,33.144046,14.558692
108,2.724942,2.124023,7.376774,9.175387,4.787586,6.251575,-2.779782,7.151800
109,1.930488,-9.716797,-9.815886,-12.320388,-9.019862,-7.201936,-12.434326,-3.912450
110,1.123571,-9.777832,-9.360968,-11.693962,-9.247768,-7.373044,-12.377664,-3.515930
111,1.123571,-4.132080,-3.515930,-6.407425,-3.346216,3.209419,-8.281196,-1.478276
112,0.715116,-11.944580,-9.986985,-11.181535,-10.043415,-13.517840,-15.057319,-4.875928
