recorded_at,source,name,line1,line2
2024-12-13T21:48:12.614702+09:00,gs_db,OBJECT XE,1 62298U 98067XE  24347.66836448  .00072976  00000+0  11994-2 0  9998,2 62298  51.6362 151.0990 0010547 322.5881  37.4374 15.51661144   511
2024-12-14T03:00:08.754879+09:00,gs_db,OBJECT XE,1 62298U 98067XE  24347.66836448  .00072976  00000+0  11994-2 0  9998,2 62298  51.6362 151.0990 0010547 322.5881  37.4374 15.51661144   511
2024-12-14T09:00:33.69867+09:00,gs_db,OBJECT XE,1 62298U 98067XE  24347.66836448  .00072976  00000+0  11994-2 0  9998,2 62298  51.6362 151.0990 0010547 322.5881  37.4374 15.51661144   511
2024-12-14T15:00:12.86002+09:00,gs_db,OBJECT XE,1 62298U 98067XE  24347.66836448  .00072976  00000+0  11994-2 0  9998,2 62298  51.6362 151.0990 0010547 322.5881  37.4374 15.51661144   511
2024-12-14T21:00:25.953117+09:00,gs_db,OBJECT XE,1 62298U 98067XE  24347.66836448  .00072976  00000+0  11994-2 0  9998,2 62298  51.6362 151.0990 0010547 322.5881  37.4374 15.51661144   511
2024-12-15T03:00:10.418994+09:00,gs_db,OBJECT XE,1 62298U 98067XE  24347.66836448  .00072976  00000+0  11994-2 0  9998,2 62298  51.6362 151.0990 0010547 322.5881  37.4374 15.51661144   511
2024-12-15T09:00:29.173105+09:00,gs_db,YOMOGI,1 62298U 98067XE  24347.66836448  .00072976  00000+0  11994-2 0  9998,2 62298  51.6362 151.0990 0010547 322.5881  37.4374 15.51661144   511
2024-12-15T15:00:11.554005+09:00,gs_db,YOMOGI,1 62298U 98067XE  24347.66836448  .00072976  00000+0  11994-2 0  9998,2 62298  51.6362 151.0990 0010547 322.5881  37.4374 15.51661144   511
2024-12-15T21:00:20.089737+09:00,gs_db,YOMOGI,1 62298U 98067XE  24349.79348871  .00085193  00000+0  13800-2 0  9995,2 62298  51.6359 140.5409 0010850 331.5804  28.4593 15.51994930   848
2024-12-16T03:00:10.105962+09:00,gs_db,YOMOGI,1 62298U 98067XE  24350.43737039  .00093542  00000+0  15063-2 0  9996,2 62298  51.6359 137.3413 0011022 334.1863  25.8575 15.52114962   945
2024-12-16T09:00:24.599952+09:00,gs_db,YOMOGI,1 62298U 98067XE  24350.43737039  .00093542  00000+0  15063-2 0  9996,2 62298  51.6359 137.3413 0011022 334.1863  25.8575 15.52114962   945
2024-12-16T15:00:09.689497+09:00,gs_db,YOMOGI,1 62298U 98067XE  24350.43737039  .00093542  00000+0  15063-2 0  9996,2 62298  51.6359 137.3413 0011022 334.1863  25.8575 15.52114962   945
2024-12-16T21:00:26.44501+09:00,gs_db,YOMOGI,1 62298U 98067XE  24350.88805827  .00091658  00000+0  14721-2 0  9992,2 62298  51.6364 135.1004 0011031 335.9212  24.1261 15.52197163  1017
2024-12-17T03:00:11.322532+09:00,gs_db,YOMOGI,1 62298U 98067XE  24351.46747983  .00084245  00000+0  13499-2 0  9990,2 62298  51.6366 132.2205 0011229 338.4342  21.6173 15.52297801  1105
2024-12-17T09:00:28.175071+09:00,gs_db,YOMOGI,1 62298U 98067XE  24351.46747983  .00084245  00000+0  13499-2 0  9990,2 62298  51.6366 132.2205 0011229 338.4342  21.6173 15.52297801  1105
2024-12-17T15:00:09.683948+09:00,gs_db,YOMOGI,1 62298U 98067XE  24351.85374029  .00088968  00000+0  14209-2 0  9996,2 62298  51.6371 130.2997 0011228 340.0364  20.0186 15.52364745  1164
2024-12-17T21:00:22.628378+09:00,gs_db,YOMOGI,1 62298U 98067XE  24351.85374029  .00088968  00000+0  14209-2 0  9996,2 62298  51.6371 130.2997 0011228 340.0364  20.0186 15.52364745  1164
2024-12-18T03:00:09.828561+09:00,gs_db,YOMOGI,1 62298U 98067XE  24351.85374029  .00088968  00000+0  14209-2 0  9996,2 62298  51.6371 130.2997 0011228 340.0364  20.0186 15.52364745  1164
2024-12-18T09:00:29.918924+09:00,gs_db,YOMOGI,1 62298U 98067XE  24352.56183894  .00103814  00000+0  16454-2 0  9995,2 62298  51.6369 126.7792 0011444 343.0700  16.9907 15.52501490  1278
2024-12-18T15:00:09.413086+09:00,gs_db,YOMOGI,1 62298U 98067XE  24352.81931341  .00092564  00000+0  14674-2 0  9992,2 62298  51.6369 125.4985 0011399 344.0910  15.9721 15.52550563  1314
2024-12-18T21:00:26.634049+09:00,gs_db,YOMOGI,1 62298U 98067XE  24352.81931341  .00092564  00000+0  14674-2 0  9992,2 62298  51.6369 125.4985 0011399 344.0910  15.9721 15.52550563  1314
2024-12-19T03:00:10.067575+09:00,gs_db,YOMOGI,1 62298U 98067XE  24352.81931341  .00092564  00000+0  14674-2 0  9992,2 62298  51.6369 125.4985 0011399 344.0910  15.9721 15.52550563  1314
2024-12-19T09:00:25.985837+09:00,gs_db,YOMOGI,1 62298U 98067XE  24353.33423712  .00095024  00000+0  15002-2 0  9998,2 62298  51.6368 122.9385 0011566 346.1505  13.9166 15.52650602  1392
2024-12-19T15:00:10.246893+09:00,gs_db,YOMOGI,1 62298U 98067XE  24353.84913076  .00090010  00000+0  14178-2 0  9994,2 62298  51.6369 120.3764 0011577 348.0380  12.0333 15.52738741  1476
2024-12-19T21:00:27.627451+09:00,gs_db,YOMOGI,1 62298U 98067XE  24354.23528178  .00091443  00000+0  14365-2 0  9992,2 62298  51.6371 118.4559 0011765 349.6005  10.4740 15.52803612  1530
2024-12-20T03:00:09.157074+09:00,gs_db,YOMOGI,1 62298U 98067XE  24354.23528178  .00091443  00000+0  14365-2 0  9992,2 62298  51.6371 118.4559 0011765 349.6005  10.4740 15.52803612  1530
2024-12-20T06:37:10.8711+09:00,gs_db,YOMOGI,1 62298U 98067XE  24354.55706070  .00078051  00000+0  12268-2 0  9996,2 62298  51.6372 116.8544 0011785 350.6946   9.3824 15.52859190  1582
2024-12-20T09:00:23.545131+09:00,gs_db,YOMOGI,1 62298U 98067XE  24354.55706070  .00078051  00000+0  12268-2 0  9996,2 62298  51.6372 116.8544 0011785 350.6946   9.3824 15.52859190  1582
2024-12-20T15:00:08.226704+09:00,gs_db,YOMOGI,1 62298U 98067XE  24354.55706070  .00078051  00000+0  12268-2 0  9996,2 62298  51.6372 116.8544 0011785 350.6946   9.3824 15.52859190  1582
2024-12-20T21:00:22.95792+09:00,gs_db,YOMOGI,1 62298U 98067XE  24355.13623575  .00082252  00000+0  12872-2 0  9998,2 62298  51.6372 113.9727 0011918 353.1251   6.9574 15.52954888  1673
2024-12-21T03:00:21.428371+09:00,gs_db,YOMOGI,1 62298U 98067XE  24355.13623575  .00082252  00000+0  12872-2 0  9998,2 62298  51.6372 113.9727 0011918 353.1251   6.9574 15.52954888  1673
2024-12-21T09:00:28.280219+09:00,gs_db,YOMOGI,1 62298U 98067XE  24355.58667900  .00078807  00000+0  12306-2 0  9990,2 62298  51.6372 111.7306 0011957 354.9004   5.1863 15.53033897  1749
2024-12-21T15:00:10.544627+09:00,gs_db,YOMOGI,1 62298U 98067XE  24355.58667900  .00078807  00000+0  12306-2 0  9990,2 62298  51.6372 111.7306 0011957 354.9004   5.1863 15.53033897  1749
2024-12-21T18:49:09.054253+09:00,gs_db,YOMOGI,1 62298U 98067XE  24356.16578696  .00092468  00000+0  14346-2 0  9993,2 62298  51.6369 108.8487 0012089 357.4740   2.6187 15.53139342  1837
2024-12-21T21:00:20.98343+09:00,gs_db,YOMOGI,1 62298U 98067XE  24356.16578696  .00092468  00000+0  14346-2 0  9993,2 62298  51.6369 108.8487 0012089 357.4740   2.6187 15.53139342  1837
2024-12-22T03:00:07.507961+09:00,gs_db,YOMOGI,1 62298U 98067XE  24356.16578696  .00092468  00000+0  14346-2 0  9993,2 62298  51.6369 108.8487 0012089 357.4740   2.6187 15.53139342  1837
2024-12-22T09:00:29.416181+09:00,gs_db,YOMOGI,1 62298U 98067XE  24356.55183574  .00092332  00000+0  14286-2 0  9996,2 62298  51.6367 106.9264 0012091 358.7468   1.3490 15.53215156  1898
2024-12-22T15:00:07.843348+09:00,gs_db,YOMOGI,1 62298U 98067XE  24356.55183574  .00092332  00000+0  14286-2 0  9996,2 62298  51.6367 106.9264 0012091 358.7468   1.3490 15.53215156  1898
2024-12-22T21:00:29.998059+09:00,gs_db,YOMOGI,1 62298U 98067XE  24356.80919167  .00094434  00000+0  14578-2 0  9998,2 62298  51.6366 105.6449 0012124 359.7843   0.3140 15.53267241  1931
2024-12-23T03:00:11.824145+09:00,gs_db,YOMOGI,1 62298U 98067XE  24356.80919167  .00094434  00000+0  14578-2 0  9998,2 62298  51.6366 105.6449 0012124 359.7843   0.3140 15.53267241  1931
2024-12-23T09:00:27.959978+09:00,gs_db,YOMOGI,1 62298U 98067XE  24357.51687740  .00098053  00000+0  15050-2 0  9993,2 62298  51.6367 102.1211 0012273   2.2916 357.8129 15.53406024  2041
2024-12-23T15:00:08.978742+09:00,gs_db,YOMOGI,1 62298U 98067XE  24357.51687740  .00098053  00000+0  15050-2 0  9993,2 62298  51.6367 102.1211 0012273   2.2916 357.8129 15.53406024  2041
2024-12-23T21:00:29.523559+09:00,gs_db,YOMOGI,1 62298U 98067XE  24357.51687740  .00098053  00000+0  15050-2 0  9993,2 62298  51.6367 102.1211 0012273   2.2916 357.8129 15.53406024  2041
2024-12-24T03:00:11.512748+09:00,gs_db,YOMOGI,1 62298U 98067XE  24358.48179528  .00106914  00000+0  16261-2 0  9991,2 62298  51.6370  97.3148 0012451   6.1259 353.9882 15.53613365  2197
2024-12-24T09:00:24.356361+09:00,gs_db,YOMOGI,1 62298U 98067XE  24358.48179528  .00106914  00000+0  16261-2 0  9991,2 62298  51.6370  97.3148 0012451   6.1259 353.9882 15.53613365  2197
2024-12-24T15:00:09.839221+09:00,gs_db,YOMOGI,1 62298U 98067XE  24358.48179528  .00106914  00000+0  16261-2 0  9991,2 62298  51.6370  97.3148 0012451   6.1259 353.9882 15.53613365  2197
2024-12-24T21:00:27.78332+09:00,gs_db,YOMOGI,1 62298U 98067XE  24358.48179528  .00106914  00000+0  16261-2 0  9991,2 62298  51.6370  97.3148 0012451   6.1259 353.9882 15.53613365  2197
2024-12-25T03:00:09.497646+09:00,gs_db,YOMOGI,1 62298U 98067XE  24358.48179528  .00106914  00000+0  16261-2 0  9991,2 62298  51.6370  97.3148 0012451   6.1259 353.9882 15.53613365  2197
2024-12-25T09:00:24.685562+09:00,gs_db,YOMOGI,1 62298U 98067XE  24359.44658516  .00106989  00000+0  16149-2 0  9994,2 62298  51.6365  92.5077 0012638  10.0374 350.0867 15.53819770  2344
2024-12-25T15:00:09.192127+09:00,gs_db,YOMOGI,1 62298U 98067XE  24359.83246489  .00104961  00000+0  15800-2 0  9990,2 62298  51.6366  90.5851 0012702  11.4920 348.6358 15.53902762  2406
2024-12-25T21:00:21.967587+09:00,gs_db,YOMOGI,1 62298U 98067XE  24359.83246489  .00104961  00000+0  15800-2 0  9990,2 62298  51.6366  90.5851 0012702  11.4920 348.6358 15.53902762  2406
2024-12-26T03:00:06.676959+09:00,gs_db,YOMOGI,1 62298U 98067XE  24359.83246489  .00104961  00000+0  15800-2 0  9990,2 62298  51.6366  90.5851 0012702  11.4920 348.6358 15.53902762  2406
2024-12-26T09:00:21.387683+09:00,gs_db,YOMOGI,1 62298U 98067XE  24360.53985537  .00111799  00000+0  16712-2 0  9993,2 62298  51.6369  87.0598 0012805  13.9878 346.1465 15.54062268  2514
2024-12-26T15:00:12.27171+09:00,gs_db,YOMOGI,1 62298U 98067XE  24360.53985537  .00111799  00000+0  16712-2 0  9993,2 62298  51.6369  87.0598 0012805  13.9878 346.1465 15.54062268  2514
2024-12-26T21:00:20.740721+09:00,gs_db,YOMOGI,1 62298U 98067XE  24360.53985537  .00111799  00000+0  16712-2 0  9993,2 62298  51.6369  87.0598 0012805  13.9878 346.1465 15.54062268  2514
2024-12-27T03:00:12.273456+09:00,gs_db,YOMOGI,1 62298U 98067XE  24361.24717358  .00103362  00000+0  15383-2 0  9996,2 62298  51.6372  83.5341 0012999  16.7517 343.3901 15.54218233  2621
2024-12-27T09:00:36.181541+09:00,gs_db,YOMOGI,1 62298U 98067XE  24361.50436254  .00108306  00000+0  16072-2 0  9997,2 62298  51.6375  82.2511 0012992  17.8068 342.3376 15.54275371  2660
2024-12-27T15:00:09.636752+09:00,gs_db,YOMOGI,1 62298U 98067XE  24361.50436254  .00108306  00000+0  16072-2 0  9997,2 62298  51.6375  82.2511 0012992  17.8068 342.3376 15.54275371  2660
2024-12-27T21:00:31.819482+09:00,gs_db,YOMOGI,1 62298U 98067XE  24361.50436254  .00108306  00000+0  16072-2 0  9997,2 62298  51.6375  82.2511 0012992  17.8068 342.3376 15.54275371  2660
2024-12-28T03:00:09.689105+09:00,gs_db,YOMOGI,1 62298U 98067XE  24362.40445286  .00105559  00000+0  15560-2 0  9990,2 62298  51.6378  77.7631 0013146  21.5919 338.5623 15.54468565  2801
2024-12-28T09:00:27.746718+09:00,gs_db,YOMOGI,1 62298U 98067XE  24362.53302808  .00107449  00000+0  15818-2 0  9992,2 62298  51.6374  77.1209 0013173  22.0012 338.1542 15.54495212  2829
2024-12-28T15:00:11.380212+09:00,gs_db,YOMOGI,1 62298U 98067XE  24362.53302808  .00107449  00000+0  15818-2 0  9992,2 62298  51.6374  77.1209 0013173  22.0012 338.1542 15.54495212  2829
2024-12-28T21:00:24.951942+09:00,gs_db,YOMOGI,1 62298U 98067XE  24362.53302808  .00107449  00000+0  15818-2 0  9992,2 62298  51.6374  77.1209 0013173  22.0012 338.1542 15.54495212  2829
2024-12-29T03:00:08.483935+09:00,gs_db,YOMOGI,1 62298U 98067XE  24363.43299032  .00107508  00000+0  15713-2 0  9996,2 62298  51.6374  72.6314 0013296  25.6561 334.5087 15.54689959  2962
2024-12-29T09:00:30.098031+09:00,gs_db,YOMOGI,1 62298U 98067XE  24363.49726891  .00112494  00000+0  16419-2 0  9994,2 62298  51.6373  72.3106 0013297  25.8905 334.2749 15.54705343  2971
2024-12-29T15:00:08.700426+09:00,gs_db,YOMOGI,1 62298U 98067XE  24363.49726891  .00112494  00000+0  16419-2 0  9994,2 62298  51.6373  72.3106 0013297  25.8905 334.2749 15.54705343  2971
2024-12-29T21:00:26.583611+09:00,gs_db,YOMOGI,1 62298U 98067XE  24363.49726891  .00112494  00000+0  16419-2 0  9994,2 62298  51.6373  72.3106 0013297  25.8905 334.2749 15.54705343  2971
2024-12-30T03:00:09.868093+09:00,gs_db,YOMOGI,1 62298U 98067XE  24364.33283487  .00111016  00000+0  16092-2 0  9993,2 62298  51.6376  68.1411 0013397  29.1638 331.0098 15.54898521  3106
2024-12-30T09:00:30.422998+09:00,gs_db,YOMOGI,1 62298U 98067XE  24364.33283487  .00111016  00000+0  16092-2 0  9993,2 62298  51.6376  68.1411 0013397  29.1638 331.0098 15.54898521  3106
2024-12-30T15:00:08.237092+09:00,gs_db,YOMOGI,1 62298U 98067XE  24364.91123940  .00123123  00000+0  17715-2 0  9999,2 62298  51.6377  65.2547 0013524  31.4439 328.7358 15.55046130  3195
2024-12-30T21:00:24.533844+09:00,gs_db,YOMOGI,1 62298U 98067XE  24364.91123940  .00123123  00000+0  17715-2 0  9999,2 62298  51.6377  65.2547 0013524  31.4439 328.7358 15.55046130  3195
2024-12-31T03:00:08.753316+09:00,gs_db,YOMOGI,1 62298U 98067XE  24364.91123940  .00123123  00000+0  17715-2 0  9999,2 62298  51.6377  65.2547 0013524  31.4439 328.7358 15.55046130  3195
2024-12-31T09:00:34.378868+09:00,gs_db,YOMOGI,1 62298U 98067XE  24365.36107152  .00117491  00000+0  16847-2 0  9992,2 62298  51.6374  63.0088 0013634  33.1676 327.0167 15.55161408  3266
2024-12-31T15:00:08.238856+09:00,gs_db,YOMOGI,1 62298U 98067XE  24365.87512531  .00127674  00000+0  18189-2 0  9994,2 62298  51.6371  60.4422 0013742  35.3035 324.8864 15.55292429  3345
2024-12-31T21:00:21.932084+09:00,gs_db,YOMOGI,1 62298U 98067XE  24365.87512531  .00127674  00000+0  18189-2 0  9994,2 62298  51.6371  60.4422 0013742  35.3035 324.8864 15.55292429  3345
2025-01-01T03:00:09.230432+09:00,gs_db,YOMOGI,1 62298U 98067XE  24365.87512531  .00127674  00000+0  18189-2 0  9994,2 62298  51.6371  60.4422 0013742  35.3035 324.8864 15.55292429  3345
2025-01-01T09:00:25.515315+09:00,gs_db,YOMOGI,1 62298U 98067XE  24366.32488704  .00116347  00000+0  16536-2 0  9998,2 62298  51.6368  58.1956 0013768  37.0817 323.1123 15.55404640  3410
2025-01-01T15:00:08.621325+09:00,gs_db,YOMOGI,1 62298U 98067XE  24366.58187931  .00121576  00000+0  17224-2 0  9999,2 62298  51.6365  56.9117 0013754  38.1084 322.0877 15.55469333  3453
2025-01-01T21:00:24.280851+09:00,gs_db,YOMOGI,1 62298U 98067XE  24366.58187931  .00121576  00000+0  17224-2 0  9999,2 62298  51.6365  56.9117 0013754  38.1084 322.0877 15.55469333  3453
2025-01-02T03:00:09.065761+09:00,gs_db,YOMOGI,1 62298U 98067XE  25001.41702404  .00156059  00000+0  21798-2 0  9991,2 62298  51.6365  52.7390 0013812  41.2895 318.9138 15.55713314  3589
2025-01-02T09:00:24.271411+09:00,gs_db,YOMOGI,1 62298U 98067XE  25001.41702404  .00156059  00000+0  21798-2 0  9991,2 62298  51.6365  52.7390 0013812  41.2895 318.9138 15.55713314  3589
2025-01-02T15:00:13.249909+09:00,gs_db,YOMOGI,1 62298U 98067XE  25001.41702404  .00156059  00000+0  21798-2 0  9991,2 62298  51.6365  52.7390 0013812  41.2895 318.9138 15.55713314  3589
2025-01-02T21:00:22.324842+09:00,gs_db,YOMOGI,1 62298U 98067XE  25001.41702404  .00156059  00000+0  21798-2 0  9991,2 62298  51.6365  52.7390 0013812  41.2895 318.9138 15.55713314  3589
2025-01-03T03:00:08.95492+09:00,gs_db,YOMOGI,1 62298U 98067XE  25001.41702404  .00156059  00000+0  21798-2 0  9991,2 62298  51.6365  52.7390 0013812  41.2895 318.9138 15.55713314  3589
2025-01-03T09:00:30.981881+09:00,gs_db,YOMOGI,1 62298U 98067XE  25001.41702404  .00156059  00000+0  21798-2 0  9991,2 62298  51.6365  52.7390 0013812  41.2895 318.9138 15.55713314  3589
2025-01-03T15:00:08.190275+09:00,gs_db,YOMOGI,1 62298U 98067XE  25001.41702404  .00156059  00000+0  21798-2 0  9991,2 62298  51.6365  52.7390 0013812  41.2895 318.9138 15.55713314  3589
2025-01-03T21:00:27.207576+09:00,gs_db,YOMOGI,1 62298U 98067XE  25003.08686843  .00120344  00000+0  16579-2 0  9993,2 62298  51.6362  44.3905 0013869  47.7387 312.4778 15.56229458  3844
2025-01-04T03:00:09.648201+09:00,gs_db,YOMOGI,1 62298U 98067XE  25003.08686843  .00120344  00000+0  16579-2 0  9993,2 62298  51.6362  44.3905 0013869  47.7387 312.4778 15.56229458  3844
2025-01-04T09:00:22.661135+09:00,gs_db,YOMOGI,1 62298U 98067XE  25003.08686843  .00120344  00000+0  16579-2 0  9993,2 62298  51.6362  44.3905 0013869  47.7387 312.4778 15.56229458  3844
2025-01-04T15:00:07.049484+09:00,gs_db,YOMOGI,1 62298U 98067XE  25003.08686843  .00120344  00000+0  16579-2 0  9993,2 62298  51.6362  44.3905 0013869  47.7387 312.4778 15.56229458  3844
2025-01-04T21:00:25.835541+09:00,gs_db,YOMOGI,1 62298U 98067XE  25003.08686843  .00120344  00000+0  16579-2 0  9993,2 62298  51.6362  44.3905 0013869  47.7387 312.4778 15.56229458  3844
2025-01-05T03:00:10.422957+09:00,gs_db,YOMOGI,1 62298U 98067XE  25003.08686843  .00120344  00000+0  16579-2 0  9993,2 62298  51.6362  44.3905 0013869  47.7387 312.4778 15.56229458  3844
2025-01-05T09:00:26.958601+09:00,gs_db,YOMOGI,1 62298U 98067XE  25003.08686843  .00120344  00000+0  16579-2 0  9993,2 62298  51.6362  44.3905 0013869  47.7387 312.4778 15.56229458  3844
2025-01-05T15:00:10.857323+09:00,gs_db,YOMOGI,1 62298U 98067XE  25004.49944629  .00103539  00000+0  14122-2 0  9997,2 62298  51.6363  37.3236 0013983  53.4732 306.7545 15.56570527  4068
2025-01-05T21:00:22.048371+09:00,gs_db,YOMOGI,1 62298U 98067XE  25004.49944629  .00103539  00000+0  14122-2 0  9997,2 62298  51.6363  37.3236 0013983  53.4732 306.7545 15.56570527  4068
2025-01-06T03:00:08.055237+09:00,gs_db,YOMOGI,1 62298U 98067XE  25004.49944629  .00103539  00000+0  14122-2 0  9997,2 62298  51.6363  37.3236 0013983  53.4732 306.7545 15.56570527  4068
2025-01-06T09:00:27.987411+09:00,gs_db,YOMOGI,1 62298U 98067XE  25005.46237697  .00116215  00000+0  15661-2 0  9999,2 62298  51.6367  32.5041 0014048  57.3897 302.8448 15.56837553  4212
2025-01-06T15:00:08.064262+09:00,gs_db,YOMOGI,1 62298U 98067XE  25005.78331853  .00113018  00000+0  15194-2 0  9992,2 62298  51.6365  30.8978 0014101  58.4993 301.7375 15.56914258  4269
2025-01-06T21:00:22.930475+09:00,gs_db,YOMOGI,1 62298U 98067XE  25005.78331853  .00113018  00000+0  15194-2 0  9992,2 62298  51.6365  30.8978 0014101  58.4993 301.7375 15.56914258  4269
2025-01-07T03:00:10.961576+09:00,gs_db,YOMOGI,1 62298U 98067XE  25005.78331853  .00113018  00000+0  15194-2 0  9992,2 62298  51.6365  30.8978 0014101  58.4993 301.7375 15.56914258  4269
2025-01-07T15:00:07.070375+09:00,gs_db,YOMOGI,1 62298U 98067XE  25006.55351096  .00115339  00000+0  15387-2 0  9991,2 62298  51.6362  27.0407 0014086  61.9450 298.2965 15.57110901  4382
2025-01-07T21:00:25.675938+09:00,gs_db,YOMOGI,1 62298U 98067XE  25006.55351096  .00115339  00000+0  15387-2 0  9991,2 62298  51.6362  27.0407 0014086  61.9450 298.2965 15.57110901  4382
2025-01-08T03:00:08.372731+09:00,gs_db,YOMOGI,1 62298U 98067XE  25006.55351096  .00115339  00000+0  15387-2 0  9991,2 62298  51.6362  27.0407 0014086  61.9450 298.2965 15.57110901  4382
2025-01-08T21:00:24.660148+09:00,gs_db,YOMOGI,1 62298U 98067XE  25008.15780097  .00111667  00000+0  14710-2 0  9995,2 62298  51.6367  19.0051 0014167  68.5687 291.6814 15.57463701  4635
2025-01-09T03:00:10.275076+09:00,gs_db,YOMOGI,1 62298U 98067XE  25008.15780097  .00111667  00000+0  14710-2 0  9995,2 62298  51.6367  19.0051 0014167  68.5687 291.6814 15.57463701  4635
2025-01-09T09:00:31.684615+09:00,gs_db,YOMOGI,1 62298U 98067XE  25008.47861598  .00091940  00000+0  12124-2 0  9994,2 62298  51.6363  17.3972 0014206  70.1593 290.0929 15.57525588  4680
2025-01-09T15:00:09.264703+09:00,gs_db,YOMOGI,1 62298U 98067XE  25008.73525927  .00091323  00000+0  12023-2 0  9999,2 62298  51.6362  16.1118 0014249  70.9145 289.3389 15.57571435  4724
2025-01-09T21:00:17.395004+09:00,gs_db,YOMOGI,1 62298U 98067XE  25008.73525927  .00091323  00000+0  12023-2 0  9999,2 62298  51.6362  16.1118 0014249  70.9145 289.3389 15.57571435  4724
2025-01-10T03:00:09.965385+09:00,gs_db,YOMOGI,1 62298U 98067XE  25008.73525927  .00091323  00000+0  12023-2 0  9999,2 62298  51.6362  16.1118 0014249  70.9145 289.3389 15.57571435  4724
2025-01-10T09:00:36.436099+09:00,gs_db,YOMOGI,1 62298U 98067XE  25009.24852042  .00093218  00000+0  12221-2 0  9992,2 62298  51.6361  13.5394 0014254  72.9139 287.3413 15.57674212  4803
2025-01-10T15:00:14.092017+09:00,gs_db,YOMOGI,1 62298U 98067XE  25009.24852042  .00093218  00000+0  12221-2 0  9992,2 62298  51.6361  13.5394 0014254  72.9139 287.3413 15.57674212  4803
2025-01-10T21:00:26.385995+09:00,gs_db,YOMOGI,1 62298U 98067XE  25010.14664801  .00105408  00000+0  13695-2 0  9998,2 62298  51.6358   9.0375 0014266  76.7230 283.5352 15.57857953  4945
2025-01-11T03:00:09.762405+09:00,gs_db,YOMOGI,1 62298U 98067XE  25010.14664801  .00105408  00000+0  13695-2 0  9998,2 62298  51.6358   9.0375 0014266  76.7230 283.5352 15.57857953  4945
2025-01-11T09:00:31.470514+09:00,gs_db,YOMOGI,1 62298U 98067XE  25010.40323490  .00096624  00000+0  12547-2 0  9997,2 62298  51.6358   7.7506 0014252  78.1751 282.0839 15.57912591  4983
2025-01-11T15:00:10.079159+09:00,gs_db,YOMOGI,1 62298U 98067XE  25010.40323490  .00096624  00000+0  12547-2 0  9997,2 62298  51.6358   7.7506 0014252  78.1751 282.0839 15.57912591  4983
2025-01-11T21:00:22.307521+09:00,gs_db,YOMOGI,1 62298U 98067XE  25010.40323490  .00096624  00000+0  12547-2 0  9997,2 62298  51.6358   7.7506 0014252  78.1751 282.0839 15.57912591  4983
2025-01-12T03:00:08.212447+09:00,gs_db,YOMOGI,1 62298U 98067XE  25010.40323490  .00096624  00000+0  12547-2 0  9997,2 62298  51.6358   7.7506 0014252  78.1751 282.0839 15.57912591  4983
2025-01-12T09:00:32.486605+09:00,gs_db,YOMOGI,1 62298U 98067XE  25011.42949123  .00108222  00000+0  13904-2 0  9993,2 62298  51.6359   2.6040 0014308  82.4737 277.7880 15.58142527  5146
2025-01-12T15:00:09.89133+09:00,gs_db,YOMOGI,1 62298U 98067XE  25011.68603272  .00091944  00000+0  11826-2 0  9996,2 62298  51.6358   1.3178 0014330  83.2583 277.0040 15.58187112  5180
2025-01-12T21:00:27.791485+09:00,gs_db,YOMOGI,1 62298U 98067XE  25011.68603272  .00091944  00000+0  11826-2 0  9996,2 62298  51.6358   1.3178 0014330  83.2583 277.0040 15.58187112  5180
2025-01-13T03:00:08.417209+09:00,gs_db,YOMOGI,1 62298U 98067XE  25012.39147848  .00092722  00000+0  11860-2 0  9990,2 62298  51.6355 357.7783 0014365  86.5844 273.6791 15.58330204  5290
2025-01-13T09:00:28.061865+09:00,gs_db,YOMOGI,1 62298U 98067XE  25012.39147848  .00092722  00000+0  11860-2 0  9990,2 62298  51.6355 357.7783 0014365  86.5844 273.6791 15.58330204  5290
2025-01-13T15:00:10.672811+09:00,gs_db,YOMOGI,1 62298U 98067XE  25012.39147848  .00092722  00000+0  11860-2 0  9990,2 62298  51.6355 357.7783 0014365  86.5844 273.6791 15.58330204  5290
2025-01-13T21:00:32.060623+09:00,gs_db,YOMOGI,1 62298U 98067XE  25012.39147848  .00092722  00000+0  11860-2 0  9990,2 62298  51.6355 357.7783 0014365  86.5844 273.6791 15.58330204  5290
2025-01-14T03:00:12.480483+09:00,gs_db,YOMOGI,1 62298U 98067XE  25013.35334837  .00109747  00000+0  13893-2 0  9997,2 62298  51.6356 352.9517 0014360  90.8390 269.4248 15.58526999  5447
2025-01-14T09:00:35.48157+09:00,gs_db,YOMOGI,1 62298U 98067XE  25013.35334837  .00109747  00000+0  13893-2 0  9997,2 62298  51.6356 352.9517 0014360  90.8390 269.4248 15.58526999  5447
2025-01-14T15:00:08.238756+09:00,gs_db,YOMOGI,1 62298U 98067XE  25013.35334837  .00109747  00000+0  13893-2 0  9997,2 62298  51.6356 352.9517 0014360  90.8390 269.4248 15.58526999  5447
2025-01-14T21:00:27.81345+09:00,gs_db,YOMOGI,1 62298U 98067XE  25014.12275398  .00093584  00000+0  11810-2 0  9997,2 62298  51.6361 349.0900 0014361  93.9203 266.3431 15.58683103  5568
2025-01-15T03:00:08.91276+09:00,gs_db,YOMOGI,1 62298U 98067XE  25014.31509204  .00104500  00000+0  13137-2 0  9999,2 62298  51.6361 348.1243 0014394  94.9048 265.3588 15.58733777  5590
2025-01-15T09:00:36.640917+09:00,gs_db,YOMOGI,1 62298U 98067XE  25014.31509204  .00104500  00000+0  13137-2 0  9999,2 62298  51.6361 348.1243 0014394  94.9048 265.3588 15.58733777  5590
2025-01-15T15:00:14.355409+09:00,gs_db,YOMOGI,1 62298U 98067XE  25014.31509204  .00104500  00000+0  13137-2 0  9999,2 62298  51.6361 348.1243 0014394  94.9048 265.3588 15.58733777  5590
2025-01-15T21:00:23.740596+09:00,gs_db,YOMOGI,1 62298U 98067XE  25014.95618344  .00099194  00000+0  12418-2 0  9998,2 62298  51.6358 344.9065 0014403  97.2404 263.0226 15.58868033  5694
2025-01-16T03:00:08.300387+09:00,gs_db,YOMOGI,1 62298U 98067XE  25015.27670647  .00110906  00000+0  13815-2 0  9995,2 62298  51.6355 343.2968 0014452  99.0031 261.2598 15.58947072  5744
2025-01-16T09:00:33.052905+09:00,gs_db,YOMOGI,1 62298U 98067XE  25015.27670647  .00110906  00000+0  13815-2 0  9995,2 62298  51.6355 343.2968 0014452  99.0031 261.2598 15.58947072  5744
2025-01-16T15:00:12.925741+09:00,gs_db,YOMOGI,1 62298U 98067XE  25015.27670647  .00110906  00000+0  13815-2 0  9995,2 62298  51.6355 343.2968 0014452  99.0031 261.2598 15.58947072  5744
2025-01-16T21:00:33.472454+09:00,gs_db,YOMOGI,1 62298U 98067XE  25015.27670647  .00110906  00000+0  13815-2 0  9995,2 62298  51.6355 343.2968 0014452  99.0031 261.2598 15.58947072  5744
2025-01-17T03:00:12.816249+09:00,gs_db,YOMOGI,1 62298U 98067XE  25015.27670647  .00110906  00000+0  13815-2 0  9995,2 62298  51.6355 343.2968 0014452  99.0031 261.2598 15.58947072  5744
2025-01-17T09:00:28.253677+09:00,gs_db,YOMOGI,1 62298U 98067XE  25016.30227694  .00098200  00000+0  12149-2 0  9991,2 62298  51.6358 338.1457 0014444 103.7664 256.4937 15.59184022  5909
2025-01-17T15:00:10.295739+09:00,gs_db,YOMOGI,1 62298U 98067XE  25016.87909086  .00119976  00000+0  14711-2 0  9996,2 62298  51.6357 335.2487 0014429 105.9155 254.3428 15.59324697  5996
2025-01-17T21:00:29.572611+09:00,gs_db,YOMOGI,1 62298U 98067XE  25016.87909086  .00119976  00000+0  14711-2 0  9996,2 62298  51.6357 335.2487 0014429 105.9155 254.3428 15.59324697  5996
2025-01-18T03:00:09.160866+09:00,gs_db,YOMOGI,1 62298U 98067XE  25016.87909086  .00119976  00000+0  14711-2 0  9996,2 62298  51.6357 335.2487 0014429 105.9155 254.3428 15.59324697  5996
2025-01-18T09:00:35.321512+09:00,gs_db,YOMOGI,1 62298U 98067XE  25017.26360408  .00122211  00000+0  14924-2 0  9991,2 62298  51.6358 333.3160 0014483 107.9759 252.2814 15.59421903  6058
2025-01-18T15:00:12.537978+09:00,gs_db,YOMOGI,1 62298U 98067XE  25017.90440627  .00126928  00000+0  15392-2 0  9993,2 62298  51.6354 330.0963 0014460 110.5160 249.7386 15.59586705  6158
2025-01-18T21:00:23.2329+09:00,gs_db,YOMOGI,1 62298U 98067XE  25017.90440627  .00126928  00000+0  15392-2 0  9993,2 62298  51.6354 330.0963 0014460 110.5160 249.7386 15.59586705  6158
2025-01-19T03:00:09.941924+09:00,gs_db,YOMOGI,1 62298U 98067XE  25018.22477970  .00135726  00000+0  16378-2 0  9991,2 62298  51.6352 328.4854 0014496 112.3195 247.9337 15.59680330  6204
2025-01-19T09:00:34.046792+09:00,gs_db,YOMOGI,1 62298U 98067XE  25018.22477970  .00135726  00000+0  16378-2 0  9991,2 62298  51.6352 328.4854 0014496 112.3195 247.9337 15.59680330  6204
2025-01-19T15:00:10.688374+09:00,gs_db,YOMOGI,1 62298U 98067XE  25018.86547664  .00128455  00000+0  15423-2 0  9990,2 62298  51.6349 325.2650 0014439 114.8887 245.3608 15.59841832  6301
2025-01-19T21:00:23.901013+09:00,gs_db,YOMOGI,1 62298U 98067XE  25019.05767211  .00130106  00000+0  15587-2 0  9991,2 62298  51.6351 324.2979 0014449 115.9435 244.3049 15.59892526  6336
2025-01-20T03:00:12.43327+09:00,gs_db,YOMOGI,1 62298U 98067XE  25019.05767211  .00130106  00000+0  15587-2 0  9991,2 62298  51.6351 324.2979 0014449 115.9435 244.3049 15.59892526  6336
2025-01-20T09:00:31.131429+09:00,gs_db,YOMOGI,1 62298U 98067XE  25019.05767211  .00130106  00000+0  15587-2 0  9991,2 62298  51.6351 324.2979 0014449 115.9435 244.3049 15.59892526  6336
2025-01-20T15:00:08.119756+09:00,gs_db,YOMOGI,1 62298U 98067XE  25019.05767211  .00130106  00000+0  15587-2 0  9991,2 62298  51.6351 324.2979 0014449 115.9435 244.3049 15.59892526  6336
2025-01-20T21:00:25.534165+09:00,gs_db,YOMOGI,1 62298U 98067XE  25020.08260657  .00149835  00000+0  17699-2 0  9993,2 62298  51.6352 319.1423 0014508 120.3975 239.8454 15.60184277  6494
2025-01-21T03:00:11.931316+09:00,gs_db,YOMOGI,1 62298U 98067XE  25020.08260657  .00149835  00000+0  17699-2 0  9993,2 62298  51.6352 319.1423 0014508 120.3975 239.8454 15.60184277  6494
2025-01-21T09:00:29.071197+09:00,gs_db,YOMOGI,1 62298U 98067XE  25020.21070907  .00160763  00000+0  18928-2 0  9994,2 62298  51.6351 318.4977 0014537 121.0390 239.2032 15.60228174  6514
2025-01-21T15:00:11.75949+09:00,gs_db,YOMOGI,1 62298U 98067XE  25020.85117449  .00146003  00000+0  17102-2 0  9991,2 62298  51.6346 315.2750 0014530 123.8659 236.3719 15.60417815  6616
2025-01-21T21:00:23.637795+09:00,gs_db,YOMOGI,1 62298U 98067XE  25021.17137629  .00157626  00000+0  18359-2 0  9997,2 62298  51.6345 313.6628 0014576 125.6367 234.5986 15.60521332  6668
2025-01-22T03:00:11.593393+09:00,gs_db,YOMOGI,1 62298U 98067XE  25021.17137629  .00157626  00000+0  18359-2 0  9997,2 62298  51.6345 313.6628 0014576 125.6367 234.5986 15.60521332  6668
2025-01-22T03:59:47.889936+09:00,gs_db,YOMOGI,1 62298U 98067XE  25021.23541393  .00148970  00000+0  17359-2 0  9992,2 62298  51.6346 313.3404 0014593 125.9896 234.2452 15.60541129  6679
2025-01-22T09:00:34.564403+09:00,gs_db,YOMOGI,1 62298U 98067XE  25021.23541393  .00148970  00000+0  17359-2 0  9992,2 62298  51.6346 313.3404 0014593 125.9896 234.2452 15.60541129  6679
2025-01-22T15:00:08.103685+09:00,gs_db,YOMOGI,1 62298U 98067XE  25021.81172117  .00146717  00000+0  16994-2 0  9991,2 62298  51.6344 310.4398 0014486 128.4188 231.8108 15.60707980  6760
2025-01-22T21:00:18.380297+09:00,gs_db,YOMOGI,1 62298U 98067XE  25022.06783724  .00150678  00000+0  17391-2 0  9994,2 62298  51.6346 309.1495 0014513 129.8384 230.3888 15.60784758  6801
2025-01-23T03:00:10.90199+09:00,gs_db,YOMOGI,1 62298U 98067XE  25022.06783724  .00150678  00000+0  17391-2 0  9994,2 62298  51.6346 309.1495 0014513 129.8384 230.3888 15.60784758  6801
2025-01-23T09:00:44.607302+09:00,gs_db,YOMOGI,1 62298U 98067XE  25022.06783724  .00150678  00000+0  17391-2 0  9994,2 62298  51.6346 309.1495 0014513 129.8384 230.3888 15.60784758  6801
2025-01-23T15:00:09.487347+09:00,gs_db,YOMOGI,1 62298U 98067XE  25022.06783724  .00150678  00000+0  17391-2 0  9994,2 62298  51.6346 309.1495 0014513 129.8384 230.3888 15.60784758  6801
2025-01-23T21:00:29.204407+09:00,gs_db,YOMOGI,1 62298U 98067XE  25023.15618458  .00146439  00000+0  16695-2 0  9992,2 62298  51.6340 303.6673 0014532 134.8651 225.3525 15.61119973  6978
2025-01-24T03:00:10.353107+09:00,gs_db,YOMOGI,1 62298U 98067XE  25023.15618458  .00146439  00000+0  16695-2 0  9992,2 62298  51.6340 303.6673 0014532 134.8651 225.3525 15.61119973  6978
2025-01-24T09:00:26.329792+09:00,gs_db,YOMOGI,1 62298U 98067XE  25023.15618458  .00146439  00000+0  16695-2 0  9992,2 62298  51.6340 303.6673 0014532 134.8651 225.3525 15.61119973  6978
2025-01-24T15:00:11.907499+09:00,gs_db,YOMOGI,1 62298U 98067XE  25023.15618458  .00146439  00000+0  16695-2 0  9992,2 62298  51.6340 303.6673 0014532 134.8651 225.3525 15.61119973  6978
2025-01-24T21:00:22.991614+09:00,gs_db,YOMOGI,1 62298U 98067XE  25023.98829474  .00158508  00000+0  17861-2 0  9991,2 62298  51.6341 299.4745 0014537 138.6411 221.5686 15.61377670  7104
2025-01-25T03:00:10.181559+09:00,gs_db,YOMOGI,1 62298U 98067XE  25023.98829474  .00158508  00000+0  17861-2 0  9991,2 62298  51.6341 299.4745 0014537 138.6411 221.5686 15.61377670  7104
2025-01-25T09:00:38.762098+09:00,gs_db,YOMOGI,1 62298U 98067XE  25023.98829474  .00158508  00000+0  17861-2 0  9991,2 62298  51.6341 299.4745 0014537 138.6411 221.5686 15.61377670  7104
2025-01-25T15:00:09.907507+09:00,gs_db,YOMOGI,1 62298U 98067XE  25023.98829474  .00158508  00000+0  17861-2 0  9991,2 62298  51.6341 299.4745 0014537 138.6411 221.5686 15.61377670  7104
2025-01-25T21:00:32.352216+09:00,gs_db,YOMOGI,1 62298U 98067XE  25023.98829474  .00158508  00000+0  17861-2 0  9991,2 62298  51.6341 299.4745 0014537 138.6411 221.5686 15.61377670  7104
2025-01-26T03:00:07.270048+09:00,gs_db,YOMOGI,1 62298U 98067XE  25023.98829474  .00158508  00000+0  17861-2 0  9991,2 62298  51.6341 299.4745 0014537 138.6411 221.5686 15.61377670  7104
2025-01-26T09:00:31.203367+09:00,gs_db,YOMOGI,1 62298U 98067XE  25025.14021730  .00145373  00000+0  16187-2 0  9996,2 62298  51.6345 293.6672 0014567 143.7787 216.4196 15.61733604  7280
2025-01-26T15:00:07.556335+09:00,gs_db,YOMOGI,1 62298U 98067XE  25025.14021730  .00145373  00000+0  16187-2 0  9996,2 62298  51.6345 293.6672 0014567 143.7787 216.4196 15.61733604  7280
2025-01-26T21:00:10.038859+09:00,gs_db,YOMOGI,1 62298U 98067XE  25025.78006468  .00138928  00000+0  15376-2 0  9994,2 62298  51.6340 290.4415 0014480 146.3112 213.8805 15.61915622  7381
2025-01-26T21:04:24.082371+09:00,gs_db,YOMOGI,1 62298U 98067XE  25025.78006468  .00138928  00000+0  15376-2 0  9994,2 62298  51.6340 290.4415 0014480 146.3112 213.8805 15.61915622  7381
2025-01-27T03:00:07.456718+09:00,gs_db,YOMOGI,1 62298U 98067XE  25026.09996058  .00135655  00000+0  14969-2 0  9993,2 62298  51.6340 288.8270 0014540 147.9285 212.2597 15.62004063  7432
2025-01-27T09:00:36.128189+09:00,gs_db,YOMOGI,1 62298U 98067XE  25026.09996058  .00135655  00000+0  14969-2 0  9993,2 62298  51.6340 288.8270 0014540 147.9285 212.2597 15.62004063  7432
2025-01-27T15:00:09.463968+09:00,gs_db,YOMOGI,1 62298U 98067XE  25026.09996058  .00135655  00000+0  14969-2 0  9993,2 62298  51.6340 288.8270 0014540 147.9285 212.2597 15.62004063  7432
2025-01-27T21:00:19.844958+09:00,gs_db,YOMOGI,1 62298U 98067XE  25026.86763848  .00131692  00000+0  14424-2 0  9990,2 62298  51.6338 284.9541 0014494 151.2775 208.9020 15.62211477  7552
2025-01-28T03:00:09.793051+09:00,gs_db,YOMOGI,1 62298U 98067XE  25026.86763848  .00131692  00000+0  14424-2 0  9990,2 62298  51.6338 284.9541 0014494 151.2775 208.9020 15.62211477  7552
2025-01-28T09:00:37.654478+09:00,gs_db,YOMOGI,1 62298U 98067XE  25026.99557473  .00132707  00000+0  14513-2 0  9996,2 62298  51.6338 284.3082 0014529 151.9573 208.2206 15.62246089  7576
2025-01-28T15:00:10.80262+09:00,gs_db,YOMOGI,1 62298U 98067XE  25027.89105031  .00138669  00000+0  15007-2 0  9997,2 62298  51.6336 279.7885 0014467 155.8208 204.3468 15.62493146  7713
2025-01-28T21:00:27.213728+09:00,gs_db,YOMOGI,1 62298U 98067XE  25027.89105031  .00138669  00000+0  15007-2 0  9997,2 62298  51.6336 279.7885 0014467 155.8208 204.3468 15.62493146  7713
2025-01-29T03:00:11.738601+09:00,gs_db,YOMOGI,1 62298U 98067XE  25027.89105031  .00138669  00000+0  15007-2 0  9997,2 62298  51.6336 279.7885 0014467 155.8208 204.3468 15.62493146  7713
2025-01-29T09:00:24.987023+09:00,gs_db,YOMOGI,1 62298U 98067XE  25028.08291879  .00140587  00000+0  15176-2 0  9994,2 62298  51.6334 278.8197 0014494 156.6928 203.4726 15.62550439  7744
2025-01-29T15:00:09.198682+09:00,gs_db,YOMOGI,1 62298U 98067XE  25028.08291879  .00140587  00000+0  15176-2 0  9994,2 62298  51.6334 278.8197 0014494 156.6928 203.4726 15.62550439  7744
2025-01-29T21:00:26.018294+09:00,gs_db,YOMOGI,1 62298U 98067XE  25029.10609588  .00151905  00000+0  16171-2 0  9990,2 62298  51.6325 273.6527 0014400 161.0963 199.0569 15.62866294  7902
2025-01-30T03:00:09.325286+09:00,gs_db,YOMOGI,1 62298U 98067XE  25029.10609588  .00151905  00000+0  16171-2 0  9990,2 62298  51.6325 273.6527 0014400 161.0963 199.0569 15.62866294  7902
2025-01-30T09:00:38.196921+09:00,gs_db,YOMOGI,1 62298U 98067XE  25029.10609588  .00151905  00000+0  16171-2 0  9990,2 62298  51.6325 273.6527 0014400 161.0963 199.0569 15.62866294  7902
2025-01-30T15:00:09.062507+09:00,gs_db,YOMOGI,1 62298U 98067XE  25029.10609588  .00151905  00000+0  16171-2 0  9990,2 62298  51.6325 273.6527 0014400 161.0963 199.0569 15.62866294  7902
2025-01-30T21:00:23.522871+09:00,gs_db,YOMOGI,1 62298U 98067XE  25029.10609588  .00151905  00000+0  16171-2 0  9990,2 62298  51.6325 273.6527 0014400 161.0963 199.0569 15.62866294  7902
2025-01-31T03:00:11.010137+09:00,gs_db,YOMOGI,1 62298U 98067XE  25029.10609588  .00151905  00000+0  16171-2 0  9990,2 62298  51.6325 273.6527 0014400 161.0963 199.0569 15.62866294  7902
2025-01-31T09:00:41.63867+09:00,gs_db,YOMOGI,1 62298U 98067XE  25030.64047538  .00138362  00000+0  14501-2 0  9999,2 62298  51.6315 265.9003 0014118 167.9114 192.2222 15.63320101  8144
2025-01-31T15:00:08.481975+09:00,gs_db,YOMOGI,1 62298U 98067XE  25030.89616414  .00131437  00000+0  13754-2 0  9996,2 62298  51.6315 264.6070 0014148 169.1268 191.0035 15.63385353  8184
2025-01-31T21:00:31.997392+09:00,gs_db,YOMOGI,1 62298U 98067XE  25030.89616414  .00131437  00000+0  13754-2 0  9996,2 62298  51.6315 264.6070 0014148 169.1268 191.0035 15.63385353  8184
2025-02-01T03:00:08.797708+09:00,gs_db,YOMOGI,1 62298U 98067XE  25030.89616414  .00131437  00000+0  13754-2 0  9996,2 62298  51.6315 264.6070 0014148 169.1268 191.0035 15.63385353  8184
2025-02-01T09:00:25.886708+09:00,gs_db,YOMOGI,1 62298U 98067XE  25031.34359203  .00144677  00000+0  15036-2 0  9992,2 62298  51.6311 262.3452 0014133 171.1685 188.9561 15.63509870  8258
2025-02-01T15:00:08.496614+09:00,gs_db,YOMOGI,1 62298U 98067XE  25031.91880420  .00144226  00000+0  14896-2 0  9998,2 62298  51.6309 259.4356 0014142 174.2034 185.9127 15.63669878  8347
2025-02-01T21:00:24.169331+09:00,gs_db,YOMOGI,1 62298U 98067XE  25031.91880420  .00144226  00000+0  14896-2 0  9998,2 62298  51.6309 259.4356 0014142 174.2034 185.9127 15.63669878  8347
2025-02-02T03:00:08.182189+09:00,gs_db,YOMOGI,1 62298U 98067XE  25031.91880420  .00144226  00000+0  14896-2 0  9998,2 62298  51.6309 259.4356 0014142 174.2034 185.9127 15.63669878  8347
2025-02-02T09:00:33.601875+09:00,gs_db,YOMOGI,1 62298U 98067XE  25032.62175547  .00171591  00000+0  17497-2 0  9999,2 62298  51.6311 255.8799 0013991 177.2429 182.8645 15.63898354  8459
2025-02-02T15:00:09.130714+09:00,gs_db,YOMOGI,1 62298U 98067XE  25032.87734938  .00170604  00000+0  17342-2 0  9994,2 62298  51.6310 254.5862 0014008 178.4566 181.6474 15.63980788  8494
2025-02-02T21:00:25.52418+09:00,gs_db,YOMOGI,1 62298U 98067XE  25032.87734938  .00170604  00000+0  17342-2 0  9994,2 62298  51.6310 254.5862 0014008 178.4566 181.6474 15.63980788  8494
2025-02-03T03:00:07.654403+09:00,gs_db,YOMOGI,1 62298U 98067XE  25032.87734938  .00170604  00000+0  17342-2 0  9994,2 62298  51.6310 254.5862 0014008 178.4566 181.6474 15.63980788  8494
2025-02-03T09:00:40.356806+09:00,gs_db,YOMOGI,1 62298U 98067XE  25032.87734938  .00170604  00000+0  17342-2 0  9994,2 62298  51.6310 254.5862 0014008 178.4566 181.6474 15.63980788  8494
2025-02-03T15:00:13.044649+09:00,gs_db,YOMOGI,1 62298U 98067XE  25032.87734938  .00170604  00000+0  17342-2 0  9994,2 62298  51.6310 254.5862 0014008 178.4566 181.6474 15.63980788  8494
2025-02-03T21:00:25.740741+09:00,gs_db,YOMOGI,1 62298U 98067XE  25033.96346081  .00159804  00000+0  16040-2 0  9996,2 62298  51.6305 249.0884 0013812 183.2198 176.8710 15.64342301  8660
2025-02-04T03:00:12.222579+09:00,gs_db,YOMOGI,1 62298U 98067XE  25033.96346081  .00159804  00000+0  16040-2 0  9996,2 62298  51.6305 249.0884 0013812 183.2198 176.8710 15.64342301  8660
2025-02-04T09:00:24.723711+09:00,gs_db,YOMOGI,1 62298U 98067XE  25033.96346081  .00159804  00000+0  16040-2 0  9996,2 62298  51.6305 249.0884 0013812 183.2198 176.8710 15.64342301  8660
2025-02-04T15:00:13.684581+09:00,gs_db,YOMOGI,1 62298U 98067XE  25034.79385091  .00139371  00000+0  13889-2 0  9997,2 62298  51.6307 244.8836 0013746 187.4588 172.6204 15.64598985  8794
2025-02-04T21:00:22.441461+09:00,gs_db,YOMOGI,1 62298U 98067XE  25034.98546083  .00145757  00000+0  14478-2 0  9998,2 62298  51.6307 243.9128 0013678 188.1533 171.9242 15.64658910  8823
2025-02-05T03:00:10.888302+09:00,gs_db,YOMOGI,1 62298U 98067XE  25034.98546083  .00145757  00000+0  14478-2 0  9998,2 62298  51.6307 243.9128 0013678 188.1533 171.9242 15.64658910  8823
2025-02-05T09:00:36.932765+09:00,gs_db,YOMOGI,1 62298U 98067XE  25034.98546083  .00145757  00000+0  14478-2 0  9998,2 62298  51.6307 243.9128 0013678 188.1533 171.9242 15.64658910  8823
2025-02-05T15:00:12.255823+09:00,gs_db,YOMOGI,1 62298U 98067XE  25034.98546083  .00145757  00000+0  14478-2 0  9998,2 62298  51.6307 243.9128 0013678 188.1533 171.9242 15.64658910  8823
2025-02-05T21:00:27.702565+09:00,gs_db,YOMOGI,1 62298U 98067XE  25035.87954295  .00152527  00000+0  14972-2 0  9997,2 62298  51.6309 239.3827 0013447 192.4623 167.6041 15.64936257  8969
2025-02-06T03:00:08.540181+09:00,gs_db,YOMOGI,1 62298U 98067XE  25035.87954295  .00152527  00000+0  14972-2 0  9997,2 62298  51.6309 239.3827 0013447 192.4623 167.6041 15.64936257  8969
2025-02-06T09:00:27.897504+09:00,gs_db,YOMOGI,1 62298U 98067XE  25036.58192692  .00161213  00000+0  15672-2 0  9991,2 62298  51.6305 235.8239 0013234 195.8206 164.2378 15.65152014  9072
2025-02-06T15:00:09.741291+09:00,gs_db,YOMOGI,1 62298U 98067XE  25036.83731544  .00165437  00000+0  16023-2 0  9997,2 62298  51.6302 234.5292 0013234 197.1607 162.8943 15.65230296  9110
2025-02-06T21:00:25.952374+09:00,gs_db,YOMOGI,1 62298U 98067XE  25036.83731544  .00165437  00000+0  16023-2 0  9997,2 62298  51.6302 234.5292 0013234 197.1607 162.8943 15.65230296  9110
2025-02-07T03:00:10.992351+09:00,gs_db,YOMOGI,1 62298U 98067XE  25036.83731544  .00165437  00000+0  16023-2 0  9997,2 62298  51.6302 234.5292 0013234 197.1607 162.8943 15.65230296  9110
2025-02-07T09:00:51.355202+09:00,gs_db,YOMOGI,1 62298U 98067XE  25037.73107174  .00158838  00000+0  15228-2 0  9996,2 62298  51.6305 229.9977 0013025 201.7134 158.3310 15.65511902  9255
2025-02-07T15:00:09.008669+09:00,gs_db,YOMOGI,1 62298U 98067XE  25037.73107174  .00158838  00000+0  15228-2 0  9996,2 62298  51.6305 229.9977 0013025 201.7134 158.3310 15.65511902  9255
2025-02-07T21:00:26.492987+09:00,gs_db,YOMOGI,1 62298U 98067XE  25037.73107174  .00158838  00000+0  15228-2 0  9996,2 62298  51.6305 229.9977 0013025 201.7134 158.3310 15.65511902  9255
2025-02-08T03:00:08.007486+09:00,gs_db,YOMOGI,1 62298U 98067XE  25037.73107174  .00158838  00000+0  15228-2 0  9996,2 62298  51.6305 229.9977 0013025 201.7134 158.3310 15.65511902  9255
2025-02-08T09:00:46.350682+09:00,gs_db,YOMOGI,1 62298U 98067XE  25038.75230770  .00154356  00000+0  14621-2 0  9995,2 62298  51.6300 224.8172 0012688 206.6406 153.3939 15.65834301  9412
2025-02-08T15:00:09.548331+09:00,gs_db,YOMOGI,1 62298U 98067XE  25038.75230770  .00154356  00000+0  14621-2 0  9995,2 62298  51.6300 224.8172 0012688 206.6406 153.3939 15.65834301  9412
2025-02-08T21:00:34.662759+09:00,gs_db,YOMOGI,1 62298U 98067XE  25038.75230770  .00154356  00000+0  14621-2 0  9995,2 62298  51.6300 224.8172 0012688 206.6406 153.3939 15.65834301  9412
2025-02-09T03:00:08.990138+09:00,gs_db,YOMOGI,1 62298U 98067XE  25038.75230770  .00154356  00000+0  14621-2 0  9995,2 62298  51.6300 224.8172 0012688 206.6406 153.3939 15.65834301  9412
2025-02-09T09:00:49.423611+09:00,gs_db,YOMOGI,1 62298U 98067XE  25039.51810187  .00153391  00000+0  14401-2 0  9990,2 62298  51.6292 220.9315 0012523 210.6505 149.3760 15.66061783  9538
2025-02-09T15:00:10.626403+09:00,gs_db,YOMOGI,1 62298U 98067XE  25039.77334120  .00174468  00000+0  16275-2 0  9995,2 62298  51.6296 219.6354 0012526 211.9310 148.0927 15.66147712  9573
2025-02-09T21:00:34.105904+09:00,gs_db,YOMOGI,1 62298U 98067XE  25039.77334120  .00174468  00000+0  16275-2 0  9995,2 62298  51.6296 219.6354 0012526 211.9310 148.0927 15.66147712  9573
2025-02-10T03:00:10.673398+09:00,gs_db,YOMOGI,1 62298U 98067XE  25040.02856695  .00158176  00000+0  14742-2 0  9996,2 62298  51.6297 218.3394 0012463 213.1528 146.8688 15.66227718  9619
2025-02-10T09:00:32.190324+09:00,gs_db,YOMOGI,1 62298U 98067XE  25040.02856695  .00158176  00000+0  14742-2 0  9996,2 62298  51.6297 218.3394 0012463 213.1528 146.8688 15.66227718  9619
2025-02-10T15:00:13.580691+09:00,gs_db,YOMOGI,1 62298U 98067XE  25040.66657345  .00155153  00000+0  14352-2 0  9996,2 62298  51.6305 215.1005 0012276 216.7532 143.2623 15.66427941  9710
2025-02-10T21:00:28.897809+09:00,gs_db,YOMOGI,1 62298U 98067XE  25040.66657345  .00155153  00000+0  14352-2 0  9996,2 62298  51.6305 215.1005 0012276 216.7532 143.2623 15.66427941  9710
2025-02-11T03:00:09.73537+09:00,gs_db,YOMOGI,1 62298U 98067XE  25041.49584412  .00184243  00000+0  16761-2 0  9990,2 62298  51.6300 210.8877 0012045 220.8981 139.1112 15.66744419  9845
2025-02-11T09:00:35.104691+09:00,gs_db,YOMOGI,1 62298U 98067XE  25041.49584412  .00184243  00000+0  16761-2 0  9990,2 62298  51.6300 210.8877 0012045 220.8981 139.1112 15.66744419  9845
2025-02-11T15:00:10.62027+09:00,gs_db,YOMOGI,1 62298U 98067XE  25041.49584412  .00184243  00000+0  16761-2 0  9990,2 62298  51.6300 210.8877 0012045 220.8981 139.1112 15.66744419  9845
2025-02-11T21:00:22.405923+09:00,gs_db,YOMOGI,1 62298U 98067XE  25041.87852914  .00170221  00000+0  15431-2 0  9991,2 62298  51.6299 208.9422 0012042 222.7500 137.2560 15.66879266  9903
2025-02-12T03:00:11.133252+09:00,gs_db,YOMOGI,1 62298U 98067XE  25041.87852914  .00170221  00000+0  15431-2 0  9991,2 62298  51.6299 208.9422 0012042 222.7500 137.2560 15.66879266  9903
2025-02-12T09:00:28.487774+09:00,gs_db,YOMOGI,1 62298U 98067XE  25042.51626552  .00183718  00000+0  16472-2 0  9991,2 62298  51.6298 205.7010 0011838 226.0461 133.9559 15.67108645 10006
2025-02-12T15:00:12.540724+09:00,gs_db,YOMOGI,1 62298U 98067XE  25042.70756827  .00176915  00000+0  15836-2 0  9995,2 62298  51.6298 204.7282 0011731 227.3030 132.6979 15.67173720 10035
2025-02-12T21:00:28.077238+09:00,gs_db,YOMOGI,1 62298U 98067XE  25042.70756827  .00176915  00000+0  15836-2 0  9995,2 62298  51.6298 204.7282 0011731 227.3030 132.6979 15.67173720 10035
2025-02-13T03:00:11.512756+09:00,gs_db,YOMOGI,1 62298U 98067XE  25042.70756827  .00176915  00000+0  15836-2 0  9995,2 62298  51.6298 204.7282 0011731 227.3030 132.6979 15.67173720 10035
2025-02-13T09:00:36.497354+09:00,gs_db,YOMOGI,1 62298U 98067XE  25043.47270100  .00174312  00000+0  15448-2 0  9993,2 62298  51.6297 200.8374 0011523 231.3425 128.6540 15.67431487 10154
2025-02-13T15:00:13.657326+09:00,gs_db,YOMOGI,1 62298U 98067XE  25043.66396400  .00173742  00000+0  15358-2 0  9992,2 62298  51.6299 199.8648 0011481 232.2893 127.7063 15.67497218 10186
2025-02-13T15:57:56.912372+09:00,gs_db,YOMOGI,1 62298U 98067XE  25043.66396400  .00173742  00000+0  15358-2 0  9992,2 62298  51.6299 199.8648 0011481 232.2893 127.7063 15.67497218 10186
2025-02-13T21:00:24.539525+09:00,gs_db,YOMOGI,1 62298U 98067XE  25043.66396400  .00173742  00000+0  15358-2 0  9992,2 62298  51.6299 199.8648 0011481 232.2893 127.7063 15.67497218 10186
2025-02-14T03:00:09.980907+09:00,gs_db,YOMOGI,1 62298U 98067XE  25043.66396400  .00173742  00000+0  15358-2 0  9992,2 62298  51.6299 199.8648 0011481 232.2893 127.7063 15.67497218 10186
2025-02-14T09:00:28.7062+09:00,gs_db,YOMOGI,1 62298U 98067XE  25044.55642275  .00189015  00000+0  16467-2 0  9997,2 62298  51.6302 195.3246 0011276 237.5947 122.3959 15.67805751 10322
2025-02-14T15:00:11.971271+09:00,gs_db,YOMOGI,1 62298U 98067XE  25044.81137798  .00186039  00000+0  16155-2 0  9992,2 62298  51.6303 194.0266 0011231 239.1661 120.8231 15.67896206 10368
2025-02-14T21:00:25.44679+09:00,gs_db,YOMOGI,1 62298U 98067XE  25044.81137798  .00186039  00000+0  16155-2 0  9992,2 62298  51.6303 194.0266 0011231 239.1661 120.8231 15.67896206 10368
2025-02-15T03:00:10.107217+09:00,gs_db,YOMOGI,1 62298U 98067XE  25045.38496881  .00206529  00000+0  17721-2 0  9993,2 62298  51.6303 191.1077 0011038 242.7670 117.2202 15.68124527 10450
2025-02-15T09:00:35.172555+09:00,gs_db,YOMOGI,1 62298U 98067XE  25045.38496881  .00206529  00000+0  17721-2 0  9993,2 62298  51.6303 191.1077 0011038 242.7670 117.2202 15.68124527 10450
2025-02-15T15:00:09.788674+09:00,gs_db,YOMOGI,1 62298U 98067XE  25045.38496881  .00206529  00000+0  17721-2 0  9993,2 62298  51.6303 191.1077 0011038 242.7670 117.2202 15.68124527 10450
2025-02-15T21:00:32.127592+09:00,gs_db,YOMOGI,1 62298U 98067XE  25045.38496881  .00206529  00000+0  17721-2 0  9993,2 62298  51.6303 191.1077 0011038 242.7670 117.2202 15.68124527 10450
2025-02-16T03:00:11.051117+09:00,gs_db,YOMOGI,1 62298U 98067XE  25046.40447331  .00224608  00000+0  18894-2 0  9993,2 62298  51.6299 185.9147 0010877 248.1246 111.8594 15.68552662 10619
2025-02-16T09:00:44.647591+09:00,gs_db,YOMOGI,1 62298U 98067XE  25046.59559936  .00211582  00000+0  17774-2 0  9991,2 62298  51.6300 184.9410 0010868 249.2406 110.7426 15.68627737 10645
2025-02-16T15:00:11.31133+09:00,gs_db,YOMOGI,1 62298U 98067XE  25046.59559936  .00211582  00000+0  17774-2 0  9991,2 62298  51.6300 184.9410 0010868 249.2406 110.7426 15.68627737 10645
2025-02-16T21:00:26.717688+09:00,gs_db,YOMOGI,1 62298U 98067XE  25046.59559936  .00211582  00000+0  17774-2 0  9991,2 62298  51.6300 184.9410 0010868 249.2406 110.7426 15.68627737 10645
2025-02-17T03:00:15.497334+09:00,gs_db,YOMOGI,1 62298U 98067XE  25047.36000157  .00227424  00000+0  18800-2 0  9996,2 62298  51.6302 181.0452 0010738 253.9635 106.0180 15.68970111 10768
2025-02-17T09:00:30.020779+09:00,gs_db,YOMOGI,1 62298U 98067XE  25047.61476561  .00214594  00000+0  17691-2 0  9991,2 62298  51.6306 179.7460 0010758 255.2721 104.7084 15.69076936 10804
2025-02-17T15:00:09.416687+09:00,gs_db,YOMOGI,1 62298U 98067XE  25047.61476561  .00214594  00000+0  17691-2 0  9991,2 62298  51.6306 179.7460 0010758 255.2721 104.7084 15.69076936 10804
2025-02-17T21:00:25.273633+09:00,gs_db,YOMOGI,1 62298U 98067XE  25047.61476561  .00214594  00000+0  17691-2 0  9991,2 62298  51.6306 179.7460 0010758 255.2721 104.7084 15.69076936 10804
2025-02-18T03:00:11.885628+09:00,gs_db,YOMOGI,1 62298U 98067XE  25048.50629685  .00229093  00000+0  18543-2 0  9994,2 62298  51.6294 175.1987 0010698 261.0774  98.9012 15.69476151 10943
2025-02-18T09:00:29.227607+09:00,gs_db,YOMOGI,1 62298U 98067XE  25048.50629685  .00229093  00000+0  18543-2 0  9994,2 62298  51.6294 175.1987 0010698 261.0774  98.9012 15.69476151 10943
2025-02-18T15:00:16.171257+09:00,gs_db,YOMOGI,1 62298U 98067XE  25048.76097805  .00217495  00000+0  17551-2 0  9996,2 62298  51.6299 173.8997 0010568 261.9594  98.0204 15.69587741 10985
2025-02-18T21:00:29.728453+09:00,gs_db,YOMOGI,1 62298U 98067XE  25048.76097805  .00217495  00000+0  17551-2 0  9996,2 62298  51.6299 173.8997 0010568 261.9594  98.0204 15.69587741 10985
2025-02-19T03:00:10.226603+09:00,gs_db,YOMOGI,1 62298U 98067XE  25049.33394086  .00250388  00000+0  19891-2 0  9998,2 62298  51.6301 170.9756 0010469 265.6703  94.3098 15.69864409 11073
2025-02-19T09:00:43.93968+09:00,gs_db,YOMOGI,1 62298U 98067XE  25049.52490636  .00212961  00000+0  16945-2 0  9999,2 62298  51.6302 170.0009 0010440 266.7793  93.2010 15.69943145 11107
2025-02-19T15:00:12.669862+09:00,gs_db,YOMOGI,1 62298U 98067XE  25049.52490636  .00212961  00000+0  16945-2 0  9999,2 62298  51.6302 170.0009 0010440 266.7793  93.2010 15.69943145 11107
2025-02-19T21:00:31.693411+09:00,gs_db,YOMOGI,1 62298U 98067XE  25050.03409751  .00218811  00000+0  17233-2 0  9996,2 62298  51.6293 167.4006 0010366 270.4993  89.4817 15.70172105 11186
2025-02-20T03:00:16.570384+09:00,gs_db,YOMOGI,1 62298U 98067XE  25050.47957587  .00271734  00000+0  21050-2 0  9994,2 62298  51.6290 165.1252 0010310 273.1209  86.8609 15.70406487 11251
2025-02-20T09:00:33.458849+09:00,gs_db,YOMOGI,1 62298U 98067XE  25050.60684356  .00249198  00000+0  19315-2 0  9990,2 62298  51.6290 164.4751 0010291 273.7973  86.1847 15.70462171 11270
2025-02-20T15:00:11.160372+09:00,gs_db,YOMOGI,1 62298U 98067XE  25050.60684356  .00249198  00000+0  19315-2 0  9990,2 62298  51.6290 164.4751 0010291 273.7973  86.1847 15.70462171 11270
2025-02-20T21:00:33.142288+09:00,gs_db,YOMOGI,1 62298U 98067XE  25050.60684356  .00249198  00000+0  19315-2 0  9990,2 62298  51.6290 164.4751 0010291 273.7973  86.1847 15.70462171 11270
2025-02-21T03:00:13.298865+09:00,gs_db,YOMOGI,1 62298U 98067XE  25050.60684356  .00249198  00000+0  19315-2 0  9990,2 62298  51.6290 164.4751 0010291 273.7973  86.1847 15.70462171 11270
2025-02-21T09:00:41.081878+09:00,gs_db,YOMOGI,1 62298U 98067XE  25051.56119469  .00219457  00000+0  16758-2 0  9997,2 62298  51.6285 159.5974 0010213 279.6704  80.3139 15.70912113 11420
2025-02-21T15:00:17.868006+09:00,gs_db,YOMOGI,1 62298U 98067XE  25051.75203192  .00219380  00000+0  16689-2 0  9993,2 62298  51.6285 158.6216 0010178 280.8096  79.1756 15.71002798 11451
2025-02-21T21:00:28.903078+09:00,gs_db,YOMOGI,1 62298U 98067XE  25051.75203192  .00219380  00000+0  16689-2 0  9993,2 62298  51.6285 158.6216 0010178 280.8096  79.1756 15.71002798 11451
2025-02-22T03:00:12.472789+09:00,gs_db,YOMOGI,1 62298U 98067XE  25051.75203192  .00219380  00000+0  16689-2 0  9993,2 62298  51.6285 158.6216 0010178 280.8096  79.1756 15.71002798 11451
2025-02-22T09:00:33.52619+09:00,gs_db,YOMOGI,1 62298U 98067XE  25052.51527946  .00224421  00000+0  16821-2 0  9994,2 62298  51.6282 154.7182 0010114 285.7207  74.2675 15.71341435 11578
2025-02-22T15:00:12.113071+09:00,gs_db,YOMOGI,1 62298U 98067XE  25052.70606494  .00220795  00000+0  16496-2 0  9999,2 62298  51.6282 153.7423 0010124 286.9549  73.0339 15.71429188 11608
2025-02-22T21:00:26.564021+09:00,gs_db,YOMOGI,1 62298U 98067XE  25052.70606494  .00220795  00000+0  16496-2 0  9999,2 62298  51.6282 153.7423 0010124 286.9549  73.0339 15.71429188 11608
2025-02-23T03:00:11.403529+09:00,gs_db,YOMOGI,1 62298U 98067XE  25053.46909783  .00243003  00000+0  17826-2 0  9995,2 62298  51.6283 149.8372 0010126 291.5783  68.4136 15.71795095 11721
2025-02-23T09:00:31.625866+09:00,gs_db,YOMOGI,1 62298U 98067XE  25053.46909783  .00243003  00000+0  17826-2 0  9995,2 62298  51.6283 149.8372 0010126 291.5783  68.4136 15.71795095 11721
2025-02-23T15:00:14.612627+09:00,gs_db,YOMOGI,1 62298U 98067XE  25053.46909783  .00243003  00000+0  17826-2 0  9995,2 62298  51.6283 149.8372 0010126 291.5783  68.4136 15.71795095 11721
2025-02-23T21:00:24.657704+09:00,gs_db,YOMOGI,1 62298U 98067XE  25053.46909783  .00243003  00000+0  17826-2 0  9995,2 62298  51.6283 149.8372 0010126 291.5783  68.4136 15.71795095 11721
2025-02-24T03:00:12.565823+09:00,gs_db,YOMOGI,1 62298U 98067XE  25054.48619205  .00253527  00000+0  18178-2 0  9998,2 62298  51.6289 144.6288 0010019 298.0850  61.9135 15.72304517 11884
2025-02-24T09:00:42.080385+09:00,gs_db,YOMOGI,1 62298U 98067XE  25054.48619205  .00253527  00000+0  18178-2 0  9998,2 62298  51.6289 144.6288 0010019 298.0850  61.9135 15.72304517 11884
2025-02-24T15:00:10.988325+09:00,gs_db,YOMOGI,1 62298U 98067XE  25054.48619205  .00253527  00000+0  18178-2 0  9998,2 62298  51.6289 144.6288 0010019 298.0850  61.9135 15.72304517 11884
2025-02-24T21:00:31.446363+09:00,gs_db,YOMOGI,1 62298U 98067XE  25054.61330534  .00246430  00000+0  17638-2 0  9993,2 62298  51.6287 143.9776 0010023 298.7438  61.2552 15.72367415 11905
2025-02-25T00:44:46.246462+09:00,gs_db,YOMOGI,1 62298U 98067XE  25054.61330534  .00246430  00000+0  17638-2 0  9993,2 62298  51.6287 143.9776 0010023 298.7438  61.2552 15.72367415 11905
2025-02-25T03:00:11.350832+09:00,gs_db,YOMOGI,1 62298U 98067XE  25055.50295037  .00278142  00000+0  19434-2 0  9991,2 62298  51.6288 139.4178 0010004 304.0267  55.9780 15.72839521 12043
2025-02-25T09:00:32.183765+09:00,gs_db,YOMOGI,1 62298U 98067XE  25055.50295037  .00278142  00000+0  19434-2 0  9991,2 62298  51.6288 139.4178 0010004 304.0267  55.9780 15.72839521 12043
2025-02-25T15:00:09.901019+09:00,gs_db,YOMOGI,1 62298U 98067XE  25055.50295037  .00278142  00000+0  19434-2 0  9991,2 62298  51.6288 139.4178 0010004 304.0267  55.9780 15.72839521 12043
2025-02-25T15:58:35.55144+09:00,gs_db,YOMOGI,1 62298U 98067XE  25055.75708513  .00271113  00000+0  18849-2 0  9996,2 62298  51.6289 138.1146 0010006 305.4706  54.5358 15.72976774 12082
2025-02-25T21:00:23.802599+09:00,gs_db,YOMOGI,1 62298U 98067XE  25055.75708513  .00271113  00000+0  18849-2 0  9996,2 62298  51.6289 138.1146 0010006 305.4706  54.5358 15.72976774 12082
2025-02-26T03:00:12.117461+09:00,gs_db,YOMOGI,1 62298U 98067XE  25056.26528546  .00293696  00000+0  20108-2 0  9990,2 62298  51.6284 135.5082 0010018 308.4281  51.5818 15.73269665 12163
2025-02-26T09:00:31.063363+09:00,gs_db,YOMOGI,1 62298U 98067XE  25056.26528546  .00293696  00000+0  20108-2 0  9990,2 62298  51.6284 135.5082 0010018 308.4281  51.5818 15.73269665 12163
2025-02-26T15:00:15.13451+09:00,gs_db,YOMOGI,1 62298U 98067XE  25056.26528546  .00293696  00000+0  20108-2 0  9990,2 62298  51.6284 135.5082 0010018 308.4281  51.5818 15.73269665 12163
2025-02-27T03:00:14.689472+09:00,gs_db,YOMOGI,1 62298U 98067XE  25057.47189252  .00300668  00000+0  19980-2 0  9995,2 62298  51.6277 129.3145 0009913 314.8927  45.1267 15.73946262 12359
2025-02-27T03:11:37.905454+09:00,gs_db,YOMOGI,1 62298U 98067XE  25057.47189252  .00300668  00000+0  19980-2 0  9995,2 62298  51.6277 129.3145 0009913 314.8927  45.1267 15.73946262 12359
2025-02-27T09:00:35.120286+09:00,gs_db,YOMOGI,1 62298U 98067XE  25057.47189252  .00300668  00000+0  19980-2 0  9995,2 62298  51.6277 129.3145 0009913 314.8927  45.1267 15.73946262 12359
2025-02-27T15:00:12.597166+09:00,gs_db,YOMOGI,1 62298U 98067XE  25057.47189252  .00300668  00000+0  19980-2 0  9995,2 62298  51.6277 129.3145 0009913 314.8927  45.1267 15.73946262 12359
2025-02-27T21:00:38.544142+09:00,gs_db,YOMOGI,1 62298U 98067XE  25057.47189252  .00300668  00000+0  19980-2 0  9995,2 62298  51.6277 129.3145 0009913 314.8927  45.1267 15.73946262 12359
2025-02-28T03:00:09.511523+09:00,gs_db,YOMOGI,1 62298U 98067XE  25058.55103509  .00326165  00000+0  21011-2 0  9994,2 62298  51.6270 123.7696 0009906 320.8080  39.2201 15.74593333 12529
2025-02-28T09:00:31.328667+09:00,gs_db,YOMOGI,1 62298U 98067XE  25058.55103509  .00326165  00000+0  21011-2 0  9994,2 62298  51.6270 123.7696 0009906 320.8080  39.2201 15.74593333 12529
2025-02-28T15:00:15.083806+09:00,gs_db,YOMOGI,1 62298U 98067XE  25058.55103509  .00326165  00000+0  21011-2 0  9994,2 62298  51.6270 123.7696 0009906 320.8080  39.2201 15.74593333 12529
2025-02-28T21:00:31.778794+09:00,gs_db,YOMOGI,1 62298U 98067XE  25058.55103509  .00326165  00000+0  21011-2 0  9994,2 62298  51.6270 123.7696 0009906 320.8080  39.2201 15.74593333 12529
2025-03-01T03:00:11.554794+09:00,gs_db,YOMOGI,1 62298U 98067XE  25058.55103509  .00326165  00000+0  21011-2 0  9994,2 62298  51.6270 123.7696 0009906 320.8080  39.2201 15.74593333 12529
2025-03-01T09:00:45.408726+09:00,gs_db,YOMOGI,1 62298U 98067XE  25059.43939895  .00333396  00000+0  20948-2 0  9999,2 62298  51.6263 119.2006 0009786 325.1880  34.8478 15.75148701 12666
2025-03-01T15:00:16.156584+09:00,gs_db,YOMOGI,1 62298U 98067XE  25059.43939895  .00333396  00000+0  20948-2 0  9999,2 62298  51.6263 119.2006 0009786 325.1880  34.8478 15.75148701 12666
2025-03-01T21:00:28.50366+09:00,gs_db,YOMOGI,1 62298U 98067XE  25060.13718363  .00314554  00000+0  19453-2 0  9997,2 62298  51.6261 115.6088 0009748 328.6687  31.3731 15.75566080 12775
2025-03-02T03:00:12.130217+09:00,gs_db,YOMOGI,1 62298U 98067XE  25060.51771528  .00284812  00000+0  17514-2 0  9990,2 62298  51.6254 113.6492 0009709 330.7865  29.2590 15.75780470 12830
2025-03-02T09:00:36.635079+09:00,gs_db,YOMOGI,1 62298U 98067XE  25060.51771528  .00284812  00000+0  17514-2 0  9990,2 62298  51.6254 113.6492 0009709 330.7865  29.2590 15.75780470 12830
2025-03-02T15:00:10.663427+09:00,gs_db,YOMOGI,1 62298U 98067XE  25060.51771528  .00284812  00000+0  17514-2 0  9990,2 62298  51.6254 113.6492 0009709 330.7865  29.2590 15.75780470 12830
2025-03-02T21:00:27.483892+09:00,gs_db,YOMOGI,1 62298U 98067XE  25060.51771528  .00284812  00000+0  17514-2 0  9990,2 62298  51.6254 113.6492 0009709 330.7865  29.2590 15.75780470 12830
2025-03-03T03:00:11.005919+09:00,gs_db,YOMOGI,1 62298U 98067XE  25061.34203051  .00267729  00000+0  16185-2 0  9994,2 62298  51.6244 109.4018 0009540 334.6504  25.4027 15.76219880 12962
2025-03-03T09:00:32.354998+09:00,gs_db,YOMOGI,1 62298U 98067XE  25061.34203051  .00267729  00000+0  16185-2 0  9994,2 62298  51.6244 109.4018 0009540 334.6504  25.4027 15.76219880 12962
2025-03-03T15:00:13.712995+09:00,gs_db,YOMOGI,1 62298U 98067XE  25061.34203051  .00267729  00000+0  16185-2 0  9994,2 62298  51.6244 109.4018 0009540 334.6504  25.4027 15.76219880 12962
2025-03-03T21:00:27.620128+09:00,gs_db,YOMOGI,1 62298U 98067XE  25061.34203051  .00267729  00000+0  16185-2 0  9994,2 62298  51.6244 109.4018 0009540 334.6504  25.4027 15.76219880 12962
2025-03-04T03:00:11.232001+09:00,gs_db,YOMOGI,1 62298U 98067XE  25062.48303186  .00245797  00000+0  14541-2 0  9995,2 62298  51.6248 103.5200 0009438 340.9374  19.1271 15.76774592 13143
2025-03-04T09:00:53.782099+09:00,gs_db,YOMOGI,1 62298U 98067XE  25062.48303186  .00245797  00000+0  14541-2 0  9995,2 62298  51.6248 103.5200 0009438 340.9374  19.1271 15.76774592 13143
2025-03-04T15:00:09.710253+09:00,gs_db,YOMOGI,1 62298U 98067XE  25062.48303186  .00245797  00000+0  14541-2 0  9995,2 62298  51.6248 103.5200 0009438 340.9374  19.1271 15.76774592 13143
2025-03-04T20:53:10.790322+09:00,gs_db,YOMOGI,1 62298U 98067XE  25063.11674466  .00254341  00000+0  14820-2 0  9993,2 62298  51.6243 100.2507 0009312 343.9163  16.1541 15.77094125 13248
2025-03-04T21:00:48.617128+09:00,gs_db,YOMOGI,1 62298U 98067XE  25063.11674466  .00254341  00000+0  14820-2 0  9993,2 62298  51.6243 100.2507 0009312 343.9163  16.1541 15.77094125 13248
2025-03-05T03:00:10.146546+09:00,gs_db,YOMOGI,1 62298U 98067XE  25063.11674466  .00254341  00000+0  14820-2 0  9993,2 62298  51.6243 100.2507 0009312 343.9163  16.1541 15.77094125 13248
2025-03-05T09:00:58.320925+09:00,gs_db,YOMOGI,1 62298U 98067XE  25063.37019312  .00260181  00000+0  15060-2 0  9990,2 62298  51.6250  98.9421 0009187 345.0292  15.0435 15.77228571 13288
2025-03-05T15:00:11.960501+09:00,gs_db,YOMOGI,1 62298U 98067XE  25063.37019312  .00260181  00000+0  15060-2 0  9990,2 62298  51.6250  98.9421 0009187 345.0292  15.0435 15.77228571 13288
2025-03-05T21:00:35.27412+09:00,gs_db,YOMOGI,1 62298U 98067XE  25063.37019312  .00260181  00000+0  15060-2 0  9990,2 62298  51.6250  98.9421 0009187 345.0292  15.0435 15.77228571 13288
2025-03-06T03:00:12.67174+09:00,gs_db,YOMOGI,1 62298U 98067XE  25064.44710703  .00317014  00000+0  17737-2 0  9992,2 62298  51.6245  93.3809 0009105 349.8171  10.2644 15.77833922 13459
2025-03-06T09:00:44.703719+09:00,gs_db,YOMOGI,1 62298U 98067XE  25064.44710703  .00317014  00000+0  17737-2 0  9992,2 62298  51.6245  93.3809 0009105 349.8171  10.2644 15.77833922 13459
2025-03-06T15:00:09.326415+09:00,gs_db,YOMOGI,1 62298U 98067XE  25064.44710703  .00317014  00000+0  17737-2 0  9992,2 62298  51.6245  93.3809 0009105 349.8171  10.2644 15.77833922 13459
2025-03-06T21:00:37.65632+09:00,gs_db,YOMOGI,1 62298U 98067XE  25065.14370786  .00287282  00000+0  15853-2 0  9993,2 62298  51.6245  89.7818 0008901 353.1384   6.9493 15.78226795 13566
2025-03-07T03:00:10.345802+09:00,gs_db,YOMOGI,1 62298U 98067XE  25065.14370786  .00287282  00000+0  15853-2 0  9993,2 62298  51.6245  89.7818 0008901 353.1384   6.9493 15.78226795 13566
2025-03-07T09:01:02.974246+09:00,gs_db,YOMOGI,1 62298U 98067XE  25065.46028644  .00276273  00000+0  15147-2 0  9995,2 62298  51.6242  88.1458 0008813 355.0071   5.0840 15.78402689 13612
2025-03-07T15:00:14.66623+09:00,gs_db,YOMOGI,1 62298U 98067XE  25065.46028644  .00276273  00000+0  15147-2 0  9995,2 62298  51.6242  88.1458 0008813 355.0071   5.0840 15.78402689 13612
2025-03-07T18:41:57.374212+09:00,gs_db,YOMOGI,1 62298U 98067XE  25065.46028644  .00276273  00000+0  15147-2 0  9995,2 62298  51.6242  88.1458 0008813 355.0071   5.0840 15.78402689 13612
2025-03-07T18:45:50.536634+09:00,gs_db,YOMOGI,1 62298U 98067XE  25065.46028644  .00276273  00000+0  15147-2 0  9995,2 62298  51.6242  88.1458 0008813 355.0071   5.0840 15.78402689 13612
2025-03-07T21:00:29.603372+09:00,gs_db,YOMOGI,1 62298U 98067XE  25065.46028644  .00276273  00000+0  15147-2 0  9995,2 62298  51.6242  88.1458 0008813 355.0071   5.0840 15.78402689 13612
2025-03-08T03:00:11.608272+09:00,gs_db,YOMOGI,1 62298U 98067XE  25066.40981179  .00283072  00000+0  15141-2 0  9990,2 62298  51.6238  83.2358 0008726   0.7865 359.3148 15.78933659 13768
2025-03-08T09:00:25.534741+09:00,gs_db,YOMOGI,1 62298U 98067XE  25066.40981179  .00283072  00000+0  15141-2 0  9990,2 62298  51.6238  83.2358 0008726   0.7865 359.3148 15.78933659 13768
2025-03-08T15:00:09.373811+09:00,gs_db,YOMOGI,1 62298U 98067XE  25066.40981179  .00283072  00000+0  15141-2 0  9990,2 62298  51.6238  83.2358 0008726   0.7865 359.3148 15.78933659 13768
2025-03-08T21:00:38.49628+09:00,gs_db,YOMOGI,1 62298U 98067XE  25067.10592255  .00304191  00000+0  15932-2 0  9995,2 62298  51.6240  79.6323 0008415   4.1089 355.9980 15.79344547 13874
2025-03-09T03:00:10.116913+09:00,gs_db,YOMOGI,1 62298U 98067XE  25067.10592255  .00304191  00000+0  15932-2 0  9995,2 62298  51.6240  79.6323 0008415   4.1089 355.9980 15.79344547 13874
2025-03-09T09:00:29.003781+09:00,gs_db,YOMOGI,1 62298U 98067XE  25067.23246868  .00283844  00000+0  14856-2 0  9990,2 62298  51.6243  78.9774 0008446   4.9884 355.1200 15.79414822 13897
2025-03-09T15:00:14.10202+09:00,gs_db,YOMOGI,1 62298U 98067XE  25067.23246868  .00283844  00000+0  14856-2 0  9990,2 62298  51.6243  78.9774 0008446   4.9884 355.1200 15.79414822 13897
2025-03-09T21:00:30.122842+09:00,gs_db,YOMOGI,1 62298U 98067XE  25068.05486212  .00344343  00000+0  17461-2 0  9997,2 62298  51.6242  74.7164 0008083   9.4879 350.6274 15.79951999 14022
2025-03-10T03:00:13.396129+09:00,gs_db,YOMOGI,1 62298U 98067XE  25068.30784459  .00400910  00000+0  20002-2 0  9997,2 62298  51.6245  73.4043 0007963  11.2062 348.9116 15.80159815 14066
2025-03-10T09:00:44.164188+09:00,gs_db,YOMOGI,1 62298U 98067XE  25068.30784459  .00400910  00000+0  20002-2 0  9997,2 62298  51.6245  73.4043 0007963  11.2062 348.9116 15.80159815 14066
2025-03-10T15:00:14.241711+09:00,gs_db,YOMOGI,1 62298U 98067XE  25068.30784459  .00400910  00000+0  20002-2 0  9997,2 62298  51.6245  73.4043 0007963  11.2062 348.9116 15.80159815 14066
2025-03-10T21:00:40.605283+09:00,gs_db,YOMOGI,1 62298U 98067XE  25069.06660688  .00385480  00000+0  18770-2 0  9991,2 62298  51.6241  69.4692 0007591  14.2420 345.8795 15.80735038 14184
2025-03-11T03:00:09.759773+09:00,gs_db,YOMOGI,1 62298U 98067XE  25069.25625646  .00346412  00000+0  16856-2 0  9992,2 62298  51.6241  68.4851 0007509  15.3990 344.7239 15.80853273 14210
2025-03-11T09:00:44.366469+09:00,gs_db,YOMOGI,1 62298U 98067XE  25069.25625646  .00346412  00000+0  16856-2 0  9992,2 62298  51.6241  68.4851 0007509  15.3990 344.7239 15.80853273 14210
2025-03-11T15:00:14.7054+09:00,gs_db,YOMOGI,1 62298U 98067XE  25069.69871393  .00321554  00000+0  15488-2 0  9992,2 62298  51.6236  66.1901 0007483  18.0123 342.1143 15.81139981 14281
2025-03-11T21:00:26.009407+09:00,gs_db,YOMOGI,1 62298U 98067XE  25069.69871393  .00321554  00000+0  15488-2 0  9992,2 62298  51.6236  66.1901 0007483  18.0123 342.1143 15.81139981 14281
2025-03-12T03:00:10.778603+09:00,gs_db,YOMOGI,1 62298U 98067XE  25070.26746551  .00346984  00000+0  16367-2 0  9995,2 62298  51.6231  63.2367 0007148  20.3391 339.7894 15.81528891 14378
2025-03-12T09:00:33.13888+09:00,gs_db,YOMOGI,1 62298U 98067XE  25070.26746551  .00346984  00000+0  16367-2 0  9995,2 62298  51.6231  63.2367 0007148  20.3391 339.7894 15.81528891 14378
2025-03-12T15:00:16.841395+09:00,gs_db,YOMOGI,1 62298U 98067XE  25070.26746551  .00346984  00000+0  16367-2 0  9995,2 62298  51.6231  63.2367 0007148  20.3391 339.7894 15.81528891 14378
2025-03-12T21:00:44.281174+09:00,gs_db,YOMOGI,1 62298U 98067XE  25070.26746551  .00346984  00000+0  16367-2 0  9995,2 62298  51.6231  63.2367 0007148  20.3391 339.7894 15.81528891 14378
2025-03-13T03:00:12.121857+09:00,gs_db,YOMOGI,1 62298U 98067XE  25071.21505825  .00418392  00000+0  18926-2 0  9994,2 62298  51.6235  58.3117 0006708  25.9386 334.1952 15.82249757 14529
2025-03-13T09:00:31.217826+09:00,gs_db,YOMOGI,1 62298U 98067XE  25071.21505825  .00418392  00000+0  18926-2 0  9994,2 62298  51.6235  58.3117 0006708  25.9386 334.1952 15.82249757 14529
2025-03-13T15:00:11.511966+09:00,gs_db,YOMOGI,1 62298U 98067XE  25071.21505825  .00418392  00000+0  18926-2 0  9994,2 62298  51.6235  58.3117 0006708  25.9386 334.1952 15.82249757 14529
2025-03-13T17:25:41.234391+09:00,gs_db,YOMOGI,1 62298U 98067XE  25072.22528644  .00548760  00000+0  23351-2 0  9991,2 62298  51.6231  53.0543 0006103  31.4218 328.7149 15.83230919 14680
2025-03-13T21:00:37.525848+09:00,gs_db,YOMOGI,1 62298U 98067XE  25072.22528644  .00548760  00000+0  23351-2 0  9991,2 62298  51.6231  53.0543 0006103  31.4218 328.7149 15.83230919 14680
2025-03-14T03:00:11.305398+09:00,gs_db,YOMOGI,1 62298U 98067XE  25072.22528644  .00548760  00000+0  23351-2 0  9991,2 62298  51.6231  53.0543 0006103  31.4218 328.7149 15.83230919 14680
2025-03-14T09:00:34.166138+09:00,gs_db,YOMOGI,1 62298U 98067XE  25072.22528644  .00548760  00000+0  23351-2 0  9991,2 62298  51.6231  53.0543 0006103  31.4218 328.7149 15.83230919 14680
2025-03-14T15:00:15.885195+09:00,gs_db,YOMOGI,1 62298U 98067XE  25072.22528648  .00541201  00000+0  23055-2 0  9999,2 62298  51.6237  53.0538 0006115  31.6507 328.4862 15.83226104 14686
2025-03-14T21:00:28.951034+09:00,gs_db,YOMOGI,1 62298U 98067XE  25073.17179309  .00536660  00000+0  21880-2 0  9997,2 62298  51.6234  48.1220 0005571  37.8729 322.2665 15.84169270 14836
2025-03-15T03:00:15.619685+09:00,gs_db,YOMOGI,1 62298U 98067XE  25073.17179309  .00536660  00000+0  21880-2 0  9997,2 62298  51.6234  48.1220 0005571  37.8729 322.2665 15.84169270 14836
2025-03-15T09:00:41.454298+09:00,gs_db,YOMOGI,1 62298U 98067XE  25073.29795094  .00539625  00000+0  21858-2 0  9994,2 62298  51.6233  47.4637 0005489  38.7109 321.4287 15.84299498 14858
2025-03-15T15:00:15.054434+09:00,gs_db,YOMOGI,1 62298U 98067XE  25073.29795094  .00539625  00000+0  21858-2 0  9994,2 62298  51.6233  47.4637 0005489  38.7109 321.4287 15.84299498 14858
2025-03-15T21:00:31.373677+09:00,gs_db,YOMOGI,1 62298U 98067XE  25074.18077329  .00547019  00000+0  21216-2 0  9991,2 62298  51.6228  42.8565 0004873  45.7491 314.3912 15.85193270 14992
2025-03-16T03:00:11.819163+09:00,gs_db,YOMOGI,1 62298U 98067XE  25074.30684904  .00567574  00000+0  21814-2 0  9990,2 62298  51.6229  42.1979 0004780  46.9267 313.2136 15.85332893 15012
2025-03-16T09:00:54.661323+09:00,gs_db,YOMOGI,1 62298U 98067XE  25074.30684904  .00567574  00000+0  21814-2 0  9990,2 62298  51.6229  42.1979 0004780  46.9267 313.2136 15.85332893 15012
2025-03-16T15:00:12.833282+09:00,gs_db,YOMOGI,1 62298U 98067XE  25074.30684904  .00567574  00000+0  21814-2 0  9990,2 62298  51.6229  42.1979 0004780  46.9267 313.2136 15.85332893 15012
2025-03-16T21:00:38.688192+09:00,gs_db,YOMOGI,1 62298U 98067XE  25074.30684904  .00567574  00000+0  21814-2 0  9990,2 62298  51.6229  42.1979 0004780  46.9267 313.2136 15.85332893 15012
2025-03-17T03:00:13.881226+09:00,gs_db,YOMOGI,1 62298U 98067XE  25075.18907781  .00564543  00000+0  20731-2 0  9998,2 62298  51.6226  37.5865 0004215  55.5171 304.6231 15.86285770 15151
2025-03-17T09:00:31.557966+09:00,gs_db,YOMOGI,1 62298U 98067XE  25075.18907781  .00564543  00000+0  20731-2 0  9998,2 62298  51.6226  37.5865 0004215  55.5171 304.6231 15.86285770 15151
2025-03-17T15:00:12.227213+09:00,gs_db,YOMOGI,1 62298U 98067XE  25075.18907781  .00564543  00000+0  20731-2 0  9998,2 62298  51.6226  37.5865 0004215  55.5171 304.6231 15.86285770 15151
2025-03-17T21:00:33.164811+09:00,gs_db,YOMOGI,1 62298U 98067XE  25076.13372641  .00624116  00000+0  21611-2 0  9996,2 62298  51.6227  32.6418 0003659  69.6240 290.5157 15.87348913 15303
2025-03-18T03:00:14.338154+09:00,gs_db,YOMOGI,1 62298U 98067XE  25076.13372641  .00624116  00000+0  21611-2 0  9996,2 62298  51.6227  32.6418 0003659  69.6240 290.5157 15.87348913 15303
2025-03-18T09:00:32.930629+09:00,gs_db,YOMOGI,1 62298U 98067XE  25076.19668068  .00631779  00000+0  21779-2 0  9991,2 62298  51.6225  32.3120 0003680  67.0522 293.0870 15.87421657 15315
2025-03-18T15:00:13.635167+09:00,gs_db,YOMOGI,1 62298U 98067XE  25076.88896236  .00742479  00000+0  24169-2 0  9993,2 62298  51.6220  28.6823 0003298  76.8067 283.3306 15.88324981 15426
2025-03-18T21:00:41.77079+09:00,gs_db,YOMOGI,1 62298U 98067XE  25077.14060331  .00752482  00000+0  24067-2 0  9994,2 62298  51.6227  27.3606 0003262  80.1880 279.9493 15.88656795 15463
2025-03-19T03:00:11.393188+09:00,gs_db,YOMOGI,1 62298U 98067XE  25077.14060331  .00752482  00000+0  24067-2 0  9994,2 62298  51.6227  27.3606 0003262  80.1880 279.9493 15.88656795 15463
2025-03-19T09:00:53.372468+09:00,gs_db,YOMOGI,1 62298U 98067XE  25077.14060331  .00752482  00000+0  24067-2 0  9994,2 62298  51.6227  27.3606 0003262  80.1880 279.9493 15.88656795 15463
2025-03-19T15:00:25.532622+09:00,gs_db,YOMOGI,1 62298U 98067XE  25077.14060331  .00752482  00000+0  24067-2 0  9994,2 62298  51.6227  27.3606 0003262  80.1880 279.9493 15.88656795 15463
2025-03-19T21:00:48.194364+09:00,gs_db,YOMOGI,1 62298U 98067XE  25077.89519541  .00779445  00000+0  23580-2 0  9995,2 62298  51.6229  23.3975 0003052  90.9576 269.1780 15.89708166 15582
2025-03-20T03:00:12.225615+09:00,gs_db,YOMOGI,1 62298U 98067XE  25077.89519541  .00779445  00000+0  23580-2 0  9995,2 62298  51.6229  23.3975 0003052  90.9576 269.1780 15.89708166 15582
2025-03-20T09:00:36.431445+09:00,gs_db,YOMOGI,1 62298U 98067XE  25078.20945662  .00805395  00000+0  23732-2 0  9991,2 62298  51.6220  21.7439 0002809  97.4861 262.6464 15.90171339 15639
2025-03-20T15:00:16.601634+09:00,gs_db,YOMOGI,1 62298U 98067XE  25078.83768731  .00806290  27680-3  24867-2 0  9992,2 62298  51.6215  18.4368 0002610 113.9923 246.1356 15.91183939 15738
2025-03-20T21:00:35.17488+09:00,gs_db,YOMOGI,1 62298U 98067XE  25079.21443338  .00784190  26332-3  23441-2 0  9992,2 62298  51.6212  16.4514 0002593 119.8802 240.2463 15.91787796 15798
2025-03-21T03:00:14.29844+09:00,gs_db,YOMOGI,1 62298U 98067XE  25079.21443338  .00784190  26332-3  23441-2 0  9992,2 62298  51.6212  16.4514 0002593 119.8802 240.2463 15.91787796 15798
2025-03-21T09:00:54.517142+09:00,gs_db,YOMOGI,1 62298U 98067XE  25079.21443338  .00784190  26332-3  23441-2 0  9992,2 62298  51.6212  16.4514 0002593 119.8802 240.2463 15.91787796 15798
2025-03-21T15:00:13.250621+09:00,gs_db,YOMOGI,1 62298U 98067XE  25079.84203085  .00833938  30347-3  23653-2 0  9995,2 62298  51.6202  13.1402 0002525 131.1845 228.9379 15.92800632 15892
2025-03-21T21:00:35.036555+09:00,gs_db,YOMOGI,1 62298U 98067XE  25080.09296326  .00799441  27913-3  22243-2 0  9993,2 62298  51.6201  11.8160 0002414 133.5867 226.5341 15.93163540 15933
2025-03-22T03:00:14.26409+09:00,gs_db,YOMOGI,1 62298U 98067XE  25080.09296326  .00799441  27913-3  22243-2 0  9993,2 62298  51.6201  11.8160 0002414 133.5867 226.5341 15.93163540 15933
2025-03-22T09:00:47.074644+09:00,gs_db,YOMOGI,1 62298U 98067XE  25080.09296326  .00799441  27913-3  22243-2 0  9993,2 62298  51.6201  11.8160 0002414 133.5867 226.5341 15.93163540 15933
2025-03-22T15:00:11.636629+09:00,gs_db,YOMOGI,1 62298U 98067XE  25080.84537537  .00883624  35071-3  23026-2 0  9999,2 62298  51.6203   7.8360 0002618 155.8947 204.2184 15.94408810 16059
2025-03-22T21:00:48.790274+09:00,gs_db,YOMOGI,1 62298U 98067XE  25081.03337885  .00999783  46041-3  25535-2 0  9995,2 62298  51.6200   6.8400 0002779 161.1068 199.0043 15.94803771 16085
2025-03-23T03:00:14.605427+09:00,gs_db,YOMOGI,1 62298U 98067XE  25081.03337885  .00999783  46041-3  25535-2 0  9995,2 62298  51.6200   6.8400 0002779 161.1068 199.0043 15.94803771 16085
2025-03-23T09:00:46.940182+09:00,gs_db,YOMOGI,1 62298U 98067XE  25081.03337885  .00999783  46041-3  25535-2 0  9995,2 62298  51.6200   6.8400 0002779 161.1068 199.0043 15.94803771 16085
2025-03-23T15:00:13.164205+09:00,gs_db,YOMOGI,1 62298U 98067XE  25081.78489822  .01207728  72110-3  28105-2 0  9990,2 62298  51.6195   2.8531 0003242 172.6501 187.4556 15.96575292 16204
2025-03-23T21:00:30.426306+09:00,gs_db,YOMOGI,1 62298U 98067XE  25082.16035348  .01118697  61407-3  24883-2 0  9995,2 62298  51.6191   0.8574 0003435 180.4517 179.6489 15.97369822 16268
2025-03-24T03:00:10.324078+09:00,gs_db,YOMOGI,1 62298U 98067XE  25082.47308628  .01070485  56236-3  22925-2 0  9994,2 62298  51.6186 359.1948 0003066 182.7290 177.3703 15.98042515 16318
2025-03-24T09:00:45.814534+09:00,gs_db,YOMOGI,1 62298U 98067XE  25082.47308628  .01070485  56236-3  22925-2 0  9994,2 62298  51.6186 359.1948 0003066 182.7290 177.3703 15.98042515 16318
2025-03-24T15:00:10.76547+09:00,gs_db,YOMOGI,1 62298U 98067XE  25082.78568608  .01092781  59533-3  22532-2 0  9994,2 62298  51.6182 357.5303 0003311 189.1114 170.9836 15.98724459 16365
2025-03-24T21:00:30.277934+09:00,gs_db,YOMOGI,1 62298U 98067XE  25083.03567241  .01056517  55666-3  21145-2 0  9994,2 62298  51.6178 356.1982 0003465 192.8272 167.2650 15.99242072 16409
2025-03-25T03:00:12.950095+09:00,gs_db,YOMOGI,1 62298U 98067XE  25083.03567241  .01056517  55666-3  21145-2 0  9994,2 62298  51.6178 356.1982 0003465 192.8272 167.2650 15.99242072 16409
2025-03-25T09:00:34.831189+09:00,gs_db,YOMOGI,1 62298U 98067XE  25083.03567241  .01056517  55666-3  21145-2 0  9994,2 62298  51.6178 356.1982 0003465 192.8272 167.2650 15.99242072 16409
2025-03-25T15:00:11.928273+09:00,gs_db,YOMOGI,1 62298U 98067XE  25083.03567241  .01056517  55666-3  21145-2 0  9994,2 62298  51.6178 356.1982 0003465 192.8272 167.2650 15.99242072 16409
2025-03-25T21:00:29.3819+09:00,gs_db,YOMOGI,1 62298U 98067XE  25083.97230150  .01388236  10889-2  24422-2 0  9997,2 62298  51.6172 351.1968 0004375 203.8967 156.1841 16.01604256 16552
2025-03-26T03:00:12.822785+09:00,gs_db,YOMOGI,1 62298U 98067XE  25083.97230150  .01388236  10889-2  24422-2 0  9997,2 62298  51.6172 351.1968 0004375 203.8967 156.1841 16.01604256 16552
2025-03-26T09:00:33.295591+09:00,gs_db,YOMOGI,1 62298U 98067XE  25083.97230150  .01388236  10889-2  24422-2 0  9997,2 62298  51.6172 351.1968 0004375 203.8967 156.1841 16.01604256 16552
2025-03-26T15:00:15.554915+09:00,gs_db,YOMOGI,1 62298U 98067XE  25083.97230150  .01388236  10889-2  24422-2 0  9997,2 62298  51.6172 351.1968 0004375 203.8967 156.1841 16.01604256 16552
2025-03-26T21:00:30.535177+09:00,gs_db,YOMOGI,1 62298U 98067XE  25084.96976820  .01447595  12713-2  21675-2 0  9997,2 62298  51.6166 345.8503 0005308 216.4755 143.5895 16.04352442 16719
2025-03-27T03:00:10.18206+09:00,gs_db,YOMOGI,1 62298U 98067XE  25084.96976820  .01447595  12713-2  21675-2 0  9997,2 62298  51.6166 345.8503 0005308 216.4755 143.5895 16.04352442 16719
2025-03-27T09:00:36.99869+09:00,gs_db,YOMOGI,1 62298U 98067XE  25084.96976820  .01447595  12713-2  21675-2 0  9997,2 62298  51.6166 345.8503 0005308 216.4755 143.5895 16.04352442 16719
2025-03-27T15:00:11.428345+09:00,gs_db,YOMOGI,1 62298U 98067XE  25085.77882687  .01855344  25715-2  23889-2 0  9994,2 62298  51.6149 341.4963 0005996 224.9539 135.0989 16.07120324 16848
2025-03-27T21:00:30.879772+09:00,gs_db,YOMOGI,1 62298U 98067XE  25085.96533428  .01852655  26043-2  22909-2 0  9990,2 62298  51.6146 340.4900 0006009 221.9132 138.1421 16.07770842 16871
2025-03-28T03:00:10.743644+09:00,gs_db,YOMOGI,1 62298U 98067XE  25085.96533428  .01852655  26043-2  22909-2 0  9990,2 62298  51.6146 340.4900 0006009 221.9132 138.1421 16.07770842 16871
2025-03-28T09:00:57.21139+09:00,gs_db,YOMOGI,1 62298U 98067XE  25086.40018927  .01920967  30182-2  21461-2 0  9995,2 62298  51.6133 338.1398 0006252 229.5664 130.4805 16.09457441 16944
2025-03-28T15:00:12.873308+09:00,gs_db,YOMOGI,1 62298U 98067XE  25086.40018927  .01920967  30182-2  21461-2 0  9995,2 62298  51.6133 338.1398 0006252 229.5664 130.4805 16.09457441 16944
2025-03-28T21:00:28.232796+09:00,gs_db,YOMOGI,1 62298U 98067XE  25087.08256336  .02160754  47535-2  20437-2 0  9991,2 62298  51.6121 334.4391 0006946 234.7440 125.2925 16.12400010 17055
2025-03-29T03:00:11.163425+09:00,gs_db,YOMOGI,1 62298U 98067XE  25087.08256336  .02160754  47535-2  20437-2 0  9991,2 62298  51.6121 334.4391 0006946 234.7440 125.2925 16.12400010 17055
2025-03-29T09:01:00.221348+09:00,gs_db,YOMOGI,1 62298U 98067XE  25087.08256336  .02160754  47535-2  20437-2 0  9991,2 62298  51.6121 334.4391 0006946 234.7440 125.2925 16.12400010 17055
2025-03-29T15:00:13.641808+09:00,gs_db,YOMOGI,1 62298U 98067XE  25087.88731691  .02503997  10747-1  19845-2 0  9996,2 62298  51.6104 330.0537 0007793 244.4822 115.5389 16.16438154 17187
2025-03-29T21:00:39.197904+09:00,gs_db,YOMOGI,1 62298U 98067XE  25087.88731691  .02503997  10747-1  19845-2 0  9996,2 62298  51.6104 330.0537 0007793 244.4822 115.5389 16.16438154 17187
2025-03-30T03:00:09.910106+09:00,gs_db,YOMOGI,1 62298U 98067XE  25087.88731691  .02503997  10747-1  19845-2 0  9996,2 62298  51.6104 330.0537 0007793 244.4822 115.5389 16.16438154 17187
2025-03-30T09:00:31.173963+09:00,gs_db,YOMOGI,1 62298U 98067XE  25088.38144898  .03310607  11821-4  17187-2 0  9998,2 62298  51.6091 327.3465 0008698 249.3703 110.6382 16.19472245 17268
2025-03-30T15:00:12.244594+09:00,gs_db,YOMOGI,1 62298U 98067XE  25088.75138062  .03855153  11895-4  16060-2 0  9995,2 62298  51.6062 325.3110 0008273 250.2012 109.8115 16.22258469 17329
2025-03-30T21:00:39.63308+09:00,gs_db,YOMOGI,1 62298U 98067XE  25088.75138062  .03855153  11895-4  16060-2 0  9995,2 62298  51.6062 325.3110 0008273 250.2012 109.8115 16.22258469 17329
2025-03-31T03:00:08.45224+09:00,gs_db,YOMOGI,1 62298U 98067XE  25089.55016338  .06907718  12136-4  12698-2 0  9995,2 62298  51.6023 320.8807 0008675 257.8161 102.1891 16.31399071 17459
2025-03-31T09:00:31.192689+09:00,gs_db,YOMOGI,1 62298U 98067XE  25089.55016338  .06907718  12136-4  12698-2 0  9995,2 62298  51.6023 320.8807 0008675 257.8161 102.1891 16.31399071 17459
2025-03-31T15:00:13.801362+09:00,gs_db,YOMOGI,1 62298U 98067XE  25089.55016338  .06907718  12136-4  12698-2 0  9995,2 62298  51.6023 320.8807 0008675 257.8161 102.1891 16.31399071 17459
2025-03-31T21:00:31.667562+09:00,gs_db,YOMOGI,1 62298U 98067XE  25089.55016338  .06907718  12136-4  12698-2 0  9995,2 62298  51.6023 320.8807 0008675 257.8161 102.1891 16.31399071 17459
2025-04-01T03:00:09.342921+09:00,gs_db,YOMOGI,1 62298U 98067XE  25089.55016338  .06907718  12136-4  12698-2 0  9995,2 62298  51.6023 320.8807 0008675 257.8161 102.1891 16.31399071 17459
2025-04-01T09:01:06.087187+09:00,gs_db,YOMOGI,1 62298U 98067XE  25089.55016338  .06907718  12136-4  12698-2 0  9995,2 62298  51.6023 320.8807 0008675 257.8161 102.1891 16.31399071 17459
