downlink_date,time_jst,kind,hex,source_log
2025-10-26,,cmd,42 00 11 05 b3 00 00 00 00 00 05,missionlog_20251026.txt
2025-10-26,,frame,94 a6 62 b2 9a b2 60 94 a6 62 b2 a0 a8 61 03 f0 42 aa 42 00 11 05 b3 00 00 00 00 00 05 aa,missionlog_20251026.txt
2025-10-26,,frame,94 a6 62 b2 9a b2 60 94 a6 62 b2 a0 a8 61 03 f0 42 11 ff 00 00 01 00 0b a0 a1 00 15 00 01 00 17 00 02 00 19 00 03 00 1b 00 03 00 1e 00 03 00 28 a0 a1 00 32 00 02 00 35 00 03 00 37 00 03 00 39 00 03 00 43 a0 a1 00 47 00 02 00 49 00 03 00 4b 00 03 00 4d 00 03,missionlog_20251026.txt
2025-10-26,,frame,94 a6 62 b2 9a b2 60 94 a6 62 b2 a0 a8 61 03 f0 42 11 ff 00 00 02 00 57 a0 a1 00 5f 00 02 00 62 00 03 00 64 00 03 00 66 00 03 00 70 a0 a1 00 75 00 02 00 77 00 03 00 79 00 03 00 7c 00 03 00 86 a0 a1 00 8b 00 02 00 8d 00 03 00 90 00 03 00 92 00 03 00 9c a0 a1,missionlog_20251026.txt
2025-10-26,,frame,94 a6 62 b2 9a b2 60 94 a6 62 b2 a0 a8 61 03 f0 42 11 ff 00 00 03 00 b1 00 02 00 b3 00 03 00 b5 00 03 00 b7 00 03 00 cf a0 a1 00 de 00 02 00 e0 00 03 00 e2 00 03 00 e5 00 03 00 ee a0 a1 05 79 00 05 05 79 00 06 ff ff ff ff ff ff ff ff ff ff ff ff ff ff ff ff,missionlog_20251026.txt
2025-10-26,,frame,94 a6 62 b2 9a b2 60 94 a6 62 b2 a0 a8 61 03 f0 42 11 ff 00 00 04 ff ff ff ff ff ff ff ff ff ff ff ff ff ff ff ff ff ff ff ff ff ff ff ff ff ff ff ff ff ff ff ff ff ff ff ff ff ff ff ff ff ff ff ff ff ff ff ff ff ff ff ff ff ff ff ff ff ff ff ff ff ff ff ff,missionlog_20251026.txt
2025-10-26,,frame,94 a6 62 b2 9a b2 60 94 a6 62 b2 a0 a8 61 03 f0 42 11 ff 00 00 05 ff ff ff ff ff ff ff ff ff ff ff ff ff ff ff ff ff ff ff ff ff ff ff ff ff ff ff ff ff ff ff ff ff ff ff ff ff ff ff ff ff ff ff ff ff ff ff ff ff ff ff ff ff ff ff ff ff ff ff ff ff ff ff ff,missionlog_20251026.txt
2025-10-29,,cmd,42 00 11 05 b3 00 00 00 00 00 05,missionlog_20251029.txt
2025-10-29,,frame,94 a6 62 b2 9a b2 60 94 a6 62 b2 a0 a8 61 03 f0 42 aa 42 00 11 05 b3 00 00 00 00 00 05 aa,missionlog_20251029.txt
2025-10-29,,frame,94 a6 62 b2 9a b2 60 94 a6 62 b2 a0 a8 61 03 f0 42 11 ff 00 00 01 00 0b a0 a1 00 15 00 01 00 1b 00 02 00 1d 00 03 00 1f 00 03 00 22 00 03 00 2b a0 a1 00 42 00 02 00 44 00 03 00 46 00 03 00 48 00 03 00 52 a0 a1 00 5b 00 02 00 5d 00 03 00 5f 00 03 00 61 00 03,missionlog_20251029.txt
2025-10-29,,frame,94 a6 62 b2 9a b2 60 94 a6 62 b2 a0 a8 61 03 f0 42 11 ff 00 00 02 00 6b a0 a1 00 75 00 02 00 77 00 03 00 7a 00 03 00 7c 00 03 00 86 a0 a1 00 9d 00 02 00 9f 00 03 00 a1 00 03 00 a3 00 03 00 ad a0 a1 00 b5 00 02 00 b8 00 03 00 ba 00 03 00 bc 00 03 00 c6 a0 a1,missionlog_20251029.txt
2025-10-29,,frame,94 a6 62 b2 9a b2 60 94 a6 62 b2 a0 a8 61 03 f0 42 11 ff 00 00 03 00 d6 00 02 00 d9 00 03 00 db 00 03 00 dd 00 03 00 e7 a0 a1 00 fc 00 02 00 fe 00 03 01 00 00 03 01 02 00 03 01 0c a0 a1 01 19 00 02 01 1b 00 03 01 1d 00 03 01 1f 00 03 01 29 a0 a1 01 2f 00 02,missionlog_20251029.txt
2025-10-29,,frame,94 a6 62 b2 9a b2 60 94 a6 62 b2 a0 a8 61 03 f0 42 11 ff 00 00 04 01 31 00 03 01 33 00 03 01 36 00 03 01 40 a0 a1 01 5d 00 02 01 5f 00 03 01 61 00 03 01 63 00 03 01 7b a0 a1 01 87 00 02 01 8a 00 03 01 8c 00 03 01 8e 00 03 01 98 a0 a1 10 f7 00 02 10 f9 00 03,missionlog_20251029.txt
2025-10-29,,frame,94 a6 62 b2 9a b2 60 94 a6 62 b2 a0 a8 61 03 f0 42 11 ff 00 00 05 10 fb 00 03 10 fe 00 03 11 07 a0 a1 11 12 00 02 11 14 00 03 11 16 00 03 11 18 00 03 11 22 a0 a1 11 3a 00 02 11 3c 00 03 11 3e 00 03 11 40 00 03 11 4a a0 a1 12 27 00 02 12 29 00 03 12 2b 00 03,missionlog_20251029.txt
2025-11-04,,cmd,42 00 11 05 b3 00 00 00 00 00 0b,missionlog_20251104_1945.txt
2025-11-04,,frame,94 a6 62 b2 9a b2 60 94 a6 62 b2 a0 a8 61 03 f0 42 aa 42 00 11 05 b3 00 00 00 00 00 0b aa,missionlog_20251104_1945.txt
2025-11-04,,frame,94 a6 62 b2 9a b2 60 94 a6 62 b2 a0 a8 61 03 f0 42 11 ff 00 00 01 00 0b a0 a1 00 14 00 01 00 2f 00 02 00 32 00 03 00 34 00 03 00 36 00 03 00 40 a0 a1 00 4a 00 02 00 4c 00 03 00 4e 00 03 00 50 00 03 00 5a a0 a1 00 62 00 02 00 64 00 03 00 66 00 03 00 68 00 03,missionlog_20251104_1945.txt
2025-11-04,,frame,94 a6 62 b2 9a b2 60 94 a6 62 b2 a0 a8 61 03 f0 42 11 ff 00 00 02 00 72 a0 a1 00 85 00 02 00 87 00 03 00 89 00 03 00 8b 00 03 00 95 a0 a1 00 a9 00 02 00 ab 00 03 00 ae 00 03 00 b0 00 03 00 ba a0 a1 00 d8 00 02 00 da 00 03 00 dc 00 03 00 df 00 03 00 e8 a0 a1,missionlog_20251104_1945.txt
2025-11-04,,frame,94 a6 62 b2 9a b2 60 94 a6 62 b2 a0 a8 61 03 f0 42 11 ff 00 00 03 00 f3 00 02 00 f5 00 03 00 f7 00 03 00 fa 00 03 01 04 a0 a1 01 10 00 02 01 12 00 03 01 14 00 03 01 16 00 03 01 20 a0 a1 01 3a 00 02 01 3c 00 03 01 3e 00 03 01 40 00 03 01 4a a0 a1 01 53 00 02,missionlog_20251104_1945.txt
2025-11-04,,frame,94 a6 62 b2 9a b2 60 94 a6 62 b2 a0 a8 61 03 f0 42 11 ff 00 00 04 01 55 00 03 01 58 00 03 01 5a 00 03 01 64 a0 a1 01 77 00 02 01 79 00 03 01 7b 00 03 01 7e 00 03 01 88 a0 a1 01 9a 00 02 01 9c 00 03 01 9e 00 03 01 a0 00 03 01 aa a0 a1 01 b3 00 02 01 b5 00 03,missionlog_20251104_1945.txt
2025-11-04,,frame,94 a6 62 b2 9a b2 60 94 a6 62 b2 a0 a8 61 03 f0 42 11 ff 00 00 05 01 b7 00 03 01 ba 00 03 01 c4 a0 a1 01 ce 00 02 01 d0 00 03 01 d2 00 03 01 d4 00 03 01 de a0 a1 02 17 00 02 02 19 00 03 02 1b 00 03 02 1d 00 03 02 27 a0 a1 04 b1 00 02 04 b4 00 03 04 b6 00 03,missionlog_20251104_1945.txt
2025-11-04,,frame,94 a6 62 b2 9a b2 60 94 a6 62 b2 a0 a8 61 03 f0 42 11 ff 00 00 06 04 b8 00 03 04 c2 a0 a1 14 e0 00 02 14 e3 00 03 14 e5 00 03 14 e7 00 03 14 f1 a0 a1 15 20 00 02 15 22 00 03 15 24 00 03 15 26 00 03 15 30 a0 a1 15 63 00 02 15 65 00 03 15 67 00 03 15 69 00 03,missionlog_20251104_1945.txt
2025-11-04,,frame,94 a6 62 b2 9a b2 60 94 a6 62 b2 a0 a8 61 03 f0 42 11 ff 00 00 07 15 73 a0 a1 15 b0 00 02 15 b2 00 03 15 b4 00 03 15 b6 00 03 15 c0 a0 a1 16 13 00 02 16 15 00 03 16 17 00 03 16 1a 00 03 16 23 a0 a1 16 81 00 02 16 83 00 03 16 85 00 03 16 88 00 03 16 92 a0 a1,missionlog_20251104_1945.txt
2025-11-04,,frame,94 a6 62 b2 9a b2 60 94 a6 62 b2 a0 a8 61 03 f0 42 11 ff 00 00 08 17 16 00 02 17 18 00 03 17 1a 00 03 17 1d 00 03 17 26 a0 a1 17 36 00 02 17 38 00 03 17 3a 00 03 17 3c 00 03 17 46 a0 a1 17 56 00 02 17 58 00 03 17 5a 00 03 17 5c 00 03 17 66 a0 a1 17 73 00 02,missionlog_20251104_1945.txt
2025-11-04,,frame,94 a6 62 b2 9a b2 60 94 a6 62 b2 a0 a8 61 03 f0 42 11 ff 00 00 09 17 76 00 03 17 78 00 03 17 7a 00 03 17 84 a0 a1 17 aa 00 02 17 ac 00 03 17 ae 00 03 17 b0 00 03 17 ba a0 a1 17 c1 00 02 17 c3 00 03 17 c5 00 03 17 c7 00 03 17 d1 a0 a1 17 d8 00 02 17 da 00 03,missionlog_20251104_1945.txt
2025-11-04,,frame,94 a6 62 b2 9a b2 60 94 a6 62 b2 a0 a8 61 03 f0 42 11 ff 00 00 0a 17 dc 00 03 17 de 00 03 17 e8 a0 a1 17 f6 00 02 17 f8 00 03 17 fa 00 03 17 fd 00 03 18 06 a0 a1 18 41 00 02 18 43 00 03 18 45 00 03 18 47 00 03 18 51 a0 a1 18 57 00 02 18 59 00 03 18 5b 00 03,missionlog_20251104_1945.txt
2025-11-04,,frame,94 a6 62 b2 9a b2 60 94 a6 62 b2 a0 a8 61 03 f0 42 11 ff 00 00 0b 18 5e 00 03 18 67 a0 a1 1c 86 00 02 1c 88 00 03 1c 8a 00 03 1c 8c 00 03 1c 96 a0 a1 43 9e 00 02 43 a0 00 03 43 a3 00 03 43 a5 00 03 43 af a0 a1 75 39 00 05 75 3a 00 06 ff ff ff ff ff ff ff ff,missionlog_20251104_1945.txt
2025-11-27,,cmd,42 00 11 05 b3 00 00 00 00 00 80,missionlog_20251127_1828.txt
2025-11-27,,frame,94 a6 62 b2 9a b2 60 94 a6 62 b2 a0 a8 61 03 f0 42 aa 42 00 11 05 b3 00 00 00 00 00 80 aa,missionlog_20251127_1828.txt
2025-11-27,,frame,94 a6 62 b2 9a b2 60 94 a6 62 b2 a0 a8 61 03 f0 42 11 ff 00 00 01 00 0c a0 a1 00 15 00 01 00 8a 00 02 00 8d 00 03 00 8f 00 03 00 91 00 03 00 9b a0 a1 00 a9 00 02 00 ab 00 03 00 ad 00 03 00 af 00 03 00 b9 a0 a1 00 ca 00 02 00 cc 00 03 00 cf 00 03 00 d1 00 03,missionlog_20251127_1828.txt
2025-11-27,,frame,94 a6 62 b2 9a b2 60 94 a6 62 b2 a0 a8 61 03 f0 42 11 ff 00 00 02 00 db a0 a1 00 e6 00 02 00 e8 00 03 00 ea 00 03 00 ec 00 03 00 f6 a0 a1 01 01 00 02 01 03 00 03 01 06 00 03 01 08 00 03 01 12 a0 a1 01 54 00 02 01 56 00 03 01 58 00 03 01 5a 00 03 01 64 a0 a1,missionlog_20251127_1828.txt
2025-11-27,,frame,94 a6 62 b2 9a b2 60 94 a6 62 b2 a0 a8 61 03 f0 42 11 ff 00 00 03 01 70 00 02 01 72 00 03 01 74 00 03 01 76 00 03 01 80 a0 a1 05 bc 00 02 05 be 00 03 05 c1 00 03 05 c3 00 03 05 cd a0 a1 05 de 00 02 05 e0 00 03 05 e2 00 03 05 e5 00 03 05 ee a0 a1 06 8b 00 02,missionlog_20251127_1828.txt
2025-11-27,,frame,94 a6 62 b2 9a b2 60 94 a6 62 b2 a0 a8 61 03 f0 42 11 ff 00 00 04 06 8e 00 03 06 90 00 03 06 92 00 03 06 9c a0 a1 06 a4 00 02 06 a7 00 03 06 a9 00 03 06 ab 00 03 06 b5 a0 a1 06 ba 00 02 06 bc 00 03 06 be 00 03 06 c0 00 03 06 ca a0 a1 0a b5 00 02 0a b7 00 03,missionlog_20251127_1828.txt
2025-11-27,,frame,94 a6 62 b2 9a b2 60 94 a6 62 b2 a0 a8 61 03 f0 42 11 ff 00 00 05 0a b9 00 03 0a bc 00 03 0a d3 a0 a1 44 d3 00 02 44 d5 00 03 44 d7 00 03 44 d9 00 03 44 e3 a0 a1 44 ea 00 02 44 ed 00 03 44 ef 00 03 44 f1 00 03 44 fb a0 a1 45 0a 00 02 45 0c 00 03 45 0e 00 03,missionlog_20251127_1828.txt
2025-11-27,,frame,94 a6 62 b2 9a b2 60 94 a6 62 b2 a0 a8 61 03 f0 42 11 ff 00 00 06 45 11 00 03 45 1a a0 a1 5b 88 00 02 5b 8b 00 03 5b 8d 00 03 5b 8f 00 03 5b 99 a0 a1 5b aa 00 02 5b ac 00 03 5b af 00 03 5b b1 00 03 5b bb a0 a1 5c 02 00 02 5c 04 00 03 5c 06 00 03 5c 08 00 03,missionlog_20251127_1828.txt
2025-11-27,,frame,94 a6 62 b2 9a b2 60 94 a6 62 b2 a0 a8 61 03 f0 42 11 ff 00 00 07 5c 12 a0 a1 5c 1c 00 02 5c 1e 00 03 5c 20 00 03 5c 22 00 03 5c 2c a0 a1 71 46 00 02 71 48 00 03 71 4a 00 03 71 4c 00 03 71 56 a0 a1 71 67 00 02 71 69 00 03 71 6b 00 03 71 6d 00 03 71 77 a0 a1,missionlog_20251127_1828.txt
2025-11-27,,frame,94 a6 62 b2 9a b2 60 94 a6 62 b2 a0 a8 61 03 f0 42 11 ff 00 00 08 71 7e 00 02 71 80 00 03 71 82 00 03 71 84 00 03 71 8e a0 a1 71 9b 00 02 71 9d 00 03 71 9f 00 03 71 a2 00 03 71 ab a0 a1 71 be 00 02 71 c0 00 03 71 c2 00 03 71 c5 00 03 71 cf a0 a1 74 a9 00 05,missionlog_20251127_1828.txt
2025-11-30,,cmd,42 00 11 05 b3 00 00 00 00 00 50,missionlog_20251130_1010.txt
2025-11-30,,frame,94 a6 62 b2 9a b2 60 94 a6 62 b2 a0 a8 61 03 f0 42 aa 42 00 11 05 b3 00 00 00 00 00 50 aa,missionlog_20251130_1010.txt
2025-11-30,,frame,94 a6 62 b2 9a b2 60 94 a6 62 b2 a0 a8 61 03 f0 42 11 ff 00 00 01 00 0c a0 a1 00 15 00 01 00 8a 00 02 00 8d 00 03 00 8f 00 03 00 91 00 03 00 9b a0 a1 00 a9 00 02 00 ab 00 03 00 ad 00 03 00 af 00 03 00 b9 a0 a1 00 ca 00 02 00 cc 00 03 00 cf 00 03 00 d1 00 03,missionlog_20251130_1010.txt
2025-11-30,,frame,94 a6 62 b2 9a b2 60 94 a6 62 b2 a0 a8 61 03 f0 42 11 ff 00 00 02 00 db a0 a1 00 e6 00 02 00 e8 00 03 00 ea 00 03 00 ec 00 03 00 f6 a0 a1 01 01 00 02 01 03 00 03 01 06 00 03 01 08 00 03 01 12 a0 a1 01 54 00 02 01 56 00 03 01 58 00 03 01 5a 00 03 01 64 a0 a1,missionlog_20251130_1010.txt
2025-11-30,,frame,94 a6 62 b2 9a b2 60 94 a6 62 b2 a0 a8 61 03 f0 42 11 ff 00 00 03 01 70 00 02 01 72 00 03 01 74 00 03 01 76 00 03 01 80 a0 a1 05 bc 00 02 05 be 00 03 05 c1 00 03 05 c3 00 03 05 cd a0 a1 05 de 00 02 05 e0 00 03 05 e2 00 03 05 e5 00 03 05 ee a0 a1 06 8b 00 02,missionlog_20251130_1010.txt
2025-11-30,,frame,94 a6 62 b2 9a b2 60 94 a6 62 b2 a0 a8 61 03 f0 42 11 ff 00 00 04 06 8e 00 03 06 90 00 03 06 92 00 03 06 9c a0 a1 06 a4 00 02 06 a7 00 03 06 a9 00 03 06 ab 00 03 06 b5 a0 a1 06 ba 00 02 06 bc 00 03 06 be 00 03 06 c0 00 03 06 ca a0 a1 0a b5 00 02 0a b7 00 03,missionlog_20251130_1010.txt
2025-11-30,,frame,94 a6 62 b2 9a b2 60 94 a6 62 b2 a0 a8 61 03 f0 42 11 ff 00 00 05 0a b9 00 03 0a bc 00 03 0a d3 a0 a1 44 d3 00 02 44 d5 00 03 44 d7 00 03 44 d9 00 03 44 e3 a0 a1 44 ea 00 02 44 ed 00 03 44 ef 00 03 44 f1 00 03 44 fb a0 a1 45 0a 00 02 45 0c 00 03 45 0e 00 03,missionlog_20251130_1010.txt
2025-11-30,,frame,94 a6 62 b2 9a b2 60 94 a6 62 b2 a0 a8 61 03 f0 42 11 ff 00 00 06 45 11 00 03 45 1a a0 a1 5b 88 00 02 5b 8b 00 03 5b 8d 00 03 5b 8f 00 03 5b 99 a0 a1 5b aa 00 02 5b ac 00 03 5b af 00 03 5b b1 00 03 5b bb a0 a1 5c 02 00 02 5c 04 00 03 5c 06 00 03 5c 08 00 03,missionlog_20251130_1010.txt
2025-11-30,,frame,94 a6 62 b2 9a b2 60 94 a6 62 b2 a0 a8 61 03 f0 42 11 ff 00 00 07 5c 12 a0 a1 5c 1c 00 02 5c 1e 00 03 5c 20 00 03 5c 22 00 03 5c 2c a0 a1 71 46 00 02 71 48 00 03 71 4a 00 03 71 4c 00 03 71 56 a0 a1 71 67 00 02 71 69 00 03 71 6b 00 03 71 6d 00 03 71 77 a0 a1,missionlog_20251130_1010.txt
2025-11-30,,frame,94 a6 62 b2 9a b2 60 94 a6 62 b2 a0 a8 61 03 f0 42 11 ff 00 00 08 71 7e 00 02 71 80 00 03 71 82 00 03 71 84 00 03 71 8e a0 a1 71 9b 00 02 71 9d 00 03 71 9f 00 03 71 a2 00 03 71 ab a0 a1 71 be 00 02 71 c0 00 03 71 c2 00 03 71 c5 00 03 71 cf a0 a1 74 a9 00 05,missionlog_20251130_1010.txt
2025-11-30,,frame,94 a6 62 b2 9a b2 60 94 a6 62 b2 a0 a8 61 03 f0 42 11 ff 00 00 09 74 a9 00 06 ff ff ff ff ff ff ff ff ff ff ff ff ff ff ff ff ff ff ff ff ff ff ff ff ff ff ff ff ff ff ff ff ff ff ff ff ff ff ff ff ff ff ff ff ff ff ff ff ff ff ff ff ff ff ff ff ff ff ff ff,missionlog_20251130_1010.txt
2025-11-30,,frame,94 a6 62 b2 9a b2 60 94 a6 62 b2 a0 a8 61 03 f0 42 11 ff 00 00 0a ff ff ff ff ff ff ff ff ff ff ff ff ff ff ff ff ff ff ff ff ff ff ff ff ff ff ff ff ff ff ff ff ff ff ff ff ff ff ff ff ff ff ff ff ff ff ff ff ff ff ff ff ff ff ff ff ff ff ff ff ff ff ff ff,missionlog_20251130_1010.txt
2025-11-30,,frame,94 a6 62 b2 9a b2 60 94 a6 62 b2 a0 a8 61 03 f0 42 11 ff 00 00 0b ff ff ff ff ff ff ff ff ff ff ff ff ff ff ff ff ff ff ff ff ff ff ff ff ff ff ff ff ff ff ff ff ff ff ff ff ff ff ff ff ff ff ff ff ff ff ff ff ff ff ff ff ff ff ff ff ff ff ff ff ff ff ff ff,missionlog_20251130_1010.txt
2025-11-30,,frame,94 a6 62 b2 9a b2 60 94 a6 62 b2 a0 a8 61 03 f0 42 11 ff 00 00 0c ff ff ff ff ff ff ff ff ff ff ff ff ff ff ff ff ff ff ff ff ff ff ff ff ff ff ff ff ff ff ff ff ff ff ff ff ff ff ff ff ff ff ff ff ff ff ff ff ff ff ff ff ff ff ff ff ff ff ff ff ff ff ff ff,missionlog_20251130_1010.txt
2025-11-30,,frame,94 a6 62 b2 9a b2 60 94 a6 62 b2 a0 a8 61 03 f0 42 11 ff 00 00 0d ff ff ff ff ff ff ff ff ff ff ff ff ff ff ff ff ff ff ff ff ff ff ff ff ff ff ff ff ff ff ff ff ff ff ff ff ff ff ff ff ff ff ff ff ff ff ff ff ff ff ff ff ff ff ff ff ff ff ff ff ff ff ff ff,missionlog_20251130_1010.txt
2025-11-30,,frame,94 a6 62 b2 9a b2 60 94 a6 62 b2 a0 a8 61 03 f0 42 11 ff 00 00 0e ff ff ff ff ff ff ff ff ff ff ff ff ff ff ff ff ff ff ff ff ff ff ff ff ff ff ff ff ff ff ff ff ff ff ff ff ff ff ff ff ff ff ff ff ff ff ff ff ff ff ff ff ff ff ff ff ff ff ff ff ff ff ff ff,missionlog_20251130_1010.txt
2025-11-30,,frame,94 a6 62 b2 9a b2 60 94 a6 62 b2 a0 a8 61 03 f0 42 11 ff 00 00 0f ff ff ff ff ff ff ff ff ff ff ff ff ff ff ff ff ff ff ff ff ff ff ff ff ff ff ff ff ff ff ff ff ff ff ff ff ff ff ff ff ff ff ff ff ff ff ff ff ff ff ff ff ff ff ff ff ff ff ff ff ff ff ff ff,missionlog_20251130_1010.txt
2025-11-30,,frame,94 a6 62 b2 9a b2 60 94 a6 62 b2 a0 a8 61 03 f0 42 11 ff 00 00 10 ff ff ff ff ff ff ff ff ff ff ff ff ff ff ff ff ff ff ff ff ff ff ff ff ff ff ff ff ff ff ff ff ff ff ff ff ff ff ff ff ff ff ff ff ff ff ff ff ff ff ff ff ff ff ff ff ff ff ff ff ff ff ff ff,missionlog_20251130_1010.txt
2025-11-30,,frame,94 a6 62 b2 9a b2 60 94 a6 62 b2 a0 a8 61 03 f0 42 11 ff 00 00 11 ff ff ff ff ff ff ff ff ff ff ff ff ff ff ff ff ff ff ff ff ff ff ff ff ff ff ff ff ff ff ff ff ff ff ff ff ff ff ff ff ff ff ff ff ff ff ff ff ff ff ff ff ff ff ff ff ff ff ff ff ff ff ff ff,missionlog_20251130_1010.txt
2025-11-30,,frame,94 a6 62 b2 9a b2 60 94 a6 62 b2 a0 a8 61 03 f0 42 11 ff 00 00 12 ff ff ff ff ff ff ff ff ff ff ff ff ff ff ff ff ff ff ff ff ff ff ff ff ff ff ff ff ff ff ff ff ff ff ff ff ff ff ff ff ff ff ff ff ff ff ff ff ff ff ff ff ff ff ff ff ff ff ff ff ff ff ff ff,missionlog_20251130_1010.txt
2025-11-30,,frame,94 a6 62 b2 9a b2 60 94 a6 62 b2 a0 a8 61 03 f0 42 11 ff 00 00 13 ff ff ff ff ff ff ff ff ff ff ff ff ff ff ff ff ff ff ff ff ff ff ff ff ff ff ff ff ff ff ff ff ff ff ff ff ff ff ff ff ff ff ff ff ff ff ff ff ff ff ff ff ff ff ff ff ff ff ff ff ff ff ff ff,missionlog_20251130_1010.txt
2025-11-30,,frame,94 a6 62 b2 9a b2 60 94 a6 62 b2 a0 a8 61 03 f0 42 11 ff 00 00 14 ff ff ff ff ff ff ff ff ff ff ff ff ff ff ff ff ff ff ff ff ff ff ff ff ff ff ff ff ff ff ff ff ff ff ff ff ff ff ff ff ff ff ff ff ff ff ff ff ff ff ff ff ff ff ff ff ff ff ff ff ff ff ff ff,missionlog_20251130_1010.txt
2025-11-30,,frame,94 a6 62 b2 9a b2 60 94 a6 62 b2 a0 a8 61 03 f0 42 11 ff 00 00 15 ff ff ff ff ff ff ff ff ff ff ff ff ff ff ff ff ff ff ff ff ff ff ff ff ff ff ff ff ff ff ff ff ff ff ff ff ff ff ff ff ff ff ff ff ff ff ff ff ff ff ff ff ff ff ff ff ff ff ff ff ff ff ff ff,missionlog_20251130_1010.txt
2025-11-30,,frame,94 a6 62 b2 9a b2 60 94 a6 62 b2 a0 a8 61 03 f0 42 11 ff 00 00 16 ff ff ff ff ff ff ff ff ff ff ff ff ff ff ff ff ff ff ff ff ff ff ff ff ff ff ff ff ff ff ff ff ff ff ff ff ff ff ff ff ff ff ff ff ff ff ff ff ff ff ff ff ff ff ff ff ff ff ff ff ff ff ff ff,missionlog_20251130_1010.txt
2025-11-30,,frame,94 a6 62 b2 9a b2 60 94 a6 62 b2 a0 a8 61 03 f0 42 11 ff 00 00 17 ff ff ff ff ff ff ff ff ff ff ff ff ff ff ff ff ff ff ff ff ff ff ff ff ff ff ff ff ff ff ff ff ff ff ff ff ff ff ff ff ff ff ff ff ff ff ff ff ff ff ff ff ff ff ff ff ff ff ff ff ff ff ff ff,missionlog_20251130_1010.txt
2025-11-30,,frame,94 a6 62 b2 9a b2 60 94 a6 62 b2 a0 a8 61 03 f0 42 11 ff 00 00 18 ff ff ff ff ff ff ff ff ff ff ff ff ff ff ff ff ff ff ff ff ff ff ff ff ff ff ff ff ff ff ff ff ff ff ff ff ff ff ff ff ff ff ff ff ff ff ff ff ff ff ff ff ff ff ff ff ff ff ff ff ff ff ff ff,missionlog_20251130_1010.txt
2025-11-30,,frame,94 a6 62 b2 9a b2 60 94 a6 62 b2 a0 a8 61 03 f0 42 11 ff 00 00 19 ff ff ff ff ff ff ff ff ff ff ff ff ff ff ff ff ff ff ff ff ff ff ff ff ff ff ff ff ff ff ff ff ff ff ff ff ff ff ff ff ff ff ff ff ff ff ff ff ff ff ff ff ff ff ff ff ff ff ff ff ff ff ff ff,missionlog_20251130_1010.txt
2025-11-30,,frame,94 a6 62 b2 9a b2 60 94 a6 62 b2 a0 a8 61 03 f0 42 11 ff 00 00 1a ff ff ff ff ff ff ff ff ff ff ff ff ff ff ff ff ff ff ff ff ff ff ff ff ff ff ff ff ff ff ff ff ff ff ff ff ff ff ff ff ff ff ff ff ff ff ff ff ff ff ff ff ff ff ff ff ff ff ff ff ff ff ff ff,missionlog_20251130_1010.txt
2025-11-30,,frame,94 a6 62 b2 9a b2 60 94 a6 62 b2 a0 a8 61 03 f0 42 11 ff 00 00 1b ff ff ff ff ff ff ff ff ff ff ff ff ff ff ff ff ff ff ff ff ff ff ff ff ff ff ff ff ff ff ff ff ff ff ff ff ff ff ff ff ff ff ff ff ff ff ff ff ff ff ff ff ff ff ff ff ff ff ff ff ff ff ff ff,missionlog_20251130_1010.txt
2025-11-30,,frame,94 a6 62 b2 9a b2 60 94 a6 62 b2 a0 a8 61 03 f0 42 11 ff 00 00 1c ff ff ff ff ff ff ff ff ff ff ff ff ff ff ff ff ff ff ff ff ff ff ff ff ff ff ff ff ff ff ff ff ff ff ff ff ff ff ff ff ff ff ff ff ff ff ff ff ff ff ff ff ff ff ff ff ff ff ff ff ff ff ff ff,missionlog_20251130_1010.txt
2025-11-30,,frame,94 a6 62 b2 9a b2 60 94 a6 62 b2 a0 a8 61 03 f0 42 11 ff 00 00 1d ff ff ff ff ff ff ff ff ff ff ff ff ff ff ff ff ff ff ff ff ff ff ff ff ff ff ff ff ff ff ff ff ff ff ff ff ff ff ff ff ff ff ff ff ff ff ff ff ff ff ff ff ff ff ff ff ff ff ff ff ff ff ff ff,missionlog_20251130_1010.txt
2025-11-30,,frame,94 a6 62 b2 9a b2 60 94 a6 62 b2 a0 a8 61 03 f0 42 11 ff 00 00 1e ff ff ff ff ff ff ff ff ff ff ff ff ff ff ff ff ff ff ff ff ff ff ff ff ff ff ff ff ff ff ff ff ff ff ff ff ff ff ff ff ff ff ff ff ff ff ff ff ff ff ff ff ff ff ff ff ff ff ff ff ff ff ff ff,missionlog_20251130_1010.txt
2025-11-30,,frame,94 a6 62 b2 9a b2 60 94 a6 62 b2 a0 a8 61 03 f0 42 11 ff 00 00 1f ff ff ff ff ff ff ff ff ff ff ff ff ff ff ff ff ff ff ff ff ff ff ff ff ff ff ff ff ff ff ff ff ff ff ff ff ff ff ff ff ff ff ff ff ff ff ff ff ff ff ff ff ff ff ff ff ff ff ff ff ff ff ff ff,missionlog_20251130_1010.txt
2025-11-30,,frame,94 a6 62 b2 9a b2 60 94 a6 62 b2 a0 a8 61 03 f0 42 11 ff 00 00 20 ff ff ff ff ff ff ff ff ff ff ff ff ff ff ff ff ff ff ff ff ff ff ff ff ff ff ff ff ff ff ff ff ff ff ff ff ff ff ff ff ff ff ff ff ff ff ff ff ff ff ff ff ff ff ff ff ff ff ff ff ff ff ff ff,missionlog_20251130_1010.txt
2025-11-30,,frame,94 a6 62 b2 9a b2 60 94 a6 62 b2 a0 a8 61 03 f0 42 11 ff 00 00 21 ff ff ff ff ff ff ff ff ff ff ff ff ff ff ff ff ff ff ff ff ff ff ff ff ff ff ff ff ff ff ff ff ff ff ff ff ff ff ff ff ff ff ff ff ff ff ff ff ff ff ff ff ff ff ff ff ff ff ff ff ff ff ff ff,missionlog_20251130_1010.txt
2025-11-30,,frame,94 a6 62 b2 9a b2 60 94 a6 62 b2 a0 a8 61 03 f0 42 11 ff 00 00 22 ff ff ff ff ff ff ff ff ff ff ff ff ff ff ff ff ff ff ff ff ff ff ff ff ff ff ff ff ff ff ff ff ff ff ff ff ff ff ff ff ff ff ff ff ff ff ff ff ff ff ff ff ff ff ff ff ff ff ff ff ff ff ff ff,missionlog_20251130_1010.txt
2025-11-30,,frame,94 a6 62 b2 9a b2 60 94 a6 62 b2 a0 a8 61 03 f0 42 11 ff 00 00 23 ff ff ff ff ff ff ff ff ff ff ff ff ff ff ff ff ff ff ff ff ff ff ff ff ff ff ff ff ff ff ff ff ff ff ff ff ff ff ff ff ff ff ff ff ff ff ff ff ff ff ff ff ff ff ff ff ff ff ff ff ff ff ff ff,missionlog_20251130_1010.txt
2025-11-30,,frame,94 a6 62 b2 9a b2 60 94 a6 62 b2 a0 a8 61 03 f0 42 11 ff 00 00 24 ff ff ff ff ff ff ff ff ff ff ff ff ff ff ff ff ff ff ff ff ff ff ff ff ff ff ff ff ff ff ff ff ff ff ff ff ff ff ff ff ff ff ff ff ff ff ff ff ff ff ff ff ff ff ff ff ff ff ff ff ff ff ff ff,missionlog_20251130_1010.txt
2025-11-30,,frame,94 a6 62 b2 9a b2 60 94 a6 62 b2 a0 a8 61 03 f0 42 11 ff 00 00 25 ff ff ff ff ff ff ff ff ff ff ff ff ff ff ff ff ff ff ff ff ff ff ff ff ff ff ff ff ff ff ff ff ff ff ff ff ff ff ff ff ff ff ff ff ff ff ff ff ff ff ff ff ff ff ff ff ff ff ff ff ff ff ff ff,missionlog_20251130_1010.txt
2025-11-30,,frame,94 a6 62 b2 9a b2 60 94 a6 62 b2 a0 a8 61 03 f0 42 11 ff 00 00 26 ff ff ff ff ff ff ff ff ff ff ff ff ff ff ff ff ff ff ff ff ff ff ff ff ff ff ff ff ff ff ff ff ff ff ff ff ff ff ff ff ff ff ff ff ff ff ff ff ff ff ff ff ff ff ff ff ff ff ff ff ff ff ff ff,missionlog_20251130_1010.txt
2025-11-30,,frame,94 a6 62 b2 9a b2 60 94 a6 62 b2 a0 a8 61 03 f0 42 11 ff 00 00 27 ff ff ff ff ff ff ff ff ff ff ff ff ff ff ff ff ff ff ff ff ff ff ff ff ff ff ff ff ff ff ff ff ff ff ff ff ff ff ff ff ff ff ff ff ff ff ff ff ff ff ff ff ff ff ff ff ff ff ff ff ff ff ff ff,missionlog_20251130_1010.txt
2025-11-30,,frame,94 a6 62 b2 9a b2 60 94 a6 62 b2 a0 a8 61 03 f0 42 11 ff 00 00 28 ff ff ff ff ff ff ff ff ff ff ff ff ff ff ff ff ff ff ff ff ff ff ff ff ff ff ff ff ff ff ff ff ff ff ff ff ff ff ff ff ff ff ff ff ff ff ff ff ff ff ff ff ff ff ff ff ff ff ff ff ff ff ff ff,missionlog_20251130_1010.txt
2025-11-30,,frame,94 a6 62 b2 9a b2 60 94 a6 62 b2 a0 a8 61 03 f0 42 11 ff 00 00 29 ff ff ff ff ff ff ff ff ff ff ff ff ff ff ff ff ff ff ff ff ff ff ff ff ff ff ff ff ff ff ff ff ff ff ff ff ff ff ff ff ff ff ff ff ff ff ff ff ff ff ff ff ff ff ff ff ff ff ff ff ff ff ff ff,missionlog_20251130_1010.txt
2025-11-30,,frame,94 a6 62 b2 9a b2 60 94 a6 62 b2 a0 a8 61 03 f0 42 11 ff 00 00 2a ff ff ff ff ff ff ff ff ff ff ff ff ff ff ff ff ff ff ff ff ff ff ff ff ff ff ff ff ff ff ff ff ff ff ff ff ff ff ff ff ff ff ff ff ff ff ff ff ff ff ff ff ff ff ff ff ff ff ff ff ff ff ff ff,missionlog_20251130_1010.txt
2025-11-30,,frame,94 a6 62 b2 9a b2 60 94 a6 62 b2 a0 a8 61 03 f0 42 11 ff 00 00 2b ff ff ff ff ff ff ff ff ff ff ff ff ff ff ff ff ff ff ff ff ff ff ff ff ff ff ff ff ff ff ff ff ff ff ff ff ff ff ff ff ff ff ff ff ff ff ff ff ff ff ff ff ff ff ff ff ff ff ff ff ff ff ff ff,missionlog_20251130_1010.txt
2025-11-30,,frame,94 a6 62 b2 9a b2 60 94 a6 62 b2 a0 a8 61 03 f0 42 11 ff 00 00 2c ff ff ff ff ff ff ff ff ff ff ff ff ff ff ff ff ff ff ff ff ff ff ff ff ff ff ff ff ff ff ff ff ff ff ff ff ff ff ff ff ff ff ff ff ff ff ff ff ff ff ff ff ff ff ff ff ff ff ff ff ff ff ff ff,missionlog_20251130_1010.txt
2025-11-30,,frame,94 a6 62 b2 9a b2 60 94 a6 62 b2 a0 a8 61 03 f0 42 11 ff 00 00 2d ff ff ff ff ff ff ff ff ff ff ff ff ff ff ff ff ff ff ff ff ff ff ff ff ff ff ff ff ff ff ff ff ff ff ff ff ff ff ff ff ff ff ff ff ff ff ff ff ff ff ff ff ff ff ff ff ff ff ff ff ff ff ff ff,missionlog_20251130_1010.txt
2025-11-30,,frame,94 a6 62 b2 9a b2 60 94 a6 62 b2 a0 a8 61 03 f0 42 11 ff 00 00 2e ff ff ff ff ff ff ff ff ff ff ff ff ff ff ff ff ff ff ff ff ff ff ff ff ff ff ff ff ff ff ff ff ff ff ff ff ff ff ff ff ff ff ff ff ff ff ff ff ff ff ff ff ff ff ff ff ff ff ff ff ff ff ff ff,missionlog_20251130_1010.txt
2025-11-30,,frame,94 a6 62 b2 9a b2 60 94 a6 62 b2 a0 a8 61 03 f0 42 11 ff 00 00 2f ff ff ff ff ff ff ff ff ff ff ff ff ff ff ff ff ff ff ff ff ff ff ff ff ff ff ff ff ff ff ff ff ff ff ff ff ff ff ff ff ff ff ff ff ff ff ff ff ff ff ff ff ff ff ff ff ff ff ff ff ff ff ff ff,missionlog_20251130_1010.txt
2025-11-30,,frame,94 a6 62 b2 9a b2 60 94 a6 62 b2 a0 a8 61 03 f0 42 11 ff 00 00 30 ff ff ff ff ff ff ff ff ff ff ff ff ff ff ff ff ff ff ff ff ff ff ff ff ff ff ff ff ff ff ff ff ff ff ff ff ff ff ff ff ff ff ff ff ff ff ff ff ff ff ff ff ff ff ff ff ff ff ff ff ff ff ff ff,missionlog_20251130_1010.txt
2025-11-30,,frame,94 a6 62 b2 9a b2 60 94 a6 62 b2 a0 a8 61 03 f0 42 11 ff 00 00 31 ff ff ff ff ff ff ff ff ff ff ff ff ff ff ff ff ff ff ff ff ff ff ff ff ff ff ff ff ff ff ff ff ff ff ff ff ff ff ff ff ff ff ff ff ff ff ff ff ff ff ff ff ff ff ff ff ff ff ff ff ff ff ff ff,missionlog_20251130_1010.txt
2025-11-30,,frame,94 a6 62 b2 9a b2 60 94 a6 62 b2 a0 a8 61 03 f0 42 11 ff 00 00 32 ff ff ff ff ff ff ff ff ff ff ff ff ff ff ff ff ff ff ff ff ff ff ff ff ff ff ff ff ff ff ff ff ff ff ff ff ff ff ff ff ff ff ff ff ff ff ff ff ff ff ff ff ff ff ff ff ff ff ff ff ff ff ff ff,missionlog_20251130_1010.txt
2025-11-30,,frame,94 a6 62 b2 9a b2 60 94 a6 62 b2 a0 a8 61 03 f0 42 11 ff 00 00 33 ff ff ff ff ff ff ff ff ff ff ff ff ff ff ff ff ff ff ff ff ff ff ff ff ff ff ff ff ff ff ff ff ff ff ff ff ff ff ff ff ff ff ff ff ff ff ff ff ff ff ff ff ff ff ff ff ff ff ff ff ff ff ff ff,missionlog_20251130_1010.txt
2025-11-30,,frame,94 a6 62 b2 9a b2 60 94 a6 62 b2 a0 a8 61 03 f0 42 11 ff 00 00 34 ff ff ff ff ff ff ff ff ff ff ff ff ff ff ff ff ff ff ff ff ff ff ff ff ff ff ff ff ff ff ff ff ff ff ff ff ff ff ff ff ff ff ff ff ff ff ff ff ff ff ff ff ff ff ff ff ff ff ff ff ff ff ff ff,missionlog_20251130_1010.txt
2025-11-30,,frame,94 a6 62 b2 9a b2 60 94 a6 62 b2 a0 a8 61 03 f0 42 11 ff 00 00 35 ff ff ff ff ff ff ff ff ff ff ff ff ff ff ff ff ff ff ff ff ff ff ff ff ff ff ff ff ff ff ff ff ff ff ff ff ff ff ff ff ff ff ff ff ff ff ff ff ff ff ff ff ff ff ff ff ff ff ff ff ff ff ff ff,missionlog_20251130_1010.txt
2025-11-30,,frame,94 a6 62 b2 9a b2 60 94 a6 62 b2 a0 a8 61 03 f0 42 11 ff 00 00 36 ff ff ff ff ff ff ff ff ff ff ff ff ff ff ff ff ff ff ff ff ff ff ff ff ff ff ff ff ff ff ff ff ff ff ff ff ff ff ff ff ff ff ff ff ff ff ff ff ff ff ff ff ff ff ff ff ff ff ff ff ff ff ff ff,missionlog_20251130_1010.txt
2025-11-30,,frame,94 a6 62 b2 9a b2 60 94 a6 62 b2 a0 a8 61 03 f0 42 11 ff 00 00 37 ff ff ff ff ff ff ff ff ff ff ff ff ff ff ff ff ff ff ff ff ff ff ff ff ff ff ff ff ff ff ff ff ff ff ff ff ff ff ff ff ff ff ff ff ff ff ff ff ff ff ff ff ff ff ff ff ff ff ff ff ff ff ff ff,missionlog_20251130_1010.txt
2025-11-30,,frame,94 a6 62 b2 9a b2 60 94 a6 62 b2 a0 a8 61 03 f0 42 11 ff 00 00 38 ff ff ff ff ff ff ff ff ff ff ff ff ff ff ff ff ff ff ff ff ff ff ff ff ff ff ff ff ff ff ff ff ff ff ff ff ff ff ff ff ff ff ff ff ff ff ff ff ff ff ff ff ff ff ff ff ff ff ff ff ff ff ff ff,missionlog_20251130_1010.txt
2025-11-30,,frame,94 a6 62 b2 9a b2 60 94 a6 62 b2 a0 a8 61 03 f0 42 11 ff 00 00 39 ff ff ff ff ff ff ff ff ff ff ff ff ff ff ff ff ff ff ff ff ff ff ff ff ff ff ff ff ff ff ff ff ff ff ff ff ff ff ff ff ff ff ff ff ff ff ff ff ff ff ff ff ff ff ff ff ff ff ff ff ff ff ff ff,missionlog_20251130_1010.txt
2025-11-30,,frame,94 a6 62 b2 9a b2 60 94 a6 62 b2 a0 a8 61 03 f0 42 11 ff 00 00 3a ff ff ff ff ff ff ff ff ff ff ff ff ff ff ff ff ff ff ff ff ff ff ff ff ff ff ff ff ff ff ff ff ff ff ff ff ff ff ff ff ff ff ff ff ff ff ff ff ff ff ff ff ff ff ff ff ff ff ff ff ff ff ff ff,missionlog_20251130_1010.txt
2025-11-30,,frame,94 a6 62 b2 9a b2 60 94 a6 62 b2 a0 a8 61 03 f0 42 11 ff 00 00 3b ff ff ff ff ff ff ff ff ff ff ff ff ff ff ff ff ff ff ff ff ff ff ff ff ff ff ff ff ff ff ff ff ff ff ff ff ff ff ff ff ff ff ff ff ff ff ff ff ff ff ff ff ff ff ff ff ff ff ff ff ff ff ff ff,missionlog_20251130_1010.txt
2025-11-30,,frame,94 a6 62 b2 9a b2 60 94 a6 62 b2 a0 a8 61 03 f0 42 11 ff 00 00 3c ff ff ff ff ff ff ff ff ff ff ff ff ff ff ff ff ff ff ff ff ff ff ff ff ff ff ff ff ff ff ff ff ff ff ff ff ff ff ff ff ff ff ff ff ff ff ff ff ff ff ff ff ff ff ff ff ff ff ff ff ff ff ff ff,missionlog_20251130_1010.txt
2025-11-30,,frame,94 a6 62 b2 9a b2 60 94 a6 62 b2 a0 a8 61 03 f0 42 11 ff 00 00 3d ff ff ff ff ff ff ff ff ff ff ff ff ff ff ff ff ff ff ff ff ff ff ff ff ff ff ff ff ff ff ff ff ff ff ff ff ff ff ff ff ff ff ff ff ff ff ff ff ff ff ff ff ff ff ff ff ff ff ff ff ff ff ff ff,missionlog_20251130_1010.txt
2025-11-30,,frame,94 a6 62 b2 9a b2 60 94 a6 62 b2 a0 a8 61 03 f0 42 11 ff 00 00 3e ff ff ff ff ff ff ff ff ff ff ff ff ff ff ff ff ff ff ff ff ff ff ff ff ff ff ff ff ff ff ff ff ff ff ff ff ff ff ff ff ff ff ff ff ff ff ff ff ff ff ff ff ff ff ff ff ff ff ff ff ff ff ff ff,missionlog_20251130_1010.txt
2025-11-30,,frame,94 a6 62 b2 9a b2 60 94 a6 62 b2 a0 a8 61 03 f0 42 11 ff 00 00 3f ff ff ff ff ff ff ff ff ff ff ff ff ff ff ff ff ff ff ff ff ff ff ff ff ff ff ff ff ff ff ff ff ff ff ff ff ff ff ff ff ff ff ff ff ff ff ff ff ff ff ff ff ff ff ff ff ff ff ff ff ff ff ff ff,missionlog_20251130_1010.txt
2025-11-30,,frame,94 a6 62 b2 9a b2 60 94 a6 62 b2 a0 a8 61 03 f0 42 11 ff 00 00 40 ff ff ff ff ff ff ff ff ff ff ff ff ff ff ff ff ff ff ff ff ff ff ff ff ff ff ff ff ff ff ff ff ff ff ff ff ff ff ff ff ff ff ff ff ff ff ff ff ff ff ff ff ff ff ff ff ff ff ff ff ff ff ff ff,missionlog_20251130_1010.txt
2025-11-30,,frame,94 a6 62 b2 9a b2 60 94 a6 62 b2 a0 a8 61 03 f0 42 11 ff 00 00 41 ff ff ff ff ff ff ff ff ff ff ff ff ff ff ff ff ff ff ff ff ff ff ff ff ff ff ff ff ff ff ff ff ff ff ff ff ff ff ff ff ff ff ff ff ff ff ff ff ff ff ff ff ff ff ff ff ff ff ff ff ff ff ff ff,missionlog_20251130_1010.txt
2025-11-30,,frame,94 a6 62 b2 9a b2 60 94 a6 62 b2 a0 a8 61 03 f0 42 11 ff 00 00 42 ff ff ff ff ff ff ff ff ff ff ff ff ff ff ff ff ff ff ff ff ff ff ff ff ff ff ff ff ff ff ff ff ff ff ff ff ff ff ff ff ff ff ff ff ff ff ff ff ff ff ff ff ff ff ff ff ff ff ff ff ff ff ff ff,missionlog_20251130_1010.txt
2025-11-30,,frame,94 a6 62 b2 9a b2 60 94 a6 62 b2 a0 a8 61 03 f0 42 11 ff 00 00 43 ff ff ff ff ff ff ff ff ff ff ff ff ff ff ff ff ff ff ff ff ff ff ff ff ff ff ff ff ff ff ff ff ff ff ff ff ff ff ff ff ff ff ff ff ff ff ff ff ff ff ff ff ff ff ff ff ff ff ff ff ff ff ff ff,missionlog_20251130_1010.txt
2025-11-30,,frame,94 a6 62 b2 9a b2 60 94 a6 62 b2 a0 a8 61 03 f0 42 11 ff 00 00 44 ff ff ff ff ff ff ff ff ff ff ff ff ff ff ff ff ff ff ff ff ff ff ff ff ff ff ff ff ff ff ff ff ff ff ff ff ff ff ff ff ff ff ff ff ff ff ff ff ff ff ff ff ff ff ff ff ff ff ff ff ff ff ff ff,missionlog_20251130_1010.txt
2025-11-30,,frame,94 a6 62 b2 9a b2 60 94 a6 62 b2 a0 a8 61 03 f0 42 11 ff 00 00 45 ff ff ff ff ff ff ff ff ff ff ff ff ff ff ff ff ff ff ff ff ff ff ff ff ff ff ff ff ff ff ff ff ff ff ff ff ff ff ff ff ff ff ff ff ff ff ff ff ff ff ff ff ff ff ff ff ff ff ff ff ff ff ff ff,missionlog_20251130_1010.txt
2025-11-30,,frame,94 a6 62 b2 9a b2 60 94 a6 62 b2 a0 a8 61 03 f0 42 11 ff 00 00 46 ff ff ff ff ff ff ff ff ff ff ff ff ff ff ff ff ff ff ff ff ff ff ff ff ff ff ff ff ff ff ff ff ff ff ff ff ff ff ff ff ff ff ff ff ff ff ff ff ff ff ff ff ff ff ff ff ff ff ff ff ff ff ff ff,missionlog_20251130_1010.txt
2025-11-30,,frame,94 a6 62 b2 9a b2 60 94 a6 62 b2 a0 a8 61 03 f0 42 11 ff 00 00 47 ff ff ff ff ff ff ff ff ff ff ff ff ff ff ff ff ff ff ff ff ff ff ff ff ff ff ff ff ff ff ff ff ff ff ff ff ff ff ff ff ff ff ff ff ff ff ff ff ff ff ff ff ff ff ff ff ff ff ff ff ff ff ff ff,missionlog_20251130_1010.txt
2025-11-30,,frame,94 a6 62 b2 9a b2 60 94 a6 62 b2 a0 a8 61 03 f0 42 11 ff 00 00 48 ff ff ff ff ff ff ff ff ff ff ff ff ff ff ff ff ff ff ff ff ff ff ff ff ff ff ff ff ff ff ff ff ff ff ff ff ff ff ff ff ff ff ff ff ff ff ff ff ff ff ff ff ff ff ff ff ff ff ff ff ff ff ff ff,missionlog_20251130_1010.txt
2025-11-30,,frame,94 a6 62 b2 9a b2 60 94 a6 62 b2 a0 a8 61 03 f0 42 11 ff 00 00 49 ff ff ff ff ff ff ff ff ff ff ff ff ff ff ff ff ff ff ff ff ff ff ff ff ff ff ff ff ff ff ff ff ff ff ff ff ff ff ff ff ff ff ff ff ff ff ff ff ff ff ff ff ff ff ff ff ff ff ff ff ff ff ff ff,missionlog_20251130_1010.txt
2025-11-30,,frame,94 a6 62 b2 9a b2 60 94 a6 62 b2 a0 a8 61 03 f0 42 11 ff 00 00 4a ff ff ff ff ff ff ff ff ff ff ff ff ff ff ff ff ff ff ff ff ff ff ff ff ff ff ff ff ff ff ff ff ff ff ff ff ff ff ff ff ff ff ff ff ff ff ff ff ff ff ff ff ff ff ff ff ff ff ff ff ff ff ff ff,missionlog_20251130_1010.txt
2025-11-30,,frame,94 a6 62 b2 9a b2 60 94 a6 62 b2 a0 a8 61 03 f0 42 11 ff 00 00 4b ff ff ff ff ff ff ff ff ff ff ff ff ff ff ff ff ff ff ff ff ff ff ff ff ff ff ff ff ff ff ff ff ff ff ff ff ff ff ff ff ff ff ff ff ff ff ff ff ff ff ff ff ff ff ff ff ff ff ff ff ff ff ff ff,missionlog_20251130_1010.txt
2025-11-30,,frame,94 a6 62 b2 9a b2 60 94 a6 62 b2 a0 a8 61 03 f0 42 11 ff 00 00 4c ff ff ff ff ff ff ff ff ff ff ff ff ff ff ff ff ff ff ff ff ff ff ff ff ff ff ff ff ff ff ff ff ff ff ff ff ff ff ff ff ff ff ff ff ff ff ff ff ff ff ff ff ff ff ff ff ff ff ff ff ff ff ff ff,missionlog_20251130_1010.txt
2025-11-30,,frame,94 a6 62 b2 9a b2 60 94 a6 62 b2 a0 a8 61 03 f0 42 11 ff 00 00 4d ff ff ff ff ff ff ff ff ff ff ff ff ff ff ff ff ff ff ff ff ff ff ff ff ff ff ff ff ff ff ff ff ff ff ff ff ff ff ff ff ff ff ff ff ff ff ff ff ff ff ff ff ff ff ff ff ff ff ff ff ff ff ff ff,missionlog_20251130_1010.txt
2025-11-30,,frame,94 a6 62 b2 9a b2 60 94 a6 62 b2 a0 a8 61 03 f0 42 11 ff 00 00 4e ff ff ff ff ff ff ff ff ff ff ff ff ff ff ff ff ff ff ff ff ff ff ff ff ff ff ff ff ff ff ff ff ff ff ff ff ff ff ff ff ff ff ff ff ff ff ff ff ff ff ff ff ff ff ff ff ff ff ff ff ff ff ff ff,missionlog_20251130_1010.txt
2025-11-30,,frame,94 a6 62 b2 9a b2 60 94 a6 62 b2 a0 a8 61 03 f0 42 11 ff 00 00 4f ff ff ff ff ff ff ff ff ff ff ff ff ff ff ff ff ff ff ff ff ff ff ff ff ff ff ff ff ff ff ff ff ff ff ff ff ff ff ff ff ff ff ff ff ff ff ff ff ff ff ff ff ff ff ff ff ff ff ff ff ff ff ff ff,missionlog_20251130_1010.txt
2025-11-30,,frame,94 a6 62 b2 9a b2 60 94 a6 62 b2 a0 a8 61 03 f0 42 11 ff 00 00 50 ff ff ff ff ff ff ff ff ff ff ff ff ff ff ff ff ff ff ff ff ff ff ff ff ff ff ff ff ff ff ff ff ff ff ff ff ff ff ff ff ff ff ff ff ff ff ff ff ff ff ff ff ff ff ff ff ff ff ff ff ff ff ff ff,missionlog_20251130_1010.txt
